user_id,movie_id,rank
0,422,1
0,293,2
0,317,3
0,404,4
0,287,5
0,285,6
0,356,7
0,654,8
0,495,9
0,275,10
0,482,11
0,567,12
0,426,13
0,545,14
0,274,15
0,299,16
0,741,17
0,434,18
0,384,19
0,526,20
1,327,1
1,747,2
1,332,3
1,244,4
1,322,5
1,267,6
1,339,7
1,321,8
1,689,9
1,325,10
1,326,11
1,331,12
1,320,13
1,677,14
1,318,15
1,270,16
1,878,17
1,750,18
1,749,19
1,330,20
2,285,1
2,312,2
2,268,3
2,747,4
2,689,5
2,300,6
2,288,7
2,309,8
2,291,9
2,749,10
2,303,11
2,878,12
2,314,13
2,681,14
2,677,15
2,269,16
2,258,17
2,750,18
2,304,19
2,886,20
3,285,1
3,312,2
3,332,3
3,268,4
3,301,5
3,747,6
3,306,7
3,244,8
3,689,9
3,288,10
3,322,11
3,325,12
3,339,13
3,321,14
3,267,15
3,331,16
3,271,17
3,309,18
3,291,19
3,303,20
4,55,1
4,194,2
4,95,3
4,201,4
4,81,5
4,27,6
4,160,7
4,21,8
4,567,9
4,70,10
4,96,11
4,264,12
4,195,13
4,131,14
4,63,15
4,654,16
4,87,17
4,237,18
4,190,19
4,317,20
5,180,1
5,287,2
5,120,3
5,171,4
5,221,5
5,299,6
5,209,7
5,312,8
5,175,9
5,95,10
5,24,11
5,233,12
5,96,13
5,117,14
5,747,15
5,195,16
5,10,17
5,143,18
5,81,19
5,178,20
6,87,1
6,94,2
6,0,3
6,208,4
6,731,5
6,221,6
6,217,7
6,82,8
6,738,9
6,57,10
6,683,11
6,691,12
6,65,13
6,238,14
6,93,15
6,116,16
6,734,17
6,1,18
6,232,19
6,704,20
7,99,1
7,285,2
7,287,3
7,0,4
7,299,5
7,120,6
7,236,7
7,116,8
7,312,9
7,97,10
7,404,11
7,747,12
7,150,13
7,256,14
7,268,15
7,14,16
7,327,17
7,24,18
7,8,19
7,275,20
8,257,1
8,287,2
8,299,3
8,99,4
8,180,5
8,312,6
8,0,7
8,268,8
8,126,9
8,236,10
8,120,11
8,747,12
8,327,13
8,301,14
8,116,15
8,288,16
8,221,17
8,267,18
8,332,19
8,8,20
9,180,1
9,171,2
9,203,3
9,209,4
9,172,5
9,78,6
9,422,7
9,317,8
9,120,9
9,95,10
9,27,11
9,88,12
9,201,13
9,221,14
9,236,15
9,96,16
9,116,17
9,195,18
9,426,19
9,150,20
10,49,1
10,180,2
10,173,3
10,0,4
10,171,5
10,209,6
10,126,7
10,6,8
10,194,9
10,95,10
10,116,11
10,201,12
10,182,13
10,233,14
10,63,15
10,88,16
10,150,17
10,185,18
10,81,19
10,152,20
11,180,1
11,99,2
11,0,3
11,55,4
11,120,5
11,6,6
11,116,7
11,221,8
11,236,9
11,257,10
11,209,11
11,172,12
11,78,13
11,293,14
11,285,15
11,287,16
11,422,17
11,150,18
11,404,19
11,175,20
12,150,1
12,256,2
12,14,3
12,244,4
12,741,5
12,124,6
12,495,7
12,258,8
12,281,9
12,297,10
12,133,11
12,249,12
12,478,13
12,202,14
12,303,15
12,282,16
12,283,17
12,590,18
12,581,19
12,627,20
13,285,1
13,257,2
13,0,3
13,293,4
13,236,5
13,116,6
13,299,7
13,78,8
13,404,9
13,317,10
13,68,11
13,256,12
13,422,13
13,215,14
13,63,15
13,182,16
13,27,17
13,233,18
13,117,19
13,88,20
14,287,1
14,293,2
14,312,3
14,244,4
14,267,5
14,99,6
14,325,7
14,339,8
14,326,9
14,271,10
14,270,11
14,331,12
14,320,13
14,303,14
14,318,15
14,314,16
14,750,17
14,258,18
14,275,19
14,116,20
15,49,1
15,180,2
15,209,3
15,120,4
15,172,5
15,175,6
15,221,7
15,116,8
15,185,9
15,81,10
15,237,11
15,404,12
15,152,13
15,96,14
15,131,15
15,195,16
15,264,17
15,184,18
15,567,19
15,257,20
16,257,1
16,287,2
16,299,3
16,49,4
16,312,5
16,327,6
16,747,7
16,180,8
16,301,9
16,288,10
16,332,11
16,120,12
16,126,13
16,267,14
16,300,15
16,321,16
16,306,17
16,256,18
16,677,19
16,270,20
17,172,1
17,175,2
17,182,3
17,95,4
17,654,5
17,227,6
17,120,7
17,143,8
17,264,9
17,6,10
17,221,11
17,160,12
17,510,13
17,10,14
17,567,15
17,384,16
17,202,17
17,116,18
17,229,19
17,432,20
18,49,1
18,285,2
18,99,3
18,180,4
18,299,5
18,0,6
18,126,7
18,236,8
18,120,9
18,6,10
18,116,11
18,268,12
18,747,13
18,221,14
18,327,15
18,301,16
18,173,17
18,55,18
18,97,19
18,404,20
19,99,1
19,257,2
19,293,3
19,126,4
19,55,5
19,285,6
19,6,7
19,236,8
19,116,9
19,221,10
19,299,11
19,78,12
19,172,13
19,167,14
19,24,15
19,256,16
19,194,17
19,95,18
19,317,19
19,8,20
20,312,1
20,332,2
20,306,3
20,116,4
20,270,5
20,301,6
20,331,7
20,878,8
20,236,9
20,681,10
20,268,11
20,180,12
20,267,13
20,750,14
20,256,15
20,689,16
20,894,17
20,404,18
20,330,19
20,596,20
21,55,1
21,97,2
21,99,3
21,0,4
21,422,5
21,68,6
21,233,7
21,21,8
21,81,9
21,6,10
21,182,11
21,27,12
21,150,13
21,63,14
21,317,15
21,96,16
21,190,17
21,195,18
21,236,19
21,70,20
22,209,1
22,167,2
22,120,3
22,126,4
22,68,5
22,317,6
22,21,7
22,63,8
22,116,9
22,185,10
22,134,11
22,236,12
22,96,13
22,11,14
22,495,15
22,196,16
22,181,17
22,264,18
22,10,19
22,179,20
23,49,1
23,180,2
23,0,3
23,120,4
23,173,5
23,221,6
23,171,7
23,404,8
23,203,9
23,209,10
23,167,11
23,14,12
23,312,13
23,256,14
23,194,15
23,95,16
23,422,17
23,21,18
23,117,19
23,110,20
24,99,1
24,55,2
24,171,3
24,209,4
24,167,5
24,68,6
24,422,7
24,116,8
24,95,9
24,317,10
24,236,11
24,215,12
24,21,13
24,201,14
24,27,15
24,233,16
24,190,17
24,63,18
24,88,19
24,404,20
25,244,1
25,288,2
25,267,3
25,300,4
25,306,5
25,325,6
25,271,7
25,339,8
25,326,9
25,689,10
25,258,11
25,274,12
25,318,13
25,331,14
25,878,15
25,357,16
25,309,17
25,269,18
25,272,19
25,242,20
26,257,1
26,293,2
26,299,3
26,312,4
26,747,5
26,327,6
26,268,7
26,180,8
26,0,9
26,236,10
26,301,11
26,332,12
26,244,13
26,322,14
26,288,15
26,116,16
26,126,17
26,267,18
26,6,19
26,300,20
27,180,1
27,0,2
27,171,3
27,120,4
27,203,5
27,209,6
27,126,7
27,167,8
27,68,9
27,236,10
27,21,11
27,215,12
27,317,13
27,201,14
27,150,15
27,404,16
27,182,17
27,63,18
27,190,19
27,81,20
28,257,1
28,287,2
28,312,3
28,327,4
28,49,5
28,99,6
28,332,7
28,288,8
28,300,9
28,322,10
28,180,11
28,306,12
28,0,13
28,236,14
28,321,15
28,339,16
28,126,17
28,271,18
28,270,19
28,689,20
29,287,1
29,299,2
29,99,3
29,747,4
29,327,5
29,0,6
29,268,7
29,236,8
29,301,9
29,120,10
29,126,11
29,332,12
29,116,13
29,244,14
29,322,15
29,267,16
29,221,17
29,321,18
29,275,19
29,306,20
30,285,1
30,257,2
30,299,3
30,287,4
30,49,5
30,293,6
30,99,7
30,268,8
30,312,9
30,180,10
30,126,11
30,0,12
30,288,13
30,747,14
30,236,15
30,332,16
30,300,17
30,6,18
30,271,19
30,120,20
31,257,1
31,285,2
31,299,3
31,0,4
31,747,5
31,327,6
31,236,7
31,120,8
31,268,9
31,126,10
31,301,11
31,322,12
31,288,13
31,332,14
31,321,15
31,300,16
31,14,17
31,677,18
31,24,19
31,271,20
32,285,1
32,747,2
32,268,3
32,301,4
32,300,5
32,288,6
32,689,7
32,325,8
32,321,9
32,339,10
32,326,11
32,267,12
32,331,13
32,271,14
32,309,15
32,303,16
32,330,17
32,314,18
32,320,19
32,749,20
33,299,1
33,257,2
33,327,3
33,332,4
33,312,5
33,301,6
33,268,7
33,306,8
33,747,9
33,300,10
33,325,11
33,339,12
33,322,13
33,326,14
33,321,15
33,330,16
33,267,17
33,271,18
33,749,19
33,303,20
34,285,1
34,287,2
34,293,3
34,312,4
34,306,5
34,301,6
34,268,7
34,322,8
34,244,9
34,300,10
34,689,11
34,288,12
34,339,13
34,267,14
34,309,15
34,330,16
34,271,17
34,291,18
34,303,19
34,681,20
35,299,1
35,285,2
35,327,3
35,689,4
35,257,5
35,312,6
35,301,7
35,325,8
35,331,9
35,300,10
35,330,11
35,293,12
35,326,13
35,322,14
35,244,15
35,339,16
35,291,17
35,321,18
35,749,19
35,878,20
36,180,1
36,99,2
36,0,3
36,97,4
36,236,5
36,293,6
36,257,7
36,203,8
36,172,9
36,150,10
36,167,11
36,68,12
36,422,13
36,285,14
36,201,15
36,215,16
36,317,17
36,233,18
36,24,19
36,14,20
37,49,1
37,173,2
37,180,3
37,55,4
37,97,5
37,171,6
37,203,7
37,209,8
37,120,9
37,172,10
37,167,11
37,95,12
37,175,13
37,99,14
37,182,15
37,227,16
37,116,17
37,221,18
37,185,19
37,6,20
38,285,1
38,327,2
38,288,3
38,244,4
38,322,5
38,689,6
38,339,7
38,325,8
38,321,9
38,267,10
38,326,11
38,331,12
38,309,13
38,303,14
38,291,15
38,320,16
38,878,17
38,330,18
38,749,19
38,677,20
39,287,1
39,312,2
39,747,3
39,306,4
39,300,5
39,288,6
39,689,7
39,322,8
39,325,9
39,326,10
39,321,11
39,331,12
39,303,13
39,291,14
39,314,15
39,330,16
39,318,17
39,677,18
39,681,19
39,750,20
40,171,1
40,120,2
40,126,3
40,203,4
40,209,5
40,6,6
40,78,7
40,221,8
40,236,9
40,116,10
40,257,11
40,175,12
40,21,13
40,293,14
40,182,15
40,150,16
40,233,17
40,63,18
40,404,19
40,287,20
41,55,1
41,99,2
41,6,3
41,126,4
41,116,5
41,21,6
41,88,7
41,185,8
41,190,9
41,237,10
41,143,11
41,152,12
41,10,13
41,181,14
41,257,15
41,196,16
41,199,17
41,3,18
41,179,19
41,7,20
42,287,1
42,194,2
42,95,3
42,21,4
42,175,5
42,233,6
42,182,7
42,88,8
42,356,9
42,124,10
42,747,11
42,134,12
42,227,13
42,474,14
42,131,15
42,281,16
42,181,17
42,193,18
42,264,19
42,272,20
43,126,1
43,209,2
43,78,3
43,116,4
43,233,5
43,27,6
43,287,7
43,185,8
43,11,9
43,285,10
43,69,11
43,264,12
43,181,13
43,567,14
43,110,15
43,545,16
43,482,17
43,179,18
43,275,19
43,7,20
44,257,1
44,293,2
44,285,3
44,299,4
44,747,5
44,312,6
44,116,7
44,327,8
44,221,9
44,322,10
44,404,11
44,268,12
44,244,13
44,288,14
44,332,15
44,301,16
44,8,17
44,267,18
44,321,19
44,677,20
45,257,1
45,268,2
45,301,3
45,300,4
45,288,5
45,322,6
45,339,7
45,325,8
45,267,9
45,321,10
45,271,11
45,309,12
45,314,13
45,303,14
45,302,15
45,318,16
45,320,17
45,291,18
45,749,19
45,878,20
46,299,1
46,327,2
46,312,3
46,293,4
46,332,5
46,747,6
46,689,7
46,244,8
46,325,9
46,271,10
46,331,11
46,309,12
46,314,13
46,318,14
46,749,15
46,330,16
46,878,17
46,270,18
46,677,19
46,346,20
47,99,1
47,257,2
47,0,3
47,126,4
47,287,5
47,120,6
47,236,7
47,6,8
47,221,9
47,116,10
47,299,11
47,203,12
47,172,13
47,78,14
47,167,15
47,317,16
47,312,17
47,68,18
47,150,19
47,404,20
48,126,1
48,236,2
48,221,3
48,209,4
48,287,5
48,78,6
48,285,7
48,404,8
48,68,9
48,194,10
48,175,11
48,317,12
48,21,13
48,215,14
48,233,15
48,182,16
48,27,17
48,63,18
48,190,19
48,14,20
49,257,1
49,299,2
49,293,3
49,312,4
49,327,5
49,747,6
49,268,7
49,301,8
49,332,9
49,49,10
49,288,11
49,244,12
49,322,13
49,300,14
49,306,15
49,321,16
49,236,17
49,339,18
49,325,19
49,0,20
50,173,1
50,99,2
50,55,3
50,97,4
50,0,5
50,203,6
50,120,7
50,167,8
50,78,9
50,126,10
50,68,11
50,422,12
50,194,13
50,6,14
50,175,15
50,95,16
50,221,17
50,215,18
50,317,19
50,116,20
51,285,1
51,49,2
51,293,3
51,299,4
51,180,5
51,0,6
51,312,7
51,126,8
51,268,9
51,327,10
51,221,11
51,288,12
51,244,13
51,275,14
51,267,15
51,322,16
51,8,17
51,300,18
51,321,19
51,55,20
52,293,1
52,287,2
52,285,3
52,0,4
52,299,5
52,236,6
52,116,7
52,126,8
52,221,9
52,55,10
52,404,11
52,312,12
52,97,13
52,275,14
52,8,15
52,327,16
52,171,17
52,110,18
52,268,19
52,741,20
53,285,1
53,293,2
53,299,3
53,268,4
53,322,5
53,288,6
53,300,7
53,321,8
53,677,9
53,270,10
53,221,11
53,325,12
53,8,13
53,14,14
53,689,15
53,750,16
53,320,17
53,258,18
53,110,19
53,331,20
54,257,1
54,99,2
54,293,3
54,287,4
54,285,5
54,0,6
54,299,7
54,236,8
54,126,9
54,221,10
54,312,11
54,747,12
54,97,13
54,150,14
54,327,15
54,14,16
54,24,17
54,275,18
54,8,19
54,268,20
55,99,1
55,126,2
55,317,3
55,134,4
55,131,5
55,11,6
55,356,7
55,495,8
55,181,9
55,184,10
55,3,11
55,7,12
55,179,13
55,426,14
55,14,15
55,210,16
55,196,17
55,207,18
55,565,19
55,256,20
56,285,1
56,299,2
56,312,3
56,327,4
56,126,5
56,268,6
56,288,7
56,332,8
56,301,9
56,275,10
56,117,11
56,8,12
56,24,13
56,267,14
56,321,15
56,741,16
56,300,17
56,306,18
56,173,19
56,507,20
57,285,1
57,257,2
57,293,3
57,287,4
57,116,5
57,78,6
57,275,7
57,422,8
57,21,9
57,14,10
57,95,11
57,356,12
57,182,13
57,27,14
57,201,15
57,233,16
57,301,17
57,196,18
57,185,19
57,131,20
58,221,1
58,116,2
58,152,3
58,143,4
58,87,5
58,7,6
58,293,7
58,153,8
58,256,9
58,545,10
58,274,11
58,65,12
58,474,13
58,30,14
58,238,15
58,155,16
58,163,17
58,230,18
58,281,19
58,212,20
59,190,1
59,317,2
59,99,3
59,201,4
59,237,5
59,21,6
59,195,7
59,654,8
59,181,9
59,0,10
59,126,11
59,526,12
59,567,13
59,186,14
59,10,15
59,3,16
59,82,17
59,153,18
59,431,19
59,202,20
60,285,1
60,287,2
60,312,3
60,301,4
60,306,5
60,244,6
60,288,7
60,325,8
60,339,9
60,321,10
60,331,11
60,267,12
60,271,13
60,291,14
60,878,15
60,314,16
60,320,17
60,749,18
60,681,19
60,318,20
61,78,1
61,201,2
61,233,3
61,185,4
61,24,5
61,193,6
61,10,7
61,184,8
61,495,9
61,196,10
61,264,11
61,142,12
61,426,13
61,160,14
61,299,15
61,87,16
61,434,17
61,94,18
61,210,19
61,186,20
62,312,1
62,244,2
62,306,3
62,126,4
62,339,5
62,325,6
62,116,7
62,271,8
62,270,9
62,326,10
62,689,11
62,6,12
62,8,13
62,318,14
62,750,15
62,303,16
62,331,17
62,314,18
62,878,19
62,309,20
63,203,1
63,116,2
63,293,3
63,285,4
63,356,5
63,24,6
63,14,7
63,482,8
63,256,9
63,117,10
63,426,11
63,179,12
63,275,13
63,87,14
63,199,15
63,207,16
63,741,17
63,473,18
63,133,19
63,392,20
64,180,1
64,173,2
64,171,3
64,126,4
64,203,5
64,78,6
64,221,7
64,116,8
64,194,9
64,95,10
64,175,11
64,285,12
64,150,13
64,21,14
64,404,15
64,182,16
64,287,17
64,233,18
64,88,19
64,11,20
65,99,1
65,312,2
65,747,3
65,327,4
65,268,5
65,301,6
65,244,7
65,288,8
65,322,9
65,332,10
65,267,11
65,300,12
65,221,13
65,321,14
65,275,15
65,306,16
65,677,17
65,270,18
65,24,19
65,271,20
66,49,1
66,293,2
66,257,3
66,287,4
66,99,5
66,180,6
66,285,7
66,299,8
66,236,9
66,747,10
66,126,11
66,312,12
66,221,13
66,327,14
66,256,15
66,14,16
66,117,17
66,322,18
66,244,19
66,741,20
67,293,1
67,299,2
67,99,3
67,0,4
67,312,5
67,747,6
67,327,7
67,268,8
67,221,9
67,301,10
67,322,11
67,288,12
67,256,13
67,332,14
67,14,15
67,267,16
67,150,17
67,321,18
67,300,19
67,677,20
68,285,1
68,312,2
68,327,3
68,268,4
68,0,5
68,322,6
68,126,7
68,300,8
68,120,9
68,321,10
68,339,11
68,275,12
68,271,13
68,270,14
68,677,15
68,256,16
68,325,17
68,326,18
68,689,19
68,14,20
69,99,1
69,55,2
69,97,3
69,126,4
69,6,5
69,194,6
69,116,7
69,21,8
69,236,9
69,215,10
69,233,11
69,317,12
69,63,13
69,237,14
69,143,15
69,96,16
69,152,17
69,11,18
69,293,19
69,356,20
70,257,1
70,293,2
70,287,3
70,0,4
70,126,5
70,120,6
70,236,7
70,299,8
70,6,9
70,116,10
70,312,11
70,171,12
70,404,13
70,268,14
70,203,15
70,8,16
70,78,17
70,14,18
70,172,19
70,24,20
71,167,1
71,172,2
71,215,3
71,182,4
71,21,5
71,201,6
71,185,7
71,237,8
71,150,9
71,152,10
71,131,11
71,143,12
71,495,13
71,184,14
71,482,15
71,142,16
71,10,17
71,257,18
71,178,19
71,210,20
72,49,1
72,180,2
72,257,3
72,173,4
72,293,5
72,97,6
72,120,7
72,236,8
72,116,9
72,221,10
72,171,11
72,203,12
72,299,13
72,78,14
72,209,15
72,167,16
72,150,17
72,404,18
72,68,19
72,312,20
73,285,1
73,268,2
73,747,3
73,288,4
73,322,5
73,321,6
73,49,7
73,326,8
73,677,9
73,270,10
73,331,11
73,320,12
73,309,13
73,303,14
73,318,15
73,878,16
73,750,17
73,0,18
73,180,19
73,258,20
74,257,1
74,287,2
74,285,3
74,299,4
74,49,5
74,747,6
74,180,7
74,312,8
74,327,9
74,6,10
74,244,11
74,126,12
74,268,13
74,332,14
74,301,15
74,256,16
74,267,17
74,275,18
74,14,19
74,8,20
75,49,1
75,180,2
75,293,3
75,126,4
75,299,5
75,0,6
75,268,7
75,312,8
75,173,9
75,236,10
75,301,11
75,274,12
75,8,13
75,221,14
75,116,15
75,267,16
75,288,17
75,327,18
75,203,19
75,474,20
76,203,1
76,6,2
76,78,3
76,116,4
76,236,5
76,257,6
76,422,7
76,317,8
76,293,9
76,215,10
76,150,11
76,21,12
76,285,13
76,201,14
76,287,15
76,233,16
76,63,17
76,11,18
76,134,19
76,185,20
77,285,1
77,257,2
77,299,3
77,312,4
77,327,5
77,747,6
77,49,7
77,332,8
77,301,9
77,99,10
77,244,11
77,306,12
77,267,13
77,321,14
77,0,15
77,180,16
77,677,17
77,325,18
77,120,19
77,339,20
78,299,1
78,293,2
78,327,3
78,301,4
78,747,5
78,288,6
78,244,7
78,306,8
78,322,9
78,321,10
78,271,11
78,326,12
78,325,13
78,320,14
78,309,15
78,270,16
78,314,17
78,331,18
78,303,19
78,677,20
79,180,1
79,285,2
79,257,3
79,0,4
79,173,5
79,126,6
79,293,7
79,287,8
79,55,9
79,97,10
79,120,11
79,6,12
79,116,13
79,221,14
79,171,15
79,299,16
79,203,17
79,172,18
79,209,19
79,312,20
80,49,1
80,257,2
80,293,3
80,285,4
80,180,5
80,299,6
80,116,7
80,126,8
80,312,9
80,747,10
80,327,11
80,256,12
80,14,13
80,55,14
80,8,15
80,173,16
80,244,17
80,322,18
80,301,19
80,332,20
81,257,1
81,116,2
81,97,3
81,299,4
81,171,5
81,203,6
81,209,7
81,172,8
81,256,9
81,312,10
81,194,11
81,95,12
81,422,13
81,175,14
81,747,15
81,741,16
81,11,17
81,233,18
81,268,19
81,88,20
82,99,1
82,6,2
82,97,3
82,221,4
82,236,5
82,257,6
82,287,7
82,171,8
82,172,9
82,167,10
82,95,11
82,285,12
82,194,13
82,256,14
82,175,15
82,201,16
82,741,17
82,317,18
82,182,19
82,88,20
83,49,1
83,180,2
83,287,3
83,126,4
83,312,5
83,173,6
83,55,7
83,256,8
83,327,9
83,268,10
83,8,11
83,117,12
83,171,13
83,301,14
83,267,15
83,322,16
83,274,17
83,124,18
83,203,19
83,474,20
84,0,1
84,175,2
84,95,3
84,182,4
84,6,5
84,21,6
84,201,7
84,11,8
84,116,9
84,184,10
84,150,11
84,143,12
84,602,13
84,10,14
84,293,15
84,264,16
84,287,17
84,87,18
84,199,19
84,14,20
85,332,1
85,306,2
85,301,3
85,312,4
85,689,5
85,300,6
85,339,7
85,293,8
85,747,9
85,331,10
85,309,11
85,244,12
85,330,13
85,322,14
85,291,15
85,749,16
85,681,17
85,302,18
85,321,19
85,271,20
86,97,1
86,167,2
86,172,3
86,68,4
86,175,5
86,233,6
86,0,7
86,27,8
86,264,9
86,190,10
86,70,11
86,142,12
86,654,13
86,116,14
86,94,15
86,150,16
86,356,17
86,10,18
86,11,19
86,184,20
87,327,1
87,332,2
87,306,3
87,257,4
87,268,5
87,287,6
87,331,7
87,339,8
87,326,9
87,309,10
87,747,11
87,330,12
87,291,13
87,293,14
87,244,15
87,288,16
87,322,17
87,681,18
87,302,19
87,321,20
88,285,1
88,257,2
88,293,3
88,287,4
88,299,5
88,312,6
88,173,7
88,55,8
88,97,9
88,747,10
88,8,11
88,275,12
88,171,13
88,327,14
88,301,15
88,203,16
88,78,17
88,288,18
88,209,19
88,117,20
89,49,1
89,180,2
89,0,3
89,171,4
89,203,5
89,167,6
89,287,7
89,172,8
89,6,9
89,293,10
89,209,11
89,194,12
89,120,13
89,237,14
89,182,15
89,175,16
89,221,17
89,27,18
89,581,19
89,185,20
90,99,1
90,0,2
90,285,3
90,257,4
90,120,5
90,287,6
90,6,7
90,236,8
90,221,9
90,116,10
90,172,11
90,167,12
90,150,13
90,215,14
90,95,15
90,404,16
90,190,17
90,201,18
90,11,19
90,88,20
91,126,1
91,150,2
91,96,3
91,356,4
91,69,5
91,193,6
91,495,7
91,184,8
91,285,9
91,587,10
91,426,11
91,196,12
91,482,13
91,210,14
91,434,15
91,186,16
91,418,17
91,98,18
91,187,19
91,549,20
92,257,1
92,49,2
92,293,3
92,285,4
92,287,5
92,99,6
92,299,7
92,180,8
92,236,9
92,312,10
92,747,11
92,116,12
92,126,13
92,6,14
92,327,15
92,268,16
92,404,17
92,256,18
92,244,19
92,322,20
93,116,1
93,236,2
93,94,3
93,196,4
93,426,5
93,14,6
93,238,7
93,230,8
93,479,9
93,659,10
93,478,11
93,72,12
93,513,13
93,198,14
93,510,15
93,522,16
93,293,17
93,1,18
93,581,19
93,497,20
94,55,1
94,99,2
94,317,3
94,221,4
94,11,5
94,229,6
94,10,7
94,426,8
94,3,9
94,434,10
94,731,11
94,153,12
94,186,13
94,217,14
94,366,15
94,683,16
94,602,17
94,65,18
94,22,19
94,230,20
95,171,1
95,203,2
95,209,3
95,167,4
95,68,5
95,120,6
95,201,7
95,190,8
95,27,9
95,21,10
95,185,11
95,134,12
95,356,13
95,221,14
95,81,15
95,96,16
95,131,17
95,11,18
95,495,19
95,227,20
96,180,1
96,55,2
96,209,3
96,120,4
96,126,5
96,175,6
96,215,7
96,317,8
96,21,9
96,233,10
96,63,11
96,237,12
96,116,13
96,236,14
96,11,15
96,150,16
96,195,17
96,143,18
96,69,19
96,184,20
97,49,1
97,99,2
97,180,3
97,173,4
97,55,5
97,97,6
97,0,7
97,126,8
97,171,9
97,120,10
97,203,11
97,285,12
97,257,13
97,6,14
97,236,15
97,78,16
97,221,17
97,293,18
97,116,19
97,317,20
98,285,1
98,268,2
98,126,3
98,322,4
98,301,5
98,288,6
98,332,7
98,221,8
98,256,9
98,300,10
98,14,11
98,8,12
98,270,13
98,306,14
98,150,15
98,271,16
98,339,17
98,326,18
98,258,19
98,297,20
99,306,1
99,331,2
99,330,3
99,300,4
99,681,5
99,326,6
99,747,7
99,244,8
99,303,9
99,321,10
99,302,11
99,304,12
99,338,13
99,881,14
99,936,15
99,311,16
99,318,17
99,310,18
99,298,19
99,872,20
100,293,1
100,257,2
100,285,3
100,299,4
100,99,5
100,747,6
100,312,7
100,327,8
100,322,9
100,126,10
100,244,11
100,268,12
100,332,13
100,288,14
100,301,15
100,14,16
100,677,17
100,275,18
100,321,19
100,267,20
101,99,1
101,236,2
101,68,3
101,422,4
101,150,5
101,21,6
101,215,7
101,317,8
101,27,9
101,63,10
101,190,11
101,24,12
101,11,13
101,14,14
101,237,15
101,96,16
101,256,17
101,134,18
101,356,19
101,195,20
102,257,1
102,99,2
102,285,3
102,287,4
102,0,5
102,236,6
102,6,7
102,312,8
102,747,9
102,173,10
102,327,11
102,268,12
102,150,13
102,14,14
102,275,15
102,8,16
102,24,17
102,301,18
102,171,19
102,288,20
103,322,1
103,321,2
103,325,3
103,0,4
103,689,5
103,320,6
103,303,7
103,314,8
103,318,9
103,878,10
103,258,11
103,291,12
103,357,13
103,302,14
103,274,15
103,242,16
103,681,17
103,342,18
103,241,19
103,741,20
104,299,1
104,293,2
104,327,3
104,288,4
104,244,5
104,322,6
104,300,7
104,321,8
104,325,9
104,331,10
104,677,11
104,309,12
104,314,13
104,320,14
104,303,15
104,318,16
104,878,17
104,99,18
104,49,19
104,291,20
105,49,1
105,180,2
105,173,3
105,55,4
105,97,5
105,126,6
105,120,7
105,171,8
105,203,9
105,6,10
105,172,11
105,78,12
105,236,13
105,167,14
105,221,15
105,116,16
105,257,17
105,422,18
105,194,19
105,175,20
106,327,1
106,293,2
106,747,3
106,306,4
106,300,5
106,288,6
106,689,7
106,244,8
106,325,9
106,331,10
106,271,11
106,309,12
106,291,13
106,303,14
106,314,15
106,330,16
106,878,17
106,749,18
106,318,19
106,302,20
107,285,1
107,257,2
107,287,3
107,299,4
107,312,5
107,327,6
107,268,7
107,301,8
107,116,9
107,288,10
107,244,11
107,332,12
107,322,13
107,267,14
107,275,15
107,300,16
107,256,17
107,8,18
107,321,19
107,14,20
108,152,1
108,134,2
108,131,3
108,285,4
108,142,5
108,181,6
108,193,7
108,495,8
108,184,9
108,275,10
108,234,11
108,426,12
108,196,13
108,482,14
108,186,15
108,272,16
108,434,17
108,207,18
108,299,19
108,470,20
109,49,1
109,180,2
109,173,3
109,97,4
109,171,5
109,120,6
109,0,7
109,209,8
109,99,9
109,167,10
109,175,11
109,116,12
109,221,13
109,6,14
109,233,15
109,404,16
109,182,17
109,215,18
109,227,19
109,150,20
110,299,1
110,287,2
110,293,3
110,747,4
110,689,5
110,288,6
110,244,7
110,322,8
110,326,9
110,267,10
110,321,11
110,309,12
110,331,13
110,291,14
110,749,15
110,318,16
110,330,17
110,878,18
110,346,19
110,270,20
111,287,1
111,325,2
111,339,3
111,267,4
111,291,5
111,303,6
111,681,7
111,318,8
111,270,9
111,269,10
111,304,11
111,258,12
111,241,13
111,343,14
111,310,15
111,894,16
111,323,17
111,357,18
111,298,19
111,879,20
112,312,1
112,747,2
112,268,3
112,301,4
112,306,5
112,300,6
112,689,7
112,339,8
112,271,9
112,331,10
112,270,11
112,303,12
112,309,13
112,878,14
112,314,15
112,330,16
112,750,17
112,258,18
112,749,19
112,269,20
113,49,1
113,173,2
113,180,3
113,172,4
113,0,5
113,78,6
113,422,7
113,68,8
113,126,9
113,215,10
113,120,11
113,27,12
113,201,13
113,21,14
113,233,15
113,63,16
113,6,17
113,237,18
113,221,19
113,193,20
114,0,1
114,257,2
114,285,3
114,293,4
114,287,5
114,221,6
114,203,7
114,299,8
114,404,9
114,209,10
114,172,11
114,150,12
114,167,13
114,317,14
114,194,15
114,14,16
114,24,17
114,422,18
114,256,19
114,215,20
115,244,1
115,326,2
115,320,3
115,318,4
115,99,5
115,236,6
115,681,7
115,241,8
115,304,9
115,0,10
115,275,11
115,311,12
115,8,13
115,315,14
115,242,15
115,116,16
115,120,17
115,688,18
115,474,19
115,872,20
116,293,1
116,99,2
116,285,3
116,299,4
116,126,5
116,327,6
116,268,7
116,275,8
116,117,9
116,8,10
116,110,11
116,322,12
116,244,13
116,288,14
116,301,15
116,124,16
116,332,17
116,321,18
116,274,19
116,78,20
117,49,1
117,180,2
117,0,3
117,203,4
117,120,5
117,172,6
117,167,7
117,126,8
117,422,9
117,68,10
117,194,11
117,95,12
117,221,13
117,116,14
117,215,15
117,317,16
117,201,17
117,182,18
117,236,19
117,27,20
118,0,1
118,747,2
118,126,3
118,301,4
118,288,5
118,332,6
118,14,7
118,677,8
118,306,9
118,150,10
118,117,11
118,325,12
118,507,13
118,97,14
118,326,15
118,320,16
118,272,17
118,689,18
118,318,19
118,303,20
119,293,1
119,287,2
119,299,3
119,99,4
119,180,5
119,312,6
119,747,7
119,327,8
119,268,9
119,6,10
119,301,11
119,288,12
119,322,13
119,332,14
119,221,15
119,267,16
119,275,17
119,321,18
119,300,19
119,677,20
120,285,1
120,257,2
120,287,3
120,6,4
120,268,5
120,221,6
120,747,7
120,55,8
120,327,9
120,301,10
120,288,11
120,14,12
120,150,13
120,267,14
120,244,15
120,110,16
120,332,17
120,474,18
120,322,19
120,300,20
121,173,1
121,97,2
121,49,3
121,55,4
121,203,5
121,171,6
121,167,7
121,180,8
121,209,9
121,172,10
121,78,11
121,194,12
121,175,13
121,99,14
121,215,15
121,182,16
121,95,17
121,317,18
121,185,19
121,201,20
122,180,1
122,257,2
122,0,3
122,173,4
122,55,5
122,120,6
122,236,7
122,6,8
122,116,9
122,221,10
122,299,11
122,171,12
122,203,13
122,172,14
122,317,15
122,78,16
122,312,17
122,209,18
122,167,19
122,150,20
123,180,1
123,99,2
123,55,3
123,203,4
123,120,5
123,209,6
123,126,7
123,68,8
123,422,9
123,221,10
123,175,11
123,236,12
123,317,13
123,215,14
123,21,15
123,201,16
123,182,17
123,233,18
123,150,19
123,190,20
124,99,1
124,422,2
124,120,3
124,95,4
124,233,5
124,182,6
124,88,7
124,6,8
124,227,9
124,126,10
124,160,11
124,195,12
124,150,13
124,134,14
124,131,15
124,264,16
124,404,17
124,654,18
124,70,19
124,11,20
125,268,1
125,306,2
125,747,3
125,300,4
125,267,5
125,330,6
125,291,7
125,303,8
125,749,9
125,878,10
125,320,11
125,270,12
125,346,13
125,269,14
125,258,15
125,886,16
125,304,17
125,241,18
125,311,19
125,305,20
126,99,1
126,180,2
126,312,3
126,0,4
126,327,5
126,236,6
126,120,7
126,268,8
126,126,9
126,116,10
126,301,11
126,6,12
126,288,13
126,244,14
126,322,15
126,332,16
126,256,17
126,404,18
126,300,19
126,321,20
127,99,1
127,126,2
127,194,3
127,6,4
127,175,5
127,95,6
127,317,7
127,21,8
127,182,9
127,233,10
127,88,11
127,134,12
127,356,13
127,152,14
127,11,15
127,143,16
127,193,17
127,184,18
127,10,19
127,285,20
128,327,1
128,332,2
128,293,3
128,689,4
128,300,5
128,288,6
128,339,7
128,325,8
128,331,9
128,321,10
128,291,11
128,749,12
128,314,13
128,318,14
128,320,15
128,878,16
128,681,17
128,346,18
128,345,19
128,270,20
129,126,1
129,150,2
129,14,3
129,24,4
129,322,5
129,8,6
129,272,7
129,301,8
129,317,9
129,590,10
129,273,11
129,274,12
129,627,13
129,475,14
129,258,15
129,300,16
129,844,17
129,264,18
129,96,19
129,190,20
130,299,1
130,257,2
130,287,3
130,293,4
130,327,5
130,747,6
130,332,7
130,288,8
130,300,9
130,267,10
130,244,11
130,306,12
130,322,13
130,339,14
130,49,15
130,321,16
130,689,17
130,271,18
130,326,19
130,325,20
131,180,1
131,257,2
131,0,3
131,173,4
131,293,5
131,287,6
131,120,7
131,97,8
131,236,9
131,6,10
131,116,11
131,221,12
131,299,13
131,171,14
131,203,15
131,172,16
131,78,17
131,312,18
131,317,19
131,209,20
132,287,1
132,332,2
132,301,3
132,747,4
132,306,5
132,300,6
132,288,7
132,322,8
132,689,9
132,325,10
132,339,11
132,267,12
132,326,13
132,331,14
132,309,15
132,320,16
132,677,17
132,878,18
132,291,19
132,318,20
133,287,1
133,332,2
133,244,3
133,288,4
133,306,5
133,321,6
133,267,7
133,689,8
133,339,9
133,326,10
133,271,11
133,331,12
133,270,13
133,49,14
133,99,15
133,309,16
133,320,17
133,303,18
133,318,19
133,291,20
134,49,1
134,180,2
134,99,3
134,173,4
134,0,5
134,120,6
134,171,7
134,203,8
134,209,9
134,126,10
134,6,11
134,167,12
134,221,13
134,116,14
134,68,15
134,422,16
134,194,17
134,95,18
134,236,19
134,21,20
135,49,1
135,287,2
135,293,3
135,299,4
135,180,5
135,0,6
135,747,7
135,327,8
135,120,9
135,301,10
135,6,11
135,288,12
135,267,13
135,221,14
135,332,15
135,244,16
135,322,17
135,300,18
135,404,19
135,321,20
136,257,1
136,285,2
136,293,3
136,287,4
136,99,5
136,312,6
136,327,7
136,268,8
136,126,9
136,6,10
136,301,11
136,244,12
136,322,13
136,332,14
136,267,15
136,275,16
136,300,17
136,321,18
136,8,19
136,677,20
137,49,1
137,180,2
137,173,3
137,126,4
137,171,5
137,203,6
137,6,7
137,172,8
137,209,9
137,167,10
137,285,11
137,78,12
137,257,13
137,236,14
137,68,15
137,422,16
137,194,17
137,215,18
137,175,19
137,293,20
138,299,1
138,257,2
138,293,3
138,327,4
138,312,5
138,268,6
138,332,7
138,747,8
138,300,9
138,288,10
138,244,11
138,322,12
138,689,13
138,339,14
138,321,15
138,325,16
138,326,17
138,271,18
138,331,19
138,309,20
139,299,1
139,327,2
139,312,3
139,268,4
139,332,5
139,747,6
139,306,7
139,322,8
139,689,9
139,325,10
139,339,11
139,326,12
139,271,13
139,309,14
139,677,15
139,314,16
139,878,17
139,291,18
139,270,19
139,330,20
140,268,1
140,301,2
140,288,3
140,306,4
140,300,5
140,267,6
140,325,7
140,270,8
140,339,9
140,326,10
140,271,11
140,689,12
140,331,13
140,320,14
140,750,15
140,878,16
140,303,17
140,8,18
140,314,19
140,357,20
141,285,1
141,257,2
141,49,3
141,299,4
141,99,5
141,312,6
141,0,7
141,268,8
141,747,9
141,236,10
141,327,11
141,126,12
141,120,13
141,301,14
141,116,15
141,288,16
141,221,17
141,244,18
141,322,19
141,275,20
142,299,1
142,268,2
142,747,3
142,301,4
142,244,5
142,300,6
142,288,7
142,339,8
142,267,9
142,326,10
142,331,11
142,309,12
142,677,13
142,303,14
142,878,15
142,320,16
142,291,17
142,318,18
142,749,19
142,302,20
143,120,1
143,221,2
143,268,3
143,747,4
143,150,5
143,24,6
143,274,7
143,288,8
143,267,9
143,110,10
143,78,11
143,209,12
143,117,13
143,167,14
143,244,15
143,322,16
143,300,17
143,545,18
143,321,19
143,271,20
144,287,1
144,747,2
144,322,3
144,244,4
144,126,5
144,288,6
144,321,7
144,150,8
144,124,9
144,306,10
144,325,11
144,507,12
144,474,13
144,271,14
144,146,15
144,242,16
144,254,17
144,331,18
144,339,19
144,320,20
145,287,1
145,332,2
145,747,3
145,689,4
145,288,5
145,322,6
145,325,7
145,331,8
145,321,9
145,309,10
145,267,11
145,291,12
145,303,13
145,749,14
145,878,15
145,302,16
145,320,17
145,681,18
145,677,19
145,269,20
146,299,1
146,287,2
146,327,3
146,293,4
146,332,5
146,306,6
146,747,7
146,288,8
146,244,9
146,322,10
146,325,11
146,326,12
146,267,13
146,321,14
146,271,15
146,331,16
146,309,17
146,302,18
146,314,19
146,320,20
147,99,1
147,209,2
147,120,3
147,78,4
147,422,5
147,194,6
147,175,7
147,95,8
147,215,9
147,317,10
147,21,11
147,201,12
147,116,13
147,182,14
147,27,15
147,236,16
147,63,17
147,185,18
147,81,19
147,152,20
148,287,1
148,293,2
148,306,3
148,747,4
148,689,5
148,288,6
148,321,7
148,331,8
148,291,9
148,303,10
148,749,11
148,330,12
148,314,13
148,878,14
148,681,15
148,270,16
148,346,17
148,269,18
148,241,19
148,750,20
149,285,1
149,257,2
149,293,3
149,299,4
149,312,5
149,327,6
149,747,7
149,268,8
149,301,9
149,236,10
149,288,11
149,332,12
149,244,13
149,322,14
149,116,15
149,6,16
149,300,17
149,321,18
149,306,19
149,221,20
150,95,1
150,126,2
150,21,3
150,181,4
150,178,5
150,143,6
150,179,7
150,116,8
150,236,9
150,7,10
150,526,11
150,10,12
150,186,13
150,160,14
150,567,15
150,70,16
150,478,17
150,22,18
150,94,19
150,510,20
151,49,1
151,180,2
151,99,3
151,173,4
151,0,5
151,55,6
151,171,7
151,6,8
151,126,9
151,221,10
151,209,11
151,78,12
151,167,13
151,404,14
151,194,15
151,95,16
151,175,17
151,257,18
151,201,19
151,215,20
152,99,1
152,285,2
152,287,3
152,0,4
152,120,5
152,299,6
152,236,7
152,6,8
152,116,9
152,221,10
152,97,11
152,312,12
152,404,13
152,150,14
152,747,15
152,256,16
152,14,17
152,8,18
152,275,19
152,203,20
153,99,1
153,180,2
153,0,3
153,126,4
153,55,5
153,97,6
153,293,7
153,120,8
153,236,9
153,6,10
153,116,11
153,203,12
153,299,13
153,172,14
153,78,15
153,209,16
153,167,17
153,317,18
153,68,19
153,150,20
154,257,1
154,312,2
154,332,3
154,268,4
154,301,5
154,306,6
154,300,7
154,288,8
154,689,9
154,339,10
154,267,11
154,271,12
154,309,13
154,303,14
154,677,15
154,878,16
154,314,17
154,270,18
154,749,19
154,302,20
155,49,1
155,180,2
155,173,3
155,55,4
155,97,5
155,0,6
155,171,7
155,126,8
155,203,9
155,120,10
155,209,11
155,172,12
155,167,13
155,78,14
155,6,15
155,68,16
155,221,17
155,236,18
155,422,19
155,257,20
156,287,1
156,293,2
156,299,3
156,327,4
156,180,5
156,236,6
156,301,7
156,332,8
156,244,9
156,322,10
156,120,11
156,300,12
156,321,13
156,6,14
156,306,15
156,677,16
156,256,17
156,270,18
156,221,19
156,8,20
157,97,1
157,236,2
157,68,3
157,257,4
157,422,5
157,404,6
157,150,7
157,317,8
157,287,9
157,233,10
157,27,11
157,63,12
157,190,13
157,24,14
157,11,15
157,14,16
157,134,17
157,356,18
157,152,19
157,96,20
158,299,1
158,312,2
158,49,3
158,268,4
158,99,5
158,301,6
158,306,7
158,0,8
158,180,9
158,267,10
158,270,11
158,256,12
158,326,13
158,689,14
158,331,15
158,339,16
158,878,17
158,750,18
158,221,19
158,303,20
159,180,1
159,257,2
159,285,3
159,293,4
159,120,5
159,299,6
159,97,7
159,221,8
159,171,9
159,312,10
159,203,11
159,256,12
159,24,13
159,172,14
159,209,15
159,268,16
159,317,17
159,68,18
159,747,19
159,110,20
160,0,1
160,257,2
160,293,3
160,120,4
160,287,5
160,236,6
160,6,7
160,116,8
160,221,9
160,171,10
160,299,11
160,172,12
160,78,13
160,150,14
160,404,15
160,194,16
160,422,17
160,312,18
160,95,19
160,215,20
161,99,1
161,257,2
161,287,3
161,285,4
161,126,5
161,299,6
161,55,7
161,404,8
161,97,9
161,312,10
161,256,11
161,747,12
161,171,13
161,14,14
161,117,15
161,275,16
161,8,17
161,110,18
161,203,19
161,209,20
162,49,1
162,293,2
162,99,3
162,180,4
162,312,5
162,0,6
162,236,7
162,126,8
162,747,9
162,327,10
162,120,11
162,301,12
162,6,13
162,116,14
162,288,15
162,221,16
162,267,17
162,332,18
162,244,19
162,275,20
163,285,1
163,287,2
163,293,3
163,49,4
163,268,5
163,301,6
163,288,7
163,0,8
163,300,9
163,267,10
163,270,11
163,126,12
163,6,13
163,271,14
163,339,15
163,326,16
163,256,17
163,331,18
163,258,19
163,320,20
164,49,1
164,285,2
164,99,3
164,293,4
164,299,5
164,0,6
164,120,7
164,236,8
164,6,9
164,312,10
164,116,11
164,55,12
164,747,13
164,268,14
164,97,15
164,404,16
164,256,17
164,150,18
164,275,19
164,8,20
165,332,1
165,268,2
165,301,3
165,306,4
165,244,5
165,288,6
165,300,7
165,689,8
165,325,9
165,267,10
165,339,11
165,326,12
165,331,13
165,271,14
165,677,15
165,309,16
165,303,17
165,878,18
165,270,19
165,320,20
166,173,1
166,97,2
166,422,3
166,167,4
166,171,5
166,55,6
166,185,7
166,209,8
166,194,9
166,172,10
166,175,11
166,134,12
166,182,13
166,27,14
166,190,15
166,88,16
166,201,17
166,68,18
166,495,19
166,152,20
167,285,1
167,49,2
167,327,3
167,236,4
167,268,5
167,244,6
167,332,7
167,288,8
167,301,9
167,126,10
167,267,11
167,321,12
167,300,13
167,306,14
167,270,15
167,325,16
167,110,17
167,271,18
167,339,19
167,750,20
168,285,1
168,99,2
168,287,3
168,293,4
168,0,5
168,120,6
168,236,7
168,312,8
168,6,9
168,55,10
168,97,11
168,116,12
168,221,13
168,268,14
168,301,15
168,747,16
168,8,17
168,275,18
168,404,19
168,150,20
169,285,1
169,312,2
169,747,3
169,268,4
169,301,5
169,306,6
169,300,7
169,288,8
169,689,9
169,326,10
169,339,11
169,331,12
169,267,13
169,271,14
169,309,15
169,878,16
169,330,17
169,314,18
169,320,19
169,681,20
170,299,1
170,293,2
170,327,3
170,332,4
170,747,5
170,306,6
170,300,7
170,288,8
170,322,9
170,321,10
170,331,11
170,318,12
170,320,13
170,749,14
170,330,15
170,878,16
170,270,17
170,677,18
170,346,19
170,750,20
171,49,1
171,173,2
171,97,3
171,55,4
171,180,5
171,99,6
171,203,7
171,171,8
171,167,9
171,209,10
171,172,11
171,422,12
171,78,13
171,68,14
171,317,15
171,194,16
171,215,17
171,175,18
171,190,19
171,134,20
172,287,1
172,312,2
172,332,3
172,747,4
172,306,5
172,339,6
172,309,7
172,271,8
172,303,9
172,314,10
172,749,11
172,681,12
172,270,13
172,346,14
172,269,15
172,750,16
172,345,17
172,886,18
172,311,19
172,357,20
173,180,1
173,120,2
173,173,3
173,293,4
173,6,5
173,221,6
173,126,7
173,257,8
173,171,9
173,404,10
173,78,11
173,172,12
173,95,13
173,194,14
173,24,15
173,256,16
173,21,17
173,175,18
173,233,19
173,317,20
174,180,1
174,173,2
174,0,3
174,203,4
174,120,5
174,209,6
174,172,7
174,78,8
174,167,9
174,6,10
174,68,11
174,422,12
174,221,13
174,116,14
174,236,15
174,317,16
174,215,17
174,21,18
174,201,19
174,27,20
175,299,1
175,312,2
175,268,3
175,747,4
175,301,5
175,332,6
175,244,7
175,300,8
175,322,9
175,306,10
175,321,11
175,689,12
175,325,13
175,677,14
175,270,15
175,331,16
175,314,17
175,309,18
175,303,19
175,0,20
176,285,1
176,236,2
176,116,3
176,312,4
176,221,5
176,268,6
176,404,7
176,150,8
176,327,9
176,256,10
176,8,11
176,14,12
176,24,13
176,110,14
176,274,15
176,117,16
176,741,17
176,322,18
176,124,19
176,545,20
177,150,1
177,288,2
177,474,3
177,190,4
177,300,5
177,356,6
177,271,7
177,185,8
177,12,9
177,514,10
177,131,11
177,306,12
177,181,13
177,410,14
177,184,15
177,495,16
177,13,17
177,149,18
177,320,19
177,251,20
178,285,1
178,327,2
178,325,3
178,293,4
178,747,5
178,331,6
178,326,7
178,244,8
178,322,9
178,288,10
178,291,11
178,321,12
178,878,13
178,303,14
178,267,15
178,886,16
178,343,17
178,318,18
178,311,19
178,269,20
179,49,1
179,173,2
179,99,3
179,171,4
179,209,5
179,167,6
179,0,7
179,194,8
179,175,9
179,95,10
179,182,11
179,233,12
179,21,13
179,126,14
179,88,15
179,63,16
179,6,17
179,81,18
179,134,19
179,237,20
180,312,1
180,309,2
180,339,3
180,688,4
180,749,5
180,341,6
180,338,7
180,314,8
180,897,9
180,271,10
180,311,11
180,894,12
180,270,13
180,345,14
180,907,15
180,346,16
180,351,17
180,750,18
180,343,19
180,347,20
181,257,1
181,285,2
181,293,3
181,287,4
181,299,5
181,126,6
181,6,7
181,116,8
181,312,9
181,173,10
181,55,11
181,97,12
181,404,13
181,747,14
181,150,15
181,268,16
181,275,17
181,8,18
181,24,19
181,327,20
182,173,1
182,99,2
182,55,3
182,97,4
182,0,5
182,171,6
182,203,7
182,126,8
182,172,9
182,78,10
182,167,11
182,6,12
182,68,13
182,116,14
182,422,15
182,194,16
182,236,17
182,21,18
182,317,19
182,233,20
183,203,1
183,167,2
183,172,3
183,194,4
183,95,5
183,221,6
183,134,7
183,27,8
183,233,9
183,185,10
183,11,11
183,193,12
183,150,13
183,426,14
183,178,15
183,143,16
183,179,17
183,227,18
183,434,19
183,293,20
184,99,1
184,0,2
184,293,3
184,173,4
184,287,5
184,55,6
184,120,7
184,97,8
184,6,9
184,299,10
184,116,11
184,221,12
184,171,13
184,203,14
184,312,15
184,172,16
184,78,17
184,209,18
184,150,19
184,167,20
185,285,1
185,49,2
185,747,3
185,312,4
185,327,5
185,180,6
185,0,7
185,322,8
185,244,9
185,6,10
185,288,11
185,126,12
185,221,13
185,677,14
185,267,15
185,300,16
185,306,17
185,14,18
185,275,19
185,270,20
186,49,1
186,173,2
186,180,3
186,99,4
186,55,5
186,97,6
186,171,7
186,0,8
186,78,9
186,126,10
186,120,11
186,194,12
186,317,13
186,175,14
186,95,15
186,6,16
186,182,17
186,21,18
186,201,19
186,221,20
187,0,1
187,171,2
187,221,3
187,116,4
187,167,5
187,422,6
187,257,7
187,404,8
187,182,9
187,88,10
187,285,11
187,81,12
187,185,13
187,11,14
187,134,15
187,237,16
187,24,17
187,227,18
187,195,19
187,131,20
188,97,1
188,285,2
188,167,3
188,257,4
188,209,5
188,236,6
188,68,7
188,221,8
188,194,9
188,356,10
188,63,11
188,182,12
188,116,13
188,21,14
188,287,15
188,11,16
188,201,17
188,152,18
188,69,19
188,426,20
189,285,1
189,49,2
189,322,3
189,288,4
189,300,5
189,306,6
189,267,7
189,321,8
189,180,9
189,0,10
189,677,11
189,270,12
189,689,13
189,126,14
189,331,15
189,320,16
189,256,17
189,314,18
189,258,19
189,303,20
190,257,1
190,293,2
190,332,3
190,747,4
190,689,5
190,288,6
190,244,7
190,322,8
190,325,9
190,326,10
190,267,11
190,321,12
190,309,13
190,291,14
190,303,15
190,302,16
190,318,17
190,320,18
190,878,19
190,270,20
191,285,1
191,299,2
191,287,3
191,293,4
191,312,5
191,327,6
191,747,7
191,332,8
191,244,9
191,322,10
191,306,11
191,267,12
191,321,13
191,325,14
191,689,15
191,271,16
191,326,17
191,236,18
191,677,19
191,270,20
192,49,1
192,180,2
192,6,3
192,221,4
192,747,5
192,97,6
192,150,7
192,256,8
192,14,9
192,117,10
192,171,11
192,8,12
192,301,13
192,288,14
192,244,15
192,322,16
192,203,17
192,124,18
192,545,19
192,172,20
193,175,1
193,95,2
193,150,3
193,10,4
193,199,5
193,602,6
193,683,7
193,479,8
193,230,9
193,67,10
193,163,11
193,41,12
193,54,13
193,1,14
193,110,15
193,417,16
193,232,17
193,213,18
193,46,19
193,155,20
194,49,1
194,293,2
194,0,3
194,287,4
194,120,5
194,285,6
194,236,7
194,116,8
194,6,9
194,221,10
194,173,11
194,55,12
194,97,13
194,404,14
194,150,15
194,171,16
194,256,17
194,14,18
194,24,19
194,117,20
195,49,1
195,257,2
195,99,3
195,293,4
195,287,5
195,180,6
195,299,7
195,0,8
195,126,9
195,236,10
195,312,11
195,120,12
195,6,13
195,116,14
195,747,15
195,221,16
195,327,17
195,301,18
195,173,19
195,55,20
196,99,1
196,0,2
196,120,3
196,236,4
196,6,5
196,116,6
196,221,7
196,97,8
196,404,9
196,150,10
196,256,11
196,203,12
196,14,13
196,24,14
196,172,15
196,8,16
196,275,17
196,117,18
196,268,19
196,68,20
197,293,1
197,287,2
197,285,3
197,21,4
197,201,5
197,27,6
197,11,7
197,256,8
197,143,9
197,8,10
197,110,11
197,193,12
197,495,13
197,545,14
197,482,15
197,741,16
197,274,17
197,124,18
197,7,19
197,312,20
198,299,1
198,287,2
198,327,3
198,747,4
198,332,5
198,301,6
198,244,7
198,288,8
198,306,9
198,300,10
198,325,11
198,689,12
198,339,13
198,326,14
198,271,15
198,49,16
198,331,17
198,270,18
198,320,19
198,303,20
199,180,1
199,99,2
199,126,3
199,167,4
199,236,5
199,215,6
199,63,7
199,185,8
199,143,9
199,96,10
199,11,11
199,237,12
199,152,13
199,256,14
199,654,15
199,110,16
199,69,17
199,181,18
199,193,19
199,184,20
200,167,1
200,134,2
200,152,3
200,193,4
200,131,5
200,150,6
200,495,7
200,426,8
200,293,9
200,142,10
200,473,11
200,160,12
200,87,13
200,207,14
200,256,15
200,82,16
200,198,17
200,132,18
200,110,19
200,153,20
201,49,1
201,99,2
201,180,3
201,293,4
201,287,5
201,126,6
201,173,7
201,120,8
201,55,9
201,97,10
201,236,11
201,6,12
201,116,13
201,221,14
201,299,15
201,312,16
201,150,17
201,404,18
201,78,19
201,209,20
202,285,1
202,299,2
202,312,3
202,327,4
202,268,5
202,301,6
202,332,7
202,244,8
202,288,9
202,267,10
202,120,11
202,300,12
202,321,13
202,306,14
202,126,15
202,677,16
202,271,17
202,339,18
202,8,19
202,326,20
203,293,1
203,312,2
203,327,3
203,288,4
203,306,5
203,322,6
203,689,7
203,325,8
203,326,9
203,271,10
203,318,11
203,99,12
203,331,13
203,49,14
203,270,15
203,677,16
203,749,17
203,878,18
203,750,19
203,346,20
204,287,1
204,301,2
204,306,3
204,244,4
204,322,5
204,300,6
204,689,7
204,339,8
204,326,9
204,271,10
204,331,11
204,309,12
204,270,13
204,320,14
204,878,15
204,318,16
204,291,17
204,330,18
204,99,19
204,749,20
205,907,1
205,343,2
205,886,3
205,936,4
205,937,5
205,908,6
205,1037,7
205,338,8
205,306,9
205,330,10
205,291,11
205,351,12
205,882,13
205,897,14
205,905,15
205,304,16
205,310,17
205,887,18
205,1295,19
205,880,20
206,49,1
206,0,2
206,287,3
206,6,4
206,221,5
206,171,6
206,404,7
206,150,8
206,299,9
206,256,10
206,167,11
206,117,12
206,175,13
206,274,14
206,233,15
206,88,16
206,96,17
206,234,18
206,131,19
206,227,20
207,49,1
207,173,2
207,180,3
207,97,4
207,99,5
207,171,6
207,0,7
207,209,8
207,167,9
207,172,10
207,78,11
207,422,12
207,120,13
207,68,14
207,194,15
207,126,16
207,175,17
207,95,18
207,317,19
207,182,20
208,299,1
208,287,2
208,293,3
208,312,4
208,327,5
208,301,6
208,747,7
208,306,8
208,288,9
208,244,10
208,322,11
208,689,12
208,339,13
208,267,14
208,325,15
208,321,16
208,326,17
208,271,18
208,331,19
208,309,20
209,99,1
209,6,2
209,116,3
209,236,4
209,317,5
209,21,6
209,182,7
209,150,8
209,404,9
209,257,10
209,63,11
209,190,12
209,293,13
209,88,14
209,81,15
209,11,16
209,287,17
209,285,18
209,143,19
209,227,20
210,257,1
210,287,2
210,293,3
210,49,4
210,99,5
210,312,6
210,327,7
210,747,8
210,268,9
210,0,10
210,301,11
210,236,12
210,120,13
210,288,14
210,332,15
210,244,16
210,6,17
210,322,18
210,267,19
210,300,20
211,49,1
211,99,2
211,180,3
211,173,4
211,55,5
211,97,6
211,0,7
211,171,8
211,257,9
211,120,10
211,203,11
211,6,12
211,172,13
211,236,14
211,167,15
211,209,16
211,78,17
211,221,18
211,293,19
211,68,20
212,236,1
212,209,2
212,167,3
212,299,4
212,422,5
212,95,6
212,21,7
212,215,8
212,14,9
212,201,10
212,182,11
212,8,12
212,27,13
212,190,14
212,275,15
212,110,16
212,88,17
212,312,18
212,81,19
212,185,20
213,285,1
213,257,2
213,0,3
213,299,4
213,236,5
213,221,6
213,8,7
213,404,8
213,747,9
213,14,10
213,203,11
213,24,12
213,327,13
213,209,14
213,288,15
213,110,16
213,117,17
213,95,18
213,422,19
213,175,20
214,99,1
214,0,2
214,120,3
214,172,4
214,78,5
214,6,6
214,68,7
214,116,8
214,95,9
214,317,10
214,404,11
214,293,12
214,134,13
214,11,14
214,152,15
214,96,16
214,285,17
214,24,18
214,654,19
214,264,20
215,120,1
215,126,2
215,116,3
215,221,4
215,257,5
215,293,6
215,172,7
215,287,8
215,194,9
215,95,10
215,175,11
215,182,12
215,190,13
215,88,14
215,117,15
215,185,16
215,110,17
215,134,18
215,131,19
215,299,20
216,97,1
216,203,2
216,99,3
216,0,4
216,172,5
216,167,6
216,422,7
216,68,8
216,201,9
216,233,10
216,27,11
216,215,12
216,227,13
216,150,14
216,185,15
216,88,16
216,126,17
216,63,18
216,317,19
216,160,20
217,49,1
217,180,2
217,173,3
217,171,4
217,0,5
217,209,6
217,120,7
217,126,8
217,78,9
217,422,10
217,68,11
217,194,12
217,6,13
217,317,14
217,95,15
217,215,16
217,221,17
217,21,18
217,201,19
217,190,20
218,285,1
218,49,2
218,287,3
218,99,4
218,293,5
218,299,6
218,180,7
218,312,8
218,0,9
218,126,10
218,301,11
218,236,12
218,327,13
218,747,14
218,120,15
218,6,16
218,288,17
218,267,18
218,116,19
218,221,20
219,327,1
219,312,2
219,301,3
219,747,4
219,306,5
219,244,6
219,322,7
219,689,8
219,325,9
219,321,10
219,326,11
219,271,12
219,309,13
219,677,14
219,303,15
219,320,16
219,314,17
219,270,18
219,878,19
219,291,20
220,0,1
220,97,2
220,126,3
220,236,4
220,293,5
220,167,6
220,194,7
220,175,8
220,21,9
220,201,10
220,215,11
220,233,12
220,182,13
220,24,14
220,27,15
220,14,16
220,81,17
220,88,18
220,190,19
220,110,20
221,142,1
221,495,2
221,193,3
221,210,4
221,426,5
221,683,6
221,434,7
221,178,8
221,234,9
221,196,10
221,202,11
221,482,12
221,186,13
221,442,14
221,54,15
221,183,16
221,473,17
221,659,18
221,41,19
221,82,20
222,747,1
222,49,2
222,99,3
222,244,4
222,268,5
222,301,6
222,180,7
222,306,8
222,300,9
222,267,10
222,677,11
222,325,12
222,270,13
222,6,14
222,126,15
222,271,16
222,326,17
222,339,18
222,689,19
222,221,20
223,49,1
223,99,2
223,180,3
223,287,4
223,0,5
223,120,6
223,126,7
223,116,8
223,6,9
223,173,10
223,55,11
223,97,12
223,404,13
223,150,14
223,171,15
223,256,16
223,24,17
223,8,18
223,268,19
223,117,20
224,49,1
224,173,2
224,180,3
224,55,4
224,99,5
224,203,6
224,167,7
224,209,8
224,172,9
224,78,10
224,0,11
224,422,12
224,68,13
224,194,14
224,175,15
224,317,16
224,126,17
224,215,18
224,95,19
224,120,20
225,49,1
225,99,2
225,180,3
225,293,4
225,287,5
225,0,6
225,299,7
225,126,8
225,120,9
225,236,10
225,116,11
225,221,12
225,312,13
225,268,14
225,150,15
225,747,16
225,275,17
225,171,18
225,256,19
225,14,20
226,257,1
226,299,2
226,312,3
226,327,4
226,268,5
226,301,6
226,332,7
226,288,8
226,244,9
226,322,10
226,300,11
226,267,12
226,236,13
226,306,14
226,180,15
226,0,16
226,339,17
226,677,18
226,271,19
226,325,20
227,257,1
227,299,2
227,293,3
227,49,4
227,99,5
227,180,6
227,268,7
227,327,8
227,747,9
227,301,10
227,0,11
227,236,12
227,126,13
227,288,14
227,332,15
227,120,16
227,267,17
227,244,18
227,6,19
227,116,20
228,293,1
228,332,2
228,306,3
228,300,4
228,689,5
228,288,6
228,322,7
228,325,8
228,326,9
228,267,10
228,321,11
228,331,12
228,309,13
228,291,14
228,303,15
228,330,16
228,320,17
228,318,18
228,878,19
228,677,20
229,172,1
229,126,2
229,317,3
229,221,4
229,88,5
229,190,6
229,150,7
229,11,8
229,193,9
229,654,10
229,196,11
229,482,12
229,87,13
229,179,14
229,178,15
229,199,16
229,229,17
229,214,18
229,402,19
229,3,20
230,257,1
230,285,2
230,293,3
230,287,4
230,99,5
230,327,6
230,236,7
230,268,8
230,116,9
230,301,10
230,244,11
230,322,12
230,332,13
230,6,14
230,267,15
230,221,16
230,300,17
230,321,18
230,256,19
230,275,20
231,257,1
231,173,2
231,120,3
231,287,4
231,236,5
231,6,6
231,221,7
231,299,8
231,78,9
231,209,10
231,167,11
231,150,12
231,404,13
231,194,14
231,215,15
231,175,16
231,8,17
231,24,18
231,14,19
231,182,20
232,180,1
232,0,2
232,171,3
232,209,4
232,172,5
232,78,6
232,6,7
232,194,8
232,221,9
232,175,10
232,95,11
232,236,12
232,21,13
232,182,14
232,27,15
232,257,16
232,150,17
232,185,18
232,237,19
232,152,20
233,513,1
233,82,2
233,202,3
233,57,4
233,567,5
233,508,6
233,120,7
233,528,8
233,229,9
233,381,10
233,58,11
233,274,12
233,683,13
233,707,14
233,41,15
233,401,16
233,639,17
233,213,18
233,511,19
233,238,20
234,285,1
234,55,2
234,97,3
234,126,4
234,257,5
234,171,6
234,203,7
234,120,8
234,167,9
234,172,10
234,287,11
234,293,12
234,209,13
234,221,14
234,215,15
234,422,16
234,356,17
234,116,18
234,175,19
234,63,20
235,0,1
235,257,2
235,120,3
235,287,4
235,6,5
235,404,6
235,299,7
235,172,8
235,167,9
235,24,10
235,95,11
235,256,12
235,21,13
235,275,14
235,117,15
235,201,16
235,233,17
235,11,18
235,88,19
235,356,20
236,49,1
236,180,2
236,55,3
236,171,4
236,203,5
236,167,6
236,0,7
236,209,8
236,172,9
236,78,10
236,68,11
236,317,12
236,194,13
236,215,14
236,120,15
236,95,16
236,21,17
236,201,18
236,134,19
236,6,20
237,287,1
237,312,2
237,327,3
237,49,4
237,747,5
237,99,6
237,268,7
237,332,8
237,322,9
237,244,10
237,301,11
237,288,12
237,0,13
237,267,14
237,321,15
237,116,16
237,306,17
237,126,18
237,677,19
237,6,20
238,126,1
238,172,2
238,0,3
238,422,4
238,190,5
238,215,6
238,175,7
238,356,8
238,196,9
238,27,10
238,21,11
238,201,12
238,152,13
238,120,14
238,6,15
238,69,16
238,495,17
238,96,18
238,221,19
238,434,20
239,257,1
239,293,2
239,327,3
239,332,4
239,322,5
239,689,6
239,325,7
239,321,8
239,326,9
239,267,10
239,331,11
239,309,12
239,303,13
239,291,14
239,314,15
239,330,16
239,677,17
239,320,18
239,749,19
239,270,20
240,257,1
240,327,2
240,332,3
240,268,4
240,747,5
240,300,6
240,244,7
240,322,8
240,288,9
240,325,10
240,339,11
240,321,12
240,326,13
240,271,14
240,303,15
240,330,16
240,314,17
240,878,18
240,320,19
240,677,20
241,299,1
241,285,2
241,257,3
241,287,4
241,327,5
241,312,6
241,332,7
241,268,8
241,301,9
241,747,10
241,306,11
241,300,12
241,244,13
241,322,14
241,689,15
241,288,16
241,325,17
241,339,18
241,321,19
241,326,20
242,49,1
242,99,2
242,180,3
242,257,4
242,293,5
242,287,6
242,173,7
242,55,8
242,120,9
242,97,10
242,299,11
242,116,12
242,221,13
242,312,14
242,171,15
242,268,16
242,203,17
242,8,18
242,275,19
242,78,20
243,97,1
243,209,2
243,78,3
243,126,4
243,422,5
243,194,6
243,95,7
243,175,8
243,404,9
243,201,10
243,227,11
243,11,12
243,24,13
243,131,14
243,10,15
243,14,16
243,567,17
243,287,18
243,142,19
243,193,20
244,293,1
244,287,2
244,285,3
244,99,4
244,0,5
244,120,6
244,236,7
244,116,8
244,747,9
244,6,10
244,312,11
244,126,12
244,327,13
244,404,14
244,256,15
244,14,16
244,322,17
244,117,18
244,244,19
244,24,20
245,78,1
245,167,2
245,221,3
245,6,4
245,233,5
245,21,6
245,182,7
245,27,8
245,126,9
245,404,10
245,185,11
245,88,12
245,317,13
245,63,14
245,236,15
245,143,16
245,190,17
245,152,18
245,70,19
245,134,20
246,285,1
246,287,2
246,293,3
246,312,4
246,327,5
246,747,6
246,301,7
246,236,8
246,126,9
246,288,10
246,332,11
246,244,12
246,267,13
246,322,14
246,116,15
246,300,16
246,321,17
246,275,18
246,306,19
246,8,20
247,257,1
247,285,2
247,287,3
247,55,4
247,236,5
247,221,6
247,299,7
247,150,8
247,203,9
247,172,10
247,312,11
247,14,12
247,24,13
247,8,14
247,317,15
247,275,16
247,194,17
247,117,18
247,422,19
247,110,20
248,285,1
248,287,2
248,126,3
248,203,4
248,150,5
248,14,6
248,24,7
248,312,8
248,275,9
248,117,10
248,110,11
248,233,12
248,268,13
248,474,14
248,81,15
248,152,16
248,96,17
248,281,18
248,69,19
248,195,20
249,285,1
249,299,2
249,120,3
249,268,4
249,301,5
249,288,6
249,404,7
249,256,8
249,244,9
249,14,10
249,267,11
249,24,12
249,300,13
249,117,14
249,274,15
249,124,16
249,171,17
249,281,18
249,507,19
249,271,20
250,285,1
250,126,2
250,55,3
250,173,4
250,327,5
250,97,6
250,268,7
250,275,8
250,8,9
250,301,10
250,288,11
250,244,12
250,322,13
250,267,14
250,545,15
250,474,16
250,203,17
250,332,18
250,172,19
250,507,20
251,257,1
251,287,2
251,293,3
251,49,4
251,312,5
251,268,6
251,327,7
251,747,8
251,301,9
251,180,10
251,288,11
251,332,12
251,236,13
251,244,14
251,322,15
251,126,16
251,300,17
251,120,18
251,321,19
251,116,20
252,180,1
252,173,2
252,257,3
252,285,4
252,287,5
252,6,6
252,171,7
252,203,8
252,404,9
252,150,10
252,68,11
252,194,12
252,422,13
252,175,14
252,24,15
252,256,16
252,190,17
252,8,18
252,27,19
252,312,20
253,55,1
253,172,2
253,78,3
253,194,4
253,95,5
253,201,6
253,215,7
253,88,8
253,99,9
253,160,10
253,567,11
253,143,12
253,317,13
253,190,14
253,152,15
253,384,16
253,87,17
253,94,18
253,193,19
253,184,20
254,49,1
254,285,2
254,180,3
254,0,4
254,312,5
254,236,6
254,126,7
254,332,8
254,256,9
254,288,10
254,268,11
254,301,12
254,14,13
254,741,14
254,275,15
254,267,16
254,24,17
254,150,18
254,110,19
254,8,20
255,257,1
255,203,2
255,256,3
255,172,4
255,285,5
255,68,6
255,110,7
255,167,8
255,299,9
255,422,10
255,175,11
255,27,12
255,182,13
255,317,14
255,143,15
255,272,16
255,312,17
255,185,18
255,410,19
255,190,20
256,299,1
256,293,2
256,301,3
256,327,4
256,267,5
256,332,6
256,747,7
256,339,8
256,271,9
256,318,10
256,126,11
256,302,12
256,689,13
256,321,14
256,326,15
256,322,16
256,320,17
256,0,18
256,314,19
256,325,20
257,268,1
257,301,2
257,306,3
257,244,4
257,300,5
257,321,6
257,339,7
257,267,8
257,326,9
257,303,10
257,677,11
257,878,12
257,291,13
257,320,14
257,330,15
257,270,16
257,749,17
257,318,18
257,302,19
257,681,20
258,49,1
258,99,2
258,257,3
258,0,4
258,126,5
258,236,6
258,299,7
258,6,8
258,173,9
258,55,10
258,221,11
258,150,12
258,256,13
258,24,14
258,8,15
258,275,16
258,203,17
258,78,18
258,117,19
258,110,20
259,285,1
259,327,2
259,689,3
259,301,4
259,268,5
259,331,6
259,300,7
259,330,8
259,293,9
259,326,10
259,309,11
259,322,12
259,244,13
259,339,14
259,291,15
259,288,16
259,749,17
259,878,18
259,303,19
259,886,20
260,285,1
260,257,2
260,327,3
260,312,4
260,332,5
260,268,6
260,301,7
260,306,8
260,322,9
260,288,10
260,689,11
260,326,12
260,331,13
260,267,14
260,309,15
260,271,16
260,677,17
260,878,18
260,330,19
260,291,20
261,126,1
261,116,2
261,221,3
261,78,4
261,172,5
261,167,6
261,150,7
261,175,8
261,285,9
261,201,10
261,182,11
261,24,12
261,88,13
261,117,14
261,11,15
261,256,16
261,185,17
261,143,18
261,356,19
261,134,20
262,55,1
262,171,2
262,120,3
262,6,4
262,172,5
262,285,6
262,215,7
262,287,8
262,190,9
262,150,10
262,404,11
262,88,12
262,11,13
262,237,14
262,69,15
262,24,16
262,227,17
262,14,18
262,184,19
262,181,20
263,49,1
263,173,2
263,180,3
263,171,4
263,0,5
263,78,6
263,422,7
263,68,8
263,126,9
263,194,10
263,317,11
263,175,12
263,120,13
263,95,14
263,190,15
263,27,16
263,21,17
263,88,18
263,63,19
263,134,20
264,285,1
264,312,2
264,268,3
264,332,4
264,301,5
264,288,6
264,120,7
264,126,8
264,267,9
264,300,10
264,321,11
264,306,12
264,677,13
264,221,14
264,275,15
264,270,16
264,8,17
264,404,18
264,325,19
264,271,20
265,257,1
265,299,2
265,287,3
265,293,4
265,327,5
265,268,6
265,747,7
265,301,8
265,49,9
265,332,10
265,322,11
265,300,12
265,306,13
265,321,14
265,180,15
265,339,16
265,0,17
265,325,18
265,689,19
265,126,20
266,172,1
266,78,2
266,0,3
266,95,4
266,233,5
266,317,6
266,116,7
266,190,8
266,96,9
266,150,10
266,195,11
266,131,12
266,70,13
266,356,14
266,236,15
266,495,16
266,193,17
266,10,18
266,94,19
266,184,20
267,68,1
267,201,2
267,21,3
267,27,4
267,215,5
267,63,6
267,317,7
267,195,8
267,236,9
267,131,10
267,495,11
267,392,12
267,117,13
267,214,14
267,7,15
267,14,16
267,426,17
267,450,18
267,418,19
267,196,20
268,78,1
268,0,2
268,27,3
268,96,4
268,227,5
268,221,6
268,143,7
268,11,8
268,264,9
268,116,10
268,70,11
268,214,12
268,384,13
268,94,14
268,229,15
268,3,16
268,587,17
268,418,18
268,202,19
268,731,20
269,99,1
269,173,2
269,0,3
269,126,4
269,171,5
269,203,6
269,116,7
269,293,8
269,209,9
269,167,10
269,68,11
269,194,12
269,422,13
269,404,14
269,150,15
269,95,16
269,317,17
269,21,18
269,215,19
269,201,20
270,6,1
270,221,2
270,194,3
270,287,4
270,95,5
270,150,6
270,182,7
270,152,8
270,81,9
270,143,10
270,227,11
270,482,12
270,654,13
270,142,14
270,567,15
270,474,16
270,174,17
270,70,18
270,384,19
270,208,20
271,180,1
271,99,2
271,0,3
271,120,4
271,172,5
271,167,6
271,6,7
271,221,8
271,194,9
271,317,10
271,116,11
271,236,12
271,175,13
271,215,14
271,257,15
271,190,16
271,201,17
271,27,18
271,63,19
271,150,20
272,299,1
272,257,2
272,287,3
272,293,4
272,268,5
272,301,6
272,332,7
272,747,8
272,300,9
272,288,10
272,244,11
272,322,12
272,325,13
272,326,14
272,321,15
272,309,16
272,331,17
272,291,18
272,749,19
272,330,20
273,285,1
273,312,2
273,120,3
273,126,4
273,327,5
273,6,6
273,268,7
273,221,8
273,301,9
273,288,10
273,256,11
273,244,12
273,322,13
273,332,14
273,267,15
273,150,16
273,55,17
273,321,18
273,300,19
273,173,20
274,55,1
274,99,2
274,171,3
274,203,4
274,167,5
274,78,6
274,194,7
274,126,8
274,6,9
274,215,10
274,233,11
274,317,12
274,81,13
274,63,14
274,150,15
274,236,16
274,237,17
274,96,18
274,152,19
274,356,20
275,215,1
275,190,2
275,131,3
275,14,4
275,193,5
275,110,6
275,210,7
275,207,8
275,482,9
275,434,10
275,526,11
275,650,12
275,132,13
275,82,14
275,659,15
275,285,16
275,133,17
275,479,18
275,274,19
275,86,20
276,287,1
276,299,2
276,293,3
276,312,4
276,327,5
276,268,6
276,332,7
276,288,8
276,244,9
276,322,10
276,267,11
276,126,12
276,300,13
276,321,14
276,306,15
276,677,16
276,270,17
276,221,18
276,339,19
276,271,20
277,299,1
277,327,2
277,747,3
277,332,4
277,288,5
277,49,6
277,99,7
277,267,8
277,322,9
277,306,10
277,339,11
277,321,12
277,271,13
277,689,14
277,325,15
277,326,16
277,180,17
277,236,18
277,270,19
277,0,20
278,97,1
278,422,2
278,81,3
278,68,4
278,160,5
278,567,6
278,182,7
278,142,8
278,96,9
278,195,10
278,587,11
278,654,12
278,217,13
278,401,14
278,10,15
278,495,16
278,418,17
278,134,18
278,199,19
278,214,20
279,120,1
279,167,2
279,27,3
279,88,4
279,185,5
279,150,6
279,63,7
279,190,8
279,96,9
279,237,10
279,195,11
279,356,12
279,142,13
279,193,14
279,184,15
279,24,16
279,14,17
279,426,18
279,210,19
279,207,20
280,285,1
280,327,2
280,312,3
280,301,4
280,268,5
280,306,6
280,244,7
280,339,8
280,326,9
280,267,10
280,271,11
280,291,12
280,878,13
280,314,14
280,677,15
280,749,16
280,320,17
280,318,18
280,302,19
280,750,20
281,285,1
281,327,2
281,312,3
281,747,4
281,288,5
281,244,6
281,300,7
281,322,8
281,689,9
281,321,10
281,325,11
281,271,12
281,331,13
281,309,14
281,677,15
281,314,16
281,320,17
281,303,18
281,291,19
281,99,20
282,180,1
282,173,2
282,0,3
282,97,4
282,120,5
282,171,6
282,126,7
282,6,8
282,116,9
282,221,10
282,236,11
282,78,12
282,68,13
282,422,14
282,194,15
282,404,16
282,257,17
282,95,18
282,175,19
282,21,20
283,287,1
283,293,2
283,244,3
283,322,4
283,325,5
283,326,6
283,291,7
283,330,8
283,878,9
283,320,10
283,677,11
283,270,12
283,241,13
283,311,14
283,310,15
283,357,16
283,894,17
283,342,18
283,324,19
283,298,20
284,293,1
284,49,2
284,180,3
284,0,4
284,327,5
284,747,6
284,126,7
284,120,8
284,6,9
284,116,10
284,288,11
284,332,12
284,267,13
284,244,14
284,322,15
284,300,16
284,8,17
284,256,18
284,321,19
284,404,20
285,293,1
285,285,2
285,221,3
285,97,4
285,299,5
285,312,6
285,78,7
285,14,8
285,117,9
285,747,10
285,68,11
285,8,12
285,275,13
285,317,14
285,327,15
285,63,16
285,11,17
285,27,18
285,281,19
285,272,20
286,257,1
286,285,2
286,287,3
286,299,4
286,126,5
286,6,6
286,327,7
286,268,8
286,404,9
286,301,10
286,288,11
286,14,12
286,244,13
286,173,14
286,322,15
286,150,16
286,24,17
286,332,18
286,117,19
286,321,20
287,287,1
287,180,2
287,0,3
287,312,4
287,6,5
287,116,6
287,221,7
287,55,8
287,747,9
287,301,10
287,327,11
287,8,12
287,404,13
287,256,14
287,150,15
287,171,16
287,24,17
287,274,18
287,110,19
287,203,20
288,49,1
288,257,2
288,293,3
288,287,4
288,99,5
288,180,6
288,285,7
288,299,8
288,236,9
288,126,10
288,312,11
288,747,12
288,327,13
288,256,14
288,55,15
288,173,16
288,24,17
288,117,18
288,275,19
288,8,20
289,99,1
289,55,2
289,6,3
289,126,4
289,78,5
289,172,6
289,236,7
289,194,8
289,95,9
289,293,10
289,257,11
289,185,12
289,287,13
289,11,14
289,237,15
289,24,16
289,10,17
289,654,18
289,69,19
289,193,20
290,175,1
290,227,2
290,182,3
290,221,4
290,215,5
290,160,6
290,185,7
290,229,8
290,264,9
290,195,10
290,317,11
290,87,12
290,131,13
290,228,14
290,190,15
290,226,16
290,126,17
290,134,18
290,450,19
290,181,20
291,285,1
291,257,2
291,120,3
291,293,4
291,236,5
291,171,6
291,203,7
291,209,8
291,317,9
291,68,10
291,215,11
291,21,12
291,312,13
291,24,14
291,14,15
291,190,16
291,256,17
291,11,18
291,201,19
291,356,20
292,317,1
292,190,2
292,196,3
292,94,4
292,384,5
292,117,6
292,8,7
292,153,8
292,275,9
292,57,10
292,82,11
292,691,12
292,510,13
292,474,14
292,522,15
292,430,16
292,596,17
292,497,18
292,41,19
292,514,20
293,301,1
293,288,2
293,325,3
293,689,4
293,271,5
293,320,6
293,258,7
293,303,8
293,314,9
293,309,10
293,318,11
293,8,12
293,14,13
293,269,14
293,291,15
293,749,16
293,242,17
293,24,18
293,302,19
293,274,20
294,194,1
294,175,2
294,233,3
294,27,4
294,63,5
294,134,6
294,567,7
294,184,8
294,181,9
294,11,10
294,210,11
294,392,12
294,126,13
294,196,14
294,199,15
294,179,16
294,178,17
294,7,18
294,174,19
294,431,20
295,287,1
295,299,2
295,747,3
295,327,4
295,301,5
295,332,6
295,244,7
295,173,8
295,322,9
295,404,10
295,24,11
295,321,12
295,270,13
295,339,14
295,306,15
295,677,16
295,117,17
295,318,18
295,741,19
295,320,20
296,120,1
296,126,2
296,171,3
296,404,4
296,312,5
296,14,6
296,8,7
296,275,8
296,317,9
296,95,10
296,63,11
296,327,12
296,124,13
296,288,14
296,81,15
296,185,16
296,131,17
296,322,18
296,596,19
296,654,20
297,99,1
297,55,2
297,6,3
297,172,4
297,221,5
297,116,6
297,257,7
297,95,8
297,175,9
297,215,10
297,404,11
297,287,12
297,233,13
297,190,14
297,63,15
297,88,16
297,11,17
297,134,18
297,237,19
297,81,20
298,257,1
298,171,2
298,120,3
298,78,4
298,68,5
298,356,6
298,116,7
298,194,8
298,63,9
298,268,10
298,8,11
298,21,12
298,182,13
298,95,14
298,233,15
298,426,16
298,131,17
298,179,18
298,404,19
298,14,20
299,285,1
299,257,2
299,747,3
299,312,4
299,332,5
299,322,6
299,244,7
299,306,8
299,268,9
299,301,10
299,288,11
299,300,12
299,325,13
299,689,14
299,677,15
299,267,16
299,331,17
299,326,18
299,339,19
299,878,20
300,233,1
300,237,2
300,134,3
300,69,4
300,184,5
300,256,6
300,199,7
300,210,8
300,434,9
300,207,10
300,174,11
300,208,12
300,124,13
300,285,14
300,431,15
300,187,16
300,602,17
300,432,18
300,22,19
300,133,20
301,299,1
301,285,2
301,287,3
301,312,4
301,268,5
301,301,6
301,689,7
301,325,8
301,267,9
301,339,10
301,326,11
301,331,12
301,271,13
301,677,14
301,309,15
301,303,16
301,320,17
301,314,18
301,291,19
301,330,20
302,88,1
302,195,2
302,264,3
302,134,4
302,495,5
302,179,6
302,565,7
302,196,8
302,210,9
302,731,10
302,153,11
302,526,12
302,174,13
302,683,14
302,470,15
302,187,16
302,65,17
302,430,18
302,471,19
302,273,20
303,257,1
303,747,2
303,332,3
303,268,4
303,301,5
303,244,6
303,306,7
303,288,8
303,300,9
303,325,10
303,267,11
303,689,12
303,339,13
303,326,14
303,677,15
303,271,16
303,331,17
303,49,18
303,99,19
303,303,20
304,21,1
304,293,2
304,27,3
304,287,4
304,233,5
304,193,6
304,131,7
304,184,8
304,495,9
304,181,10
304,81,11
304,8,12
304,434,13
304,602,14
304,24,15
304,275,16
304,210,17
304,7,18
304,264,19
304,513,20
305,299,1
305,287,2
305,293,3
305,312,4
305,327,5
305,301,6
305,747,7
305,332,8
305,300,9
305,244,10
305,322,11
305,306,12
305,267,13
305,339,14
305,49,15
305,321,16
305,689,17
305,325,18
305,271,19
305,326,20
306,97,1
306,78,2
306,126,3
306,68,4
306,6,5
306,95,6
306,175,7
306,116,8
306,215,9
306,317,10
306,236,11
306,201,12
306,233,13
306,190,14
306,150,15
306,404,16
306,237,17
306,356,18
306,11,19
306,96,20
307,172,1
307,227,2
307,221,3
307,473,4
307,526,5
307,82,6
307,404,7
307,650,8
307,187,9
307,228,10
307,450,11
307,85,12
307,461,13
307,226,14
307,734,15
307,430,16
307,189,17
307,110,18
307,630,19
307,93,20
308,327,1
308,287,2
308,312,3
308,306,4
308,301,5
308,268,6
308,293,7
308,747,8
308,300,9
308,244,10
308,322,11
308,288,12
308,339,13
308,331,14
308,326,15
308,309,16
308,321,17
308,291,18
308,681,19
308,267,20
309,285,1
309,299,2
309,287,3
309,312,4
309,327,5
309,268,6
309,301,7
309,332,8
309,288,9
309,244,10
309,99,11
309,322,12
309,300,13
309,267,14
309,306,15
309,321,16
309,339,17
309,236,18
309,325,19
309,271,20
310,152,1
310,143,2
310,6,3
310,181,4
310,150,5
310,10,6
310,426,7
310,94,8
310,434,9
310,404,10
310,3,11
310,174,12
310,236,13
310,473,14
310,153,15
310,602,16
310,24,17
310,513,18
310,581,19
310,545,20
311,55,1
311,167,2
311,422,3
311,209,4
311,134,5
311,215,6
311,78,7
311,317,8
311,201,9
311,63,10
311,21,11
311,195,12
311,654,13
311,181,14
311,81,15
311,526,16
311,11,17
311,87,18
311,214,19
311,160,20
312,172,1
312,6,2
312,195,3
312,11,4
312,69,5
312,10,6
312,178,7
312,3,8
312,208,9
312,731,10
312,187,11
312,432,12
312,450,13
312,366,14
312,82,15
312,110,16
312,293,17
312,256,18
312,691,19
312,226,20
313,49,1
313,180,2
313,173,3
313,97,4
313,171,5
313,99,6
313,209,7
313,221,8
313,78,9
313,117,10
313,95,11
313,194,12
313,167,13
313,81,14
313,175,15
313,233,16
313,227,17
313,126,18
313,182,19
313,229,20
314,49,1
314,180,2
314,0,3
314,173,4
314,257,5
314,293,6
314,6,7
314,236,8
314,171,9
314,116,10
314,221,11
314,209,12
314,150,13
314,68,14
314,404,15
314,299,16
314,194,17
314,422,18
314,95,19
314,21,20
315,180,1
315,0,2
315,257,3
315,55,4
315,120,5
315,293,6
315,287,7
315,6,8
315,236,9
315,221,10
315,116,11
315,203,12
315,78,13
315,209,14
315,299,15
315,150,16
315,404,17
315,194,18
315,422,19
315,215,20
316,285,1
316,257,2
316,293,3
316,332,4
316,268,5
316,301,6
316,306,7
316,300,8
316,288,9
316,689,10
316,339,11
316,326,12
316,331,13
316,271,14
316,309,15
316,303,16
316,314,17
316,291,18
316,320,19
316,749,20
317,180,1
317,97,2
317,0,3
317,171,4
317,172,5
317,167,6
317,78,7
317,6,8
317,194,9
317,221,10
317,116,11
317,95,12
317,175,13
317,21,14
317,201,15
317,182,16
317,233,17
317,27,18
317,150,19
317,88,20
318,299,1
318,285,2
318,257,3
318,287,4
318,293,5
318,327,6
318,747,7
318,244,8
318,322,9
318,288,10
318,689,11
318,325,12
318,321,13
318,326,14
318,271,15
318,309,16
318,677,17
318,303,18
318,330,19
318,314,20
319,180,1
319,97,2
319,221,3
319,236,4
319,126,5
319,150,6
319,257,7
319,167,8
319,68,9
319,422,10
319,24,11
319,233,12
319,14,13
319,215,14
319,27,15
319,317,16
319,110,17
319,63,18
319,143,19
319,227,20
320,180,1
320,97,2
320,171,3
320,203,4
320,167,5
320,209,6
320,0,7
320,78,8
320,317,9
320,422,10
320,68,11
320,194,12
320,175,13
320,182,14
320,95,15
320,27,16
320,120,17
320,21,18
320,201,19
320,233,20
321,99,1
321,180,2
321,173,3
321,55,4
321,97,5
321,285,6
321,120,7
321,171,8
321,6,9
321,293,10
321,203,11
321,236,12
321,287,13
321,221,14
321,116,15
321,172,16
321,209,17
321,78,18
321,167,19
321,68,20
322,312,1
322,747,2
322,0,3
322,268,4
322,236,5
322,301,6
322,322,7
322,300,8
322,275,9
322,404,10
322,306,11
322,270,12
322,271,13
322,24,14
322,339,15
322,274,16
322,110,17
322,325,18
322,117,19
322,750,20
323,312,1
323,268,2
323,332,3
323,301,4
323,244,5
323,325,6
323,99,7
323,271,8
323,270,9
323,236,10
323,303,11
323,314,12
323,318,13
323,750,14
323,180,15
323,749,16
323,116,17
323,120,18
323,302,19
323,357,20
324,55,1
324,203,2
324,172,3
324,78,4
324,422,5
324,68,6
324,317,7
324,215,8
324,95,9
324,201,10
324,88,11
324,21,12
324,63,13
324,120,14
324,237,15
324,152,16
324,6,17
324,193,18
324,96,19
324,221,20
325,99,1
325,27,2
325,190,3
325,237,4
325,356,5
325,142,6
325,120,7
325,69,8
325,11,9
325,70,10
325,178,11
325,221,12
325,94,13
325,214,14
325,6,15
325,10,16
325,150,17
325,208,18
325,431,19
325,116,20
326,14,1
326,275,2
326,134,3
326,193,4
326,96,5
326,482,6
326,117,7
326,184,8
326,495,9
326,426,10
326,186,11
326,747,12
326,741,13
326,124,14
326,514,15
326,133,16
326,281,17
326,288,18
326,70,19
326,478,20
327,173,1
327,0,2
327,209,3
327,172,4
327,287,5
327,167,6
327,150,7
327,201,8
327,190,9
327,24,10
327,14,11
327,237,12
327,256,13
327,195,14
327,110,15
327,275,16
327,495,17
327,196,18
327,142,19
327,94,20
328,0,1
328,327,2
328,747,3
328,236,4
328,120,5
328,288,6
328,267,7
328,221,8
328,300,9
328,8,10
328,256,11
328,404,12
328,14,13
328,270,14
328,306,15
328,274,16
328,339,17
328,24,18
328,677,19
328,150,20
329,55,1
329,172,2
329,78,3
329,126,4
329,6,5
329,221,6
329,95,7
329,175,8
329,182,9
329,233,10
329,88,11
329,190,12
329,185,13
329,293,14
329,257,15
329,11,16
329,143,17
329,195,18
329,264,19
329,287,20
330,49,1
330,180,2
330,257,3
330,126,4
330,173,5
330,287,6
330,55,7
330,97,8
330,293,9
330,299,10
330,236,11
330,312,12
330,120,13
330,171,14
330,317,15
330,203,16
330,274,17
330,221,18
330,172,19
330,167,20
331,99,1
331,285,2
331,150,3
331,14,4
331,24,5
331,110,6
331,268,7
331,288,8
331,474,9
331,267,10
331,68,11
331,507,12
331,274,13
331,167,14
331,317,15
331,175,16
331,249,17
331,422,18
331,300,19
331,201,20
332,49,1
332,285,2
332,257,3
332,287,4
332,180,5
332,0,6
332,312,7
332,236,8
332,120,9
332,6,10
332,116,11
332,327,12
332,221,13
332,301,14
332,55,15
332,288,16
332,404,17
332,8,18
332,256,19
332,267,20
333,293,1
333,0,2
333,747,3
333,14,4
333,24,5
333,322,6
333,117,7
333,194,8
333,63,9
333,356,10
333,95,11
333,272,12
333,750,13
333,320,14
333,545,15
333,233,16
333,201,17
333,470,18
333,326,19
333,193,20
334,285,1
334,293,2
334,301,3
334,288,4
334,300,5
334,689,6
334,325,7
334,267,8
334,326,9
334,271,10
334,331,11
334,309,12
334,303,13
334,314,14
334,320,15
334,878,16
334,318,17
334,291,18
334,330,19
334,749,20
335,180,1
335,173,2
335,97,3
335,171,4
335,78,5
335,422,6
335,95,7
335,194,8
335,68,9
335,221,10
335,6,11
335,175,12
335,81,13
335,21,14
335,233,15
335,27,16
335,182,17
335,227,18
335,126,19
335,143,20
336,99,1
336,0,2
336,173,3
336,55,4
336,97,5
336,6,6
336,116,7
336,293,8
336,257,9
336,236,10
336,171,11
336,287,12
336,203,13
336,404,14
336,209,15
336,78,16
336,285,17
336,172,18
336,167,19
336,68,20
337,49,1
337,180,2
337,97,3
337,171,4
337,126,5
337,172,6
337,209,7
337,317,8
337,422,9
337,68,10
337,120,11
337,194,12
337,190,13
337,6,14
337,175,15
337,95,16
337,182,17
337,221,18
337,63,19
337,21,20
338,171,1
338,209,2
338,95,3
338,317,4
338,201,5
338,236,6
338,69,7
338,404,8
338,70,9
338,7,10
338,214,11
338,384,12
338,94,13
338,229,14
338,587,15
338,392,16
338,418,17
338,14,18
338,731,19
338,431,20
339,55,1
339,97,2
339,99,3
339,209,4
339,167,5
339,78,6
339,68,7
339,194,8
339,120,9
339,175,10
339,95,11
339,215,12
339,126,13
339,317,14
339,182,15
339,201,16
339,27,17
339,233,18
339,21,19
339,190,20
340,299,1
340,285,2
340,327,3
340,332,4
340,306,5
340,689,6
340,257,7
340,312,8
340,301,9
340,325,10
340,331,11
340,747,12
340,300,13
340,330,14
340,322,15
340,268,16
340,244,17
340,326,18
340,309,19
340,339,20
341,49,1
341,257,2
341,180,3
341,0,4
341,299,5
341,126,6
341,120,7
341,116,8
341,312,9
341,221,10
341,268,11
341,404,12
341,747,13
341,150,14
341,301,15
341,274,16
341,171,17
341,327,18
341,267,19
341,78,20
342,180,1
342,171,2
342,203,3
342,209,4
342,172,5
342,194,6
342,95,7
342,215,8
342,293,9
342,150,10
342,182,11
342,69,12
342,14,13
342,184,14
342,181,15
342,110,16
342,160,17
342,70,18
342,299,19
342,94,20
343,293,1
343,299,2
343,55,3
343,747,4
343,327,5
343,256,6
343,14,7
343,288,8
343,474,9
343,317,10
343,322,11
343,332,12
343,167,13
343,281,14
343,270,15
343,422,16
343,27,17
343,233,18
343,339,19
343,514,20
344,126,1
344,6,2
344,221,3
344,327,4
344,275,5
344,256,6
344,274,7
344,474,8
344,167,9
344,270,10
344,545,11
344,321,12
344,21,13
344,272,14
344,194,15
344,95,16
344,175,17
344,422,18
344,339,19
344,182,20
345,0,1
345,68,2
345,201,3
345,221,4
345,27,5
345,81,6
345,227,7
345,190,8
345,237,9
345,134,10
345,567,11
345,654,12
345,356,13
345,70,14
345,94,15
345,193,16
345,229,17
345,69,18
345,184,19
345,392,20
346,312,1
346,110,2
346,8,3
346,233,4
346,63,5
346,274,6
346,190,7
346,88,8
346,268,9
346,237,10
346,227,11
346,288,12
346,152,13
346,134,14
346,195,15
346,301,16
346,249,17
346,264,18
346,193,19
346,273,20
347,257,1
347,285,2
347,299,3
347,49,4
347,747,5
347,327,6
347,180,7
347,332,8
347,268,9
347,288,10
347,126,11
347,221,12
347,256,13
347,301,14
347,677,15
347,321,16
347,267,17
347,300,18
347,306,19
347,8,20
348,285,1
348,257,2
348,293,3
348,299,4
348,49,5
348,312,6
348,327,7
348,747,8
348,268,9
348,180,10
348,0,11
348,301,12
348,332,13
348,244,14
348,288,15
348,322,16
348,116,17
348,126,18
348,267,19
348,300,20
349,99,1
349,55,2
349,120,3
349,6,4
349,236,5
349,78,6
349,221,7
349,116,8
349,293,9
349,68,10
349,317,11
349,422,12
349,287,13
349,95,14
349,215,15
349,21,16
349,150,17
349,190,18
349,404,19
349,63,20
350,332,1
350,301,2
350,268,3
350,293,4
350,689,5
350,330,6
350,267,7
350,271,8
350,681,9
350,314,10
350,302,11
350,320,12
350,318,13
350,346,14
350,345,15
350,270,16
350,886,17
350,269,18
350,304,19
350,258,20
351,0,1
351,120,2
351,126,3
351,203,4
351,167,5
351,221,6
351,116,7
351,68,8
351,236,9
351,422,10
351,317,11
351,257,12
351,21,13
351,293,14
351,150,15
351,201,16
351,404,17
351,27,18
351,63,19
351,190,20
352,287,1
352,293,2
352,268,3
352,747,4
352,301,5
352,306,6
352,288,7
352,322,8
352,689,9
352,267,10
352,321,11
352,309,12
352,677,13
352,303,14
352,320,15
352,878,16
352,318,17
352,291,18
352,99,19
352,49,20
353,126,1
353,0,2
353,287,3
353,293,4
353,55,5
353,299,6
353,236,7
353,120,8
353,171,9
353,203,10
353,301,11
353,116,12
353,68,13
353,356,14
353,63,15
353,11,16
353,194,17
353,175,18
353,21,19
353,474,20
354,332,1
354,689,2
354,301,3
354,312,4
354,331,5
354,268,6
354,325,7
354,330,8
354,257,9
354,300,10
354,326,11
354,291,12
354,339,13
354,747,14
354,749,15
354,244,16
354,886,17
354,322,18
354,288,19
354,343,20
355,268,1
355,301,2
355,300,3
355,244,4
355,322,5
355,689,6
355,288,7
355,339,8
355,326,9
355,331,10
355,267,11
355,303,12
355,878,13
355,749,14
355,320,15
355,677,16
355,318,17
355,681,18
355,302,19
355,270,20
356,287,1
356,285,2
356,299,3
356,49,4
356,99,5
356,312,6
356,327,7
356,180,8
356,322,9
356,268,10
356,332,11
356,288,12
356,126,13
356,301,14
356,256,15
356,677,16
356,267,17
356,300,18
356,275,19
356,14,20
357,169,1
357,196,2
357,513,3
357,482,4
357,85,5
357,461,6
357,729,7
357,602,8
357,133,9
357,190,10
357,134,11
357,97,12
357,922,13
357,165,14
357,478,15
357,512,16
357,434,17
357,164,18
357,653,19
357,473,20
358,257,1
358,293,2
358,287,3
358,299,4
358,99,5
358,327,6
358,236,7
358,268,8
358,126,9
358,301,10
358,244,11
358,288,12
358,332,13
358,221,14
358,256,15
358,300,16
358,275,17
358,321,18
358,8,19
358,14,20
359,287,1
359,293,2
359,299,3
359,312,4
359,120,5
359,6,6
359,116,7
359,97,8
359,8,9
359,275,10
359,288,11
359,267,12
359,150,13
359,332,14
359,244,15
359,474,16
359,300,17
359,322,18
359,110,19
359,317,20
360,180,1
360,173,2
360,0,3
360,171,4
360,126,5
360,209,6
360,6,7
360,68,8
360,422,9
360,317,10
360,194,11
360,95,12
360,116,13
360,190,14
360,21,15
360,63,16
360,88,17
360,150,18
360,134,19
360,356,20
361,285,1
361,268,2
361,306,3
361,288,4
361,300,5
361,689,6
361,325,7
361,339,8
361,326,9
361,271,10
361,309,11
361,303,12
361,270,13
361,314,14
361,291,15
361,330,16
361,318,17
361,749,18
361,750,19
361,258,20
362,317,1
362,293,2
362,201,3
362,63,4
362,190,5
362,285,6
362,134,7
362,356,8
362,131,9
362,14,10
362,193,11
362,654,12
362,117,13
362,196,14
362,110,15
362,482,16
362,426,17
362,275,18
362,210,19
362,174,20
363,299,1
363,257,2
363,327,3
363,312,4
363,332,5
363,747,6
363,306,7
363,244,8
363,322,9
363,300,10
363,325,11
363,321,12
363,339,13
363,326,14
363,331,15
363,271,16
363,309,17
363,303,18
363,878,19
363,314,20
364,285,1
364,299,2
364,312,3
364,327,4
364,747,5
364,301,6
364,332,7
364,244,8
364,322,9
364,306,10
364,321,11
364,689,12
364,49,13
364,326,14
364,677,15
364,331,16
364,303,17
364,309,18
364,878,19
364,750,20
365,173,1
365,49,2
365,203,3
365,171,4
365,180,5
365,209,6
365,167,7
365,422,8
365,172,9
365,78,10
365,194,11
365,68,12
365,175,13
365,95,14
365,201,15
365,182,16
365,27,17
365,215,18
365,99,19
365,81,20
366,180,1
366,0,2
366,120,3
366,173,4
366,116,5
366,293,6
366,171,7
366,221,8
366,126,9
366,236,10
366,203,11
366,209,12
366,404,13
366,78,14
366,172,15
366,150,16
366,167,17
366,68,18
366,95,19
366,194,20
367,173,1
367,171,2
367,203,3
367,209,4
367,167,5
367,0,6
367,172,7
367,78,8
367,120,9
367,422,10
367,194,11
367,68,12
367,175,13
367,201,14
367,21,15
367,215,16
367,27,17
367,81,18
367,221,19
367,185,20
368,285,1
368,299,2
368,257,3
368,287,4
368,293,5
368,312,6
368,327,7
368,268,8
368,301,9
368,747,10
368,332,11
368,288,12
368,244,13
368,300,14
368,99,15
368,322,16
368,306,17
368,321,18
368,339,19
368,271,20
369,0,1
369,126,2
369,203,3
369,120,4
369,167,5
369,78,6
369,6,7
369,317,8
369,68,9
369,215,10
369,236,11
369,285,12
369,95,13
369,190,14
369,257,15
369,116,16
369,27,17
369,201,18
369,233,19
369,88,20
370,99,1
370,55,2
370,171,3
370,120,4
370,172,5
370,167,6
370,194,7
370,6,8
370,95,9
370,221,10
370,215,11
370,317,12
370,27,13
370,190,14
370,88,15
370,150,16
370,404,17
370,81,18
370,134,19
370,237,20
371,49,1
371,180,2
371,257,3
371,293,4
371,0,5
371,120,6
371,299,7
371,116,8
371,236,9
371,126,10
371,221,11
371,173,12
371,404,13
371,312,14
371,747,15
371,150,16
371,171,17
371,256,18
371,14,19
371,117,20
372,55,1
372,97,2
372,175,3
372,182,4
372,233,5
372,0,6
372,120,7
372,184,8
372,221,9
372,6,10
372,181,11
372,10,12
372,482,13
372,199,14
372,7,15
372,404,16
372,418,17
372,236,18
372,202,19
372,187,20
373,257,1
373,285,2
373,299,3
373,747,4
373,312,5
373,21,6
373,327,7
373,507,8
373,244,9
373,274,10
373,268,11
373,249,12
373,297,13
373,190,14
373,677,15
373,267,16
373,237,17
373,356,18
373,301,19
373,270,20
374,49,1
374,173,2
374,180,3
374,55,4
374,97,5
374,171,6
374,99,7
374,203,8
374,209,9
374,167,10
374,172,11
374,0,12
374,78,13
374,422,14
374,120,15
374,68,16
374,194,17
374,95,18
374,201,19
374,215,20
375,49,1
375,285,2
375,257,3
375,293,4
375,299,5
375,0,6
375,126,7
375,312,8
375,120,9
375,6,10
375,116,11
375,221,12
375,747,13
375,173,14
375,55,15
375,301,16
375,275,17
375,8,18
375,404,19
375,256,20
376,285,1
376,299,2
376,49,3
376,327,4
376,180,5
376,268,6
376,0,7
376,301,8
376,236,9
376,332,10
376,288,11
376,120,12
376,126,13
376,244,14
376,116,15
376,300,16
376,321,17
376,306,18
376,221,19
376,275,20
377,167,1
377,126,2
377,227,3
377,356,4
377,184,5
377,426,6
377,482,7
377,210,8
377,207,9
377,186,10
377,228,11
377,208,12
377,153,13
377,473,14
377,187,15
377,602,16
377,22,17
377,133,18
377,430,19
377,479,20
378,422,1
378,317,2
378,120,3
378,21,4
378,221,5
378,131,6
378,227,7
378,116,8
378,69,9
378,181,10
378,482,11
378,236,12
378,10,13
378,179,14
378,70,15
378,214,16
378,94,17
378,208,18
378,587,19
378,153,20
379,55,1
379,209,2
379,172,3
379,194,4
379,126,5
379,215,6
379,95,7
379,190,8
379,201,9
379,152,10
379,81,11
379,116,12
379,236,13
379,69,14
379,654,15
379,143,16
379,142,17
379,10,18
379,404,19
379,174,20
380,180,1
380,173,2
380,285,3
380,55,4
380,126,5
380,97,6
380,257,7
380,287,8
380,6,9
380,171,10
380,236,11
380,203,12
380,221,13
380,116,14
380,172,15
380,209,16
380,167,17
380,68,18
380,299,19
380,422,20
381,180,1
381,293,2
381,287,3
381,0,4
381,299,5
381,120,6
381,236,7
381,173,8
381,116,9
381,312,10
381,221,11
381,268,12
381,171,13
381,404,14
381,747,15
381,301,16
381,14,17
381,256,18
381,274,19
381,203,20
382,49,1
382,180,2
382,173,3
382,0,4
382,257,5
382,126,6
382,55,7
382,97,8
382,293,9
382,120,10
382,287,11
382,6,12
382,171,13
382,203,14
382,221,15
382,116,16
382,172,17
382,317,18
382,167,19
382,78,20
383,287,1
383,293,2
383,268,3
383,306,4
383,244,5
383,322,6
383,300,7
383,689,8
383,325,9
383,321,10
383,339,11
383,267,12
383,331,13
383,309,14
383,677,15
383,303,16
383,314,17
383,320,18
383,291,19
383,330,20
384,68,1
384,63,2
384,27,3
384,178,4
384,95,5
384,69,6
384,201,7
384,21,8
384,0,9
384,96,10
384,195,11
384,526,12
384,654,13
384,581,14
384,85,15
384,212,16
384,6,17
384,169,18
384,227,19
384,82,20
385,257,1
385,293,2
385,287,3
385,285,4
385,299,5
385,99,6
385,0,7
385,312,8
385,747,9
385,236,10
385,327,11
385,268,12
385,244,13
385,256,14
385,288,15
385,301,16
385,332,17
385,14,18
385,275,19
385,8,20
386,215,1
386,236,2
386,233,3
386,404,4
386,131,5
386,69,6
386,184,7
386,482,8
386,142,9
386,426,10
386,14,11
386,87,12
386,8,13
386,256,14
386,117,15
386,526,16
386,110,17
386,275,18
386,274,19
386,133,20
387,285,1
387,49,2
387,747,3
387,180,4
387,268,5
387,244,6
387,288,7
387,126,8
387,267,9
387,6,10
387,321,11
387,221,12
387,270,13
387,256,14
387,404,15
387,271,16
387,14,17
387,339,18
387,326,19
387,750,20
388,194,1
388,95,2
388,182,3
388,88,4
388,317,5
388,21,6
388,96,7
388,356,8
388,227,9
388,654,10
388,143,11
388,264,12
388,69,13
388,11,14
388,179,15
388,174,16
388,120,17
388,214,18
388,384,19
388,229,20
389,287,1
389,293,2
389,312,3
389,268,4
389,747,5
389,332,6
389,244,7
389,306,8
389,322,9
389,300,10
389,267,11
389,321,12
389,339,13
389,325,14
389,326,15
389,271,16
389,331,17
389,677,18
389,49,19
389,270,20
390,180,1
390,0,2
390,120,3
390,6,4
390,171,5
390,116,6
390,209,7
390,78,8
390,150,9
390,404,10
390,422,11
390,215,12
390,182,13
390,201,14
390,27,15
390,24,16
390,134,17
390,256,18
390,152,19
390,312,20
391,99,1
391,747,2
391,0,3
391,236,4
391,300,5
391,244,6
391,120,7
391,6,8
391,321,9
391,306,10
391,116,11
391,8,12
391,221,13
391,326,14
391,274,15
391,689,16
391,677,17
391,314,18
391,750,19
391,14,20
392,173,1
392,97,2
392,175,3
392,150,4
392,233,5
392,126,6
392,182,7
392,215,8
392,229,9
392,237,10
392,225,11
392,228,12
392,199,13
392,234,14
392,181,15
392,217,16
392,230,17
392,184,18
392,431,19
392,187,20
393,99,1
393,233,2
393,126,3
393,317,4
393,63,5
393,190,6
393,195,7
393,152,8
393,236,9
393,70,10
393,134,11
393,142,12
393,94,13
393,10,14
393,356,15
393,193,16
393,181,17
393,184,18
393,69,19
393,587,20
394,293,1
394,116,2
394,6,3
394,221,4
394,268,5
394,404,6
394,55,7
394,275,8
394,301,9
394,8,10
394,24,11
394,288,12
394,244,13
394,322,14
394,267,15
394,110,16
394,332,17
394,741,18
394,274,19
394,124,20
395,257,1
395,293,2
395,285,3
395,747,4
395,312,5
395,49,6
395,268,7
395,288,8
395,180,9
395,301,10
395,306,11
395,300,12
395,267,13
395,6,14
395,126,15
395,325,16
395,256,17
395,275,18
395,271,19
395,326,20
396,257,1
396,293,2
396,299,3
396,268,4
396,0,5
396,236,6
396,327,7
396,120,8
396,221,9
396,332,10
396,275,11
396,244,12
396,8,13
396,300,14
396,322,15
396,256,16
396,274,17
396,97,18
396,271,19
396,14,20
397,97,1
397,209,2
397,194,3
397,120,4
397,317,5
397,21,6
397,88,7
397,6,8
397,221,9
397,237,10
397,150,11
397,264,12
397,142,13
397,160,14
397,404,15
397,10,16
397,567,17
397,179,18
397,178,19
397,174,20
398,201,1
398,182,2
398,215,3
398,88,4
398,6,5
398,190,6
398,134,7
398,87,8
398,356,9
398,193,10
398,184,11
398,3,12
398,69,13
398,199,14
398,207,15
398,210,16
398,426,17
398,738,18
398,434,19
398,366,20
399,332,1
399,301,2
399,244,3
399,288,4
399,321,5
399,267,6
399,325,7
399,339,8
399,326,9
399,271,10
399,677,11
399,309,12
399,270,13
399,314,14
399,878,15
399,318,16
399,291,17
399,99,18
399,49,19
399,330,20
400,257,1
400,55,2
400,97,3
400,287,4
400,6,5
400,221,6
400,78,7
400,299,8
400,194,9
400,422,10
400,95,11
400,175,12
400,21,13
400,14,14
400,182,15
400,312,16
400,27,17
400,233,18
400,11,19
400,88,20
401,293,1
401,287,2
401,299,3
401,120,4
401,312,5
401,268,6
401,327,7
401,404,8
401,173,9
401,55,10
401,301,11
401,288,12
401,97,13
401,267,14
401,322,15
401,332,16
401,171,17
401,741,18
401,300,19
401,124,20
402,293,1
402,285,2
402,299,3
402,312,4
402,327,5
402,268,6
402,322,7
402,244,8
402,288,9
402,301,10
402,332,11
402,14,12
402,267,13
402,24,14
402,321,15
402,677,16
402,300,17
402,741,18
402,270,19
402,124,20
403,325,1
403,321,2
403,339,3
403,267,4
403,303,5
403,314,6
403,291,7
403,320,8
403,270,9
403,318,10
403,681,11
403,302,12
403,750,13
403,346,14
403,345,15
403,357,16
403,241,17
403,894,18
403,304,19
403,311,20
404,966,1
404,1472,2
404,1202,3
404,629,4
404,967,5
404,1115,6
404,612,7
404,1123,8
404,1410,9
404,1132,10
404,1125,11
404,162,12
404,1182,13
404,166,14
404,1450,15
404,502,16
404,997,17
404,615,18
404,505,19
404,135,20
405,422,1
405,81,2
405,264,3
405,160,4
405,567,5
405,602,6
405,199,7
405,384,8
405,229,9
405,402,10
405,82,11
405,228,12
405,565,13
405,225,14
405,401,15
405,683,16
405,738,17
405,65,18
405,483,19
405,110,20
406,78,1
406,21,2
406,317,3
406,63,4
406,236,5
406,11,6
406,10,7
406,434,8
406,293,9
406,14,10
406,186,11
406,526,12
406,110,13
406,545,14
406,565,15
406,418,16
406,650,17
406,8,18
406,22,19
406,450,20
407,268,1
407,332,2
407,306,3
407,288,4
407,300,5
407,244,6
407,322,7
407,689,8
407,325,9
407,339,10
407,321,11
407,267,12
407,331,13
407,303,14
407,677,15
407,320,16
407,878,17
407,291,18
407,330,19
407,749,20
408,257,1
408,268,2
408,55,3
408,0,4
408,301,5
408,312,6
408,293,7
408,236,8
408,6,9
408,85,10
408,63,11
408,193,12
408,68,13
408,461,14
408,422,15
408,514,16
408,581,17
408,69,18
408,136,19
408,267,20
409,287,1
409,293,2
409,332,3
409,301,4
409,306,5
409,300,6
409,244,7
409,325,8
409,326,9
409,321,10
409,267,11
409,331,12
409,309,13
409,291,14
409,303,15
409,330,16
409,749,17
409,878,18
409,320,19
409,318,20
410,99,1
410,97,2
410,203,3
410,120,4
410,172,5
410,126,6
410,422,7
410,68,8
410,175,9
410,95,10
410,6,11
410,215,12
410,182,13
410,233,14
410,190,15
410,236,16
410,63,17
410,150,18
410,81,19
410,134,20
411,49,1
411,180,2
411,99,3
411,97,4
411,120,5
411,126,6
411,203,7
411,209,8
411,78,9
411,167,10
411,221,11
411,68,12
411,236,13
411,422,14
411,175,15
411,215,16
411,257,17
411,21,18
411,150,19
411,182,20
412,287,1
412,293,2
412,312,3
412,747,4
412,322,5
412,267,6
412,321,7
412,339,8
412,0,9
412,271,10
412,677,11
412,126,12
412,120,13
412,116,14
412,318,15
412,314,16
412,750,17
412,303,18
412,309,19
412,878,20
413,285,1
413,327,2
413,268,3
413,332,4
413,288,5
413,244,6
413,322,7
413,306,8
413,267,9
413,49,10
413,321,11
413,325,12
413,326,13
413,270,14
413,236,15
413,331,16
413,320,17
413,314,18
413,0,19
413,180,20
414,49,1
414,99,2
414,180,3
414,285,4
414,0,5
414,293,6
414,287,7
414,126,8
414,120,9
414,97,10
414,236,11
414,299,12
414,6,13
414,116,14
414,221,15
414,171,16
414,312,17
414,172,18
414,78,19
414,150,20
415,221,1
415,88,2
415,227,3
415,185,4
415,507,5
415,134,6
415,270,7
415,179,8
415,409,9
415,482,10
415,1027,11
415,454,12
415,526,13
415,434,14
415,750,15
415,565,16
415,228,17
415,174,18
415,207,19
415,1046,20
416,203,1
416,21,2
416,27,3
416,317,4
416,70,5
416,142,6
416,87,7
416,236,8
416,193,9
416,228,10
416,214,11
416,565,12
416,7,13
416,426,14
416,226,15
416,431,16
416,196,17
416,434,18
416,174,19
416,738,20
417,285,1
417,293,2
417,306,3
417,747,4
417,689,5
417,288,6
417,244,7
417,339,8
417,325,9
417,322,10
417,331,11
417,321,12
417,309,13
417,267,14
417,271,15
417,291,16
417,302,17
417,878,18
417,320,19
417,318,20
418,257,1
418,126,2
418,293,3
418,55,4
418,287,5
418,97,6
418,120,7
418,236,8
418,6,9
418,116,10
418,221,11
418,171,12
418,203,13
418,317,14
418,209,15
418,167,16
418,312,17
418,150,18
418,8,19
418,194,20
419,257,1
419,299,2
419,293,3
419,49,4
419,312,5
419,268,6
419,327,7
419,747,8
419,180,9
419,288,10
419,267,11
419,332,12
419,0,13
419,236,14
419,244,15
419,339,16
419,322,17
419,271,18
419,321,19
419,306,20
420,180,1
420,0,2
420,120,3
420,257,4
420,285,5
420,203,6
420,236,7
420,293,8
420,209,9
420,221,10
420,167,11
420,287,12
420,68,13
420,317,14
420,194,15
420,215,16
420,150,17
420,21,18
420,404,19
420,190,20
421,299,1
421,120,2
421,312,3
421,747,4
421,327,5
421,404,6
421,268,7
421,244,8
421,288,9
421,55,10
421,24,11
421,117,12
421,173,13
421,8,14
421,267,15
421,110,16
421,677,17
421,321,18
421,124,19
421,545,20
422,287,1
422,293,2
422,288,3
422,300,4
422,267,5
422,331,6
422,270,7
422,320,8
422,318,9
422,330,10
422,302,11
422,258,12
422,49,13
422,269,14
422,681,15
422,345,16
422,357,17
422,241,18
422,323,19
422,894,20
423,327,1
423,312,2
423,747,3
423,268,4
423,301,5
423,244,6
423,306,7
423,300,8
423,267,9
423,321,10
423,325,11
423,339,12
423,326,13
423,271,14
423,677,15
423,331,16
423,270,17
423,320,18
423,314,19
423,318,20
424,236,1
424,150,2
424,327,3
424,14,4
424,24,5
424,275,6
424,8,7
424,110,8
424,172,9
424,741,10
424,244,11
424,124,12
424,68,13
424,267,14
424,281,15
424,274,16
424,422,17
424,507,18
424,215,19
424,470,20
425,55,1
425,171,2
425,422,3
425,209,4
425,172,5
425,215,6
425,194,7
425,68,8
425,78,9
425,175,10
425,182,11
425,185,12
425,27,13
425,88,14
425,180,15
425,95,16
425,356,17
425,201,18
425,152,19
425,237,20
426,332,1
426,306,2
426,287,3
426,689,4
426,312,5
426,268,6
426,300,7
426,325,8
426,747,9
426,293,10
426,326,11
426,322,12
426,339,13
426,309,14
426,749,15
426,878,16
426,271,17
426,314,18
426,886,19
426,320,20
427,257,1
427,327,2
427,332,3
427,747,4
427,326,5
427,291,6
427,303,7
427,681,8
427,320,9
427,318,10
427,677,11
427,269,12
427,345,13
427,886,14
427,305,15
427,310,16
427,894,17
427,357,18
427,323,19
427,298,20
428,134,1
428,214,2
428,174,3
428,587,4
428,186,5
428,473,6
428,450,7
428,401,8
428,238,9
428,659,10
428,522,11
428,93,12
428,8,13
428,204,14
428,293,15
428,28,16
428,448,17
428,124,18
428,525,19
428,500,20
429,312,1
429,0,2
429,268,3
429,288,4
429,267,5
429,332,6
429,244,7
429,322,8
429,300,9
429,256,10
429,14,11
429,404,12
429,274,13
429,321,14
429,24,15
429,270,16
429,173,17
429,271,18
429,474,19
429,339,20
430,257,1
430,287,2
430,312,3
430,332,4
430,288,5
430,300,6
430,325,7
430,267,8
430,339,9
430,271,10
430,677,11
430,309,12
430,303,13
430,270,14
430,314,15
430,320,16
430,291,17
430,318,18
430,330,19
430,749,20
431,285,1
431,747,2
431,327,3
431,268,4
431,126,5
431,322,6
431,244,7
431,301,8
431,288,9
431,332,10
431,267,11
431,300,12
431,8,13
431,306,14
431,270,15
431,24,16
431,271,17
431,124,18
431,325,19
431,274,20
432,257,1
432,287,2
432,312,3
432,99,4
432,327,5
432,288,6
432,180,7
432,0,8
432,236,9
432,300,10
432,126,11
432,306,12
432,120,13
432,271,14
432,116,15
432,6,16
432,270,17
432,677,18
432,8,19
432,326,20
433,293,1
433,257,2
433,299,3
433,285,4
433,49,5
433,99,6
433,747,7
433,327,8
433,312,9
433,180,10
433,116,11
433,322,12
433,244,13
433,332,14
433,126,15
433,288,16
433,268,17
433,221,18
433,404,19
433,256,20
434,236,1
434,96,2
434,237,3
434,142,4
434,69,5
434,87,6
434,179,7
434,196,8
434,482,9
434,275,10
434,285,11
434,418,12
434,98,13
434,208,14
434,281,15
434,650,16
434,738,17
434,65,18
434,76,19
434,230,20
435,180,1
435,55,2
435,99,3
435,209,4
435,0,5
435,120,6
435,172,7
435,78,8
435,194,9
435,68,10
435,175,11
435,201,12
435,21,13
435,182,14
435,27,15
435,221,16
435,81,17
435,6,18
435,116,19
435,88,20
436,0,1
436,95,2
436,126,3
436,21,4
436,63,5
436,356,6
436,6,7
436,221,8
436,193,9
436,227,10
436,426,11
436,567,12
436,404,13
436,174,14
436,526,15
436,186,16
436,384,17
436,473,18
436,3,19
436,208,20
437,257,1
437,293,2
437,287,3
437,312,4
437,747,5
437,327,6
437,301,7
437,116,8
437,126,9
437,288,10
437,322,11
437,332,12
437,6,13
437,267,14
437,221,15
437,321,16
437,275,17
437,404,18
437,677,19
437,306,20
438,285,1
438,257,2
438,293,3
438,312,4
438,327,5
438,747,6
438,49,7
438,268,8
438,301,9
438,332,10
438,288,11
438,244,12
438,322,13
438,180,14
438,0,15
438,321,16
438,126,17
438,339,18
438,677,19
438,325,20
439,285,1
439,268,2
439,301,3
439,287,4
439,332,5
439,306,6
439,300,7
439,293,8
439,288,9
439,302,10
439,326,11
439,747,12
439,325,13
439,267,14
439,331,15
439,291,16
439,314,17
439,321,18
439,304,19
439,320,20
440,285,1
440,257,2
440,327,3
440,49,4
440,747,5
440,268,6
440,301,7
440,332,8
440,244,9
440,288,10
440,322,11
440,180,12
440,236,13
440,300,14
440,267,15
440,306,16
440,321,17
440,126,18
440,677,19
440,270,20
441,49,1
441,0,2
441,126,3
441,172,4
441,236,5
441,422,6
441,150,7
441,201,8
441,215,9
441,182,10
441,27,11
441,257,12
441,190,13
441,117,14
441,24,15
441,96,16
441,237,17
441,14,18
441,195,19
441,134,20
442,299,1
442,287,2
442,327,3
442,301,4
442,49,5
442,288,6
442,99,7
442,300,8
442,267,9
442,321,10
442,236,11
442,180,12
442,325,13
442,0,14
442,271,15
442,689,16
442,126,17
442,120,18
442,320,19
442,116,20
443,287,1
443,293,2
443,301,3
443,332,4
443,288,5
443,300,6
443,322,7
443,689,8
443,339,9
443,325,10
443,267,11
443,321,12
443,326,13
443,331,14
443,309,15
443,314,16
443,303,17
443,320,18
443,318,19
443,878,20
444,285,1
444,257,2
444,293,3
444,327,4
444,268,5
444,322,6
444,300,7
444,306,8
444,321,9
444,325,10
444,689,11
444,677,12
444,331,13
444,320,14
444,303,15
444,318,16
444,314,17
444,750,18
444,258,19
444,291,20
445,257,1
445,312,2
445,332,3
445,322,4
445,309,5
445,271,6
445,330,7
445,303,8
445,749,9
445,314,10
445,681,11
445,318,12
445,677,13
445,270,14
445,346,15
445,345,16
445,258,17
445,750,18
445,304,19
445,241,20
446,126,1
446,171,2
446,312,3
446,209,4
446,172,5
446,167,6
446,327,7
446,124,8
446,317,9
446,194,10
446,268,11
446,422,12
446,274,13
446,474,14
446,215,15
446,63,16
446,288,17
446,272,18
446,301,19
446,244,20
447,299,1
447,327,2
447,689,3
447,312,4
447,325,5
447,309,6
447,331,7
447,293,8
447,288,9
447,747,10
447,330,11
447,244,12
447,271,13
447,322,14
447,314,15
447,321,16
447,681,17
447,878,18
447,310,19
447,346,20
448,257,1
448,299,2
448,293,3
448,312,4
448,49,5
448,301,6
448,327,7
448,288,8
448,180,9
448,300,10
448,236,11
448,0,12
448,339,13
448,244,14
448,318,15
448,271,16
448,274,17
448,322,18
448,321,19
448,306,20
449,7,1
449,174,2
449,208,3
449,683,4
449,30,5
449,41,6
449,256,7
449,54,8
449,155,9
449,67,10
449,8,11
449,71,12
449,745,13
449,448,14
449,52,15
449,61,16
449,275,17
449,446,18
449,47,19
449,514,20
450,312,1
450,309,2
450,339,3
450,749,4
450,271,5
450,314,6
450,343,7
450,338,8
450,897,9
450,311,10
450,345,11
450,346,12
450,907,13
450,310,14
450,688,15
450,894,16
450,270,17
450,750,18
450,351,19
450,341,20
451,55,1
451,0,2
451,175,3
451,27,4
451,356,5
451,221,6
451,237,7
451,11,8
451,116,9
451,150,10
451,227,11
451,654,12
451,143,13
451,181,14
451,10,15
451,404,16
451,174,17
451,567,18
451,214,19
451,207,20
452,0,1
452,120,2
452,172,3
452,221,4
452,126,5
452,194,6
452,95,7
452,175,8
452,404,9
452,215,10
452,182,11
452,27,12
452,63,13
452,88,14
452,227,15
452,293,16
452,190,17
452,117,18
452,152,19
452,134,20
453,126,1
453,6,2
453,167,3
453,215,4
453,293,5
453,175,6
453,287,7
453,182,8
453,150,9
453,404,10
453,185,11
453,24,12
453,8,13
453,179,14
453,178,15
453,275,16
453,264,17
453,186,18
453,174,19
453,199,20
454,293,1
454,150,2
454,209,3
454,167,4
454,747,5
454,194,6
454,110,7
454,215,8
454,327,9
454,201,10
454,741,11
454,301,12
454,356,13
454,267,14
454,237,15
454,152,16
454,272,17
454,185,18
454,131,19
454,193,20
455,172,1
455,194,2
455,6,3
455,175,4
455,95,5
455,317,6
455,116,7
455,182,8
455,27,9
455,236,10
455,63,11
455,88,12
455,150,13
455,81,14
455,152,15
455,131,16
455,143,17
455,69,18
455,495,19
455,10,20
456,152,1
456,495,2
456,70,3
456,94,4
456,426,5
456,210,6
456,434,7
456,186,8
456,285,9
456,602,10
456,418,11
456,431,12
456,98,13
456,187,14
456,683,15
456,22,16
456,549,17
456,478,18
456,479,19
456,474,20
457,257,1
457,293,2
457,299,3
457,221,4
457,312,5
457,171,6
457,268,7
457,150,8
457,14,9
457,256,10
457,172,11
457,209,12
457,747,13
457,167,14
457,110,15
457,327,16
457,21,17
457,215,18
457,267,19
457,117,20
458,287,1
458,312,2
458,268,3
458,236,4
458,301,5
458,267,6
458,275,7
458,8,8
458,325,9
458,271,10
458,339,11
458,117,12
458,326,13
458,750,14
458,150,15
458,689,16
458,320,17
458,474,18
458,507,19
458,303,20
459,299,1
459,327,2
459,268,3
459,332,4
459,747,5
459,322,6
459,267,7
459,339,8
459,689,9
459,325,10
459,271,11
459,318,12
459,309,13
459,331,14
459,314,15
459,677,16
459,270,17
459,291,18
459,878,19
459,49,20
460,285,1
460,299,2
460,287,3
460,327,4
460,332,5
460,288,6
460,99,7
460,244,8
460,322,9
460,300,10
460,267,11
460,306,12
460,321,13
460,339,14
460,236,15
460,180,16
460,0,17
460,271,18
460,325,19
460,689,20
461,285,1
461,257,2
461,293,3
461,747,4
461,268,5
461,301,6
461,332,7
461,244,8
461,306,9
461,300,10
461,49,11
461,267,12
461,339,13
461,689,14
461,326,15
461,0,16
461,303,17
461,318,18
461,750,19
461,878,20
462,299,1
462,293,2
462,327,3
462,747,4
462,332,5
462,244,6
462,322,7
462,288,8
462,306,9
462,321,10
462,325,11
462,339,12
462,326,13
462,677,14
462,271,15
462,331,16
462,320,17
462,878,18
462,314,19
462,291,20
463,312,1
463,99,2
463,244,3
463,322,4
463,267,5
463,236,6
463,0,7
463,339,8
463,271,9
463,270,10
463,689,11
463,326,12
463,120,13
463,116,14
463,6,15
463,275,16
463,318,17
463,750,18
463,314,19
463,8,20
464,203,1
464,209,2
464,167,3
464,172,4
464,120,5
464,78,6
464,68,7
464,194,8
464,175,9
464,95,10
464,221,11
464,182,12
464,236,13
464,116,14
464,233,15
464,88,16
464,185,17
464,237,18
464,152,19
464,81,20
465,285,1
465,99,2
465,288,3
465,244,4
465,0,5
465,322,6
465,236,7
465,300,8
465,306,9
465,321,10
465,271,11
465,339,12
465,270,13
465,677,14
465,689,15
465,275,16
465,221,17
465,8,18
465,750,19
465,256,20
466,285,1
466,293,2
466,299,3
466,312,4
466,327,5
466,747,6
466,236,7
466,288,8
466,332,9
466,120,10
466,244,11
466,322,12
466,300,13
466,321,14
466,306,15
466,8,16
466,677,17
466,270,18
466,271,19
466,14,20
467,287,1
467,209,2
467,78,3
467,150,4
467,167,5
467,299,6
467,175,7
467,201,8
467,182,9
467,27,10
467,233,11
467,275,12
467,312,13
467,185,14
467,10,15
467,195,16
467,545,17
467,193,18
467,227,19
467,124,20
468,173,1
468,49,2
468,97,3
468,55,4
468,203,5
468,171,6
468,180,7
468,99,8
468,209,9
468,422,10
468,78,11
468,317,12
468,68,13
468,215,14
468,190,15
468,194,16
468,175,17
468,134,18
468,182,19
468,27,20
469,299,1
469,312,2
469,327,3
469,268,4
469,747,5
469,301,6
469,332,7
469,288,8
469,244,9
469,322,10
469,300,11
469,306,12
469,321,13
469,236,14
469,339,15
469,271,16
469,325,17
469,689,18
469,126,19
469,677,20
470,173,1
470,180,2
470,55,3
470,97,4
470,203,5
470,209,6
470,99,7
470,167,8
470,172,9
470,78,10
470,422,11
470,120,12
470,194,13
470,68,14
470,95,15
470,175,16
470,201,17
470,233,18
470,182,19
470,21,20
471,97,1
471,126,2
471,236,3
471,88,4
471,143,5
471,237,6
471,152,7
471,24,8
471,356,9
471,181,10
471,14,11
471,69,12
471,193,13
471,110,14
471,7,15
471,179,16
471,731,17
471,450,18
471,426,19
471,210,20
472,285,1
472,299,2
472,257,3
472,287,4
472,293,5
472,312,6
472,268,7
472,327,8
472,747,9
472,332,10
472,288,11
472,300,12
472,244,13
472,99,14
472,49,15
472,322,16
472,306,17
472,339,18
472,321,19
472,689,20
473,0,1
473,201,2
473,152,3
473,81,4
473,227,5
473,143,6
473,567,7
473,94,8
473,132,9
473,153,10
473,402,11
473,587,12
473,392,13
473,432,14
473,731,15
473,431,16
473,117,17
473,366,18
473,228,19
473,450,20
474,299,1
474,287,2
474,293,3
474,327,4
474,747,5
474,332,6
474,288,7
474,300,8
474,244,9
474,306,10
474,322,11
474,267,12
474,339,13
474,321,14
474,689,15
474,271,16
474,325,17
474,270,18
474,677,19
474,318,20
475,173,1
475,49,2
475,97,3
475,180,4
475,171,5
475,422,6
475,78,7
475,194,8
475,68,9
475,95,10
475,175,11
475,233,12
475,99,13
475,182,14
475,27,15
475,81,16
475,21,17
475,0,18
475,120,19
475,88,20
476,49,1
476,180,2
476,99,3
476,0,4
476,120,5
476,173,6
476,55,7
476,257,8
476,116,9
476,6,10
476,97,11
476,126,12
476,287,13
476,221,14
476,171,15
476,404,16
476,285,17
476,203,18
476,150,19
476,209,20
477,180,1
477,173,2
477,55,3
477,120,4
477,171,5
477,126,6
477,116,7
477,209,8
477,172,9
477,293,10
477,257,11
477,422,12
477,404,13
477,175,14
477,21,15
477,233,16
477,182,17
477,285,18
477,88,19
477,190,20
478,55,1
478,236,2
478,6,3
478,97,4
478,312,5
478,68,6
478,24,7
478,8,8
478,275,9
478,63,10
478,11,11
478,190,12
478,268,13
478,274,14
478,741,15
478,124,16
478,10,17
478,185,18
478,301,19
478,507,20
479,180,1
479,0,2
479,285,3
479,120,4
479,6,5
479,287,6
479,203,7
479,221,8
479,116,9
479,172,10
479,209,11
479,167,12
479,317,13
479,68,14
479,422,15
479,194,16
479,215,17
479,150,18
479,175,19
479,299,20
480,173,1
480,55,2
480,0,3
480,171,4
480,120,5
480,126,6
480,167,7
480,78,8
480,68,9
480,6,10
480,422,11
480,194,12
480,221,13
480,175,14
480,95,15
480,116,16
480,236,17
480,21,18
480,182,19
480,27,20
481,299,1
481,332,2
481,301,3
481,322,4
481,306,5
481,267,6
481,321,7
481,325,8
481,689,9
481,339,10
481,99,11
481,326,12
481,271,13
481,677,14
481,270,15
481,331,16
481,236,17
481,303,18
481,309,19
481,318,20
482,99,1
482,293,2
482,287,3
482,126,4
482,299,5
482,6,6
482,116,7
482,173,8
482,55,9
482,97,10
482,171,11
482,14,12
482,203,13
482,24,14
482,747,15
482,275,16
482,78,17
482,209,18
482,268,19
482,117,20
483,99,1
483,126,2
483,287,3
483,63,4
483,285,5
483,190,6
483,11,7
483,117,8
483,237,9
483,356,10
483,195,11
483,10,12
483,131,13
483,545,14
483,193,15
483,181,16
483,495,17
483,184,18
483,275,19
483,179,20
484,299,1
484,257,2
484,332,3
484,689,4
484,322,5
484,339,6
484,326,7
484,267,8
484,321,9
484,331,10
484,271,11
484,309,12
484,291,13
484,314,14
484,303,15
484,749,16
484,330,17
484,878,18
484,270,19
484,677,20
485,312,1
485,322,2
485,325,3
485,339,4
485,309,5
485,271,6
485,314,7
485,749,8
485,270,9
485,681,10
485,346,11
485,258,12
485,750,13
485,345,14
485,311,15
485,357,16
485,310,17
485,894,18
485,342,19
485,872,20
486,6,1
486,126,2
486,167,3
486,150,4
486,233,5
486,88,6
486,185,7
486,117,8
486,227,9
486,14,10
486,237,11
486,152,12
486,134,13
486,356,14
486,131,15
486,654,16
486,181,17
486,495,18
486,184,19
486,8,20
487,120,1
487,6,2
487,236,3
487,116,4
487,203,5
487,150,6
487,194,7
487,422,8
487,201,9
487,24,10
487,11,11
487,256,12
487,275,13
487,312,14
487,117,15
487,274,16
487,193,17
487,474,18
487,426,19
487,545,20
488,689,1
488,343,2
488,304,3
488,989,4
488,936,5
488,310,6
488,881,7
488,241,8
488,305,9
488,328,10
488,937,11
488,351,12
488,876,13
488,885,14
488,1037,15
488,335,16
488,895,17
488,347,18
488,887,19
488,261,20
489,299,1
489,287,2
489,293,3
489,312,4
489,327,5
489,747,6
489,268,7
489,244,8
489,322,9
489,300,10
489,267,11
489,306,12
489,321,13
489,339,14
489,325,15
489,677,16
489,271,17
489,270,18
489,326,19
489,120,20
490,287,1
490,299,2
490,49,3
490,312,4
490,268,5
490,180,6
490,301,7
490,327,8
490,0,9
490,747,10
490,288,11
490,267,12
490,120,13
490,332,14
490,116,15
490,300,16
490,244,17
490,275,18
490,8,19
490,322,20
491,49,1
491,180,2
491,173,3
491,97,4
491,0,5
491,203,6
491,167,7
491,172,8
491,209,9
491,120,10
491,78,11
491,422,12
491,6,13
491,194,14
491,215,15
491,190,16
491,175,17
491,221,18
491,236,19
491,95,20
492,285,1
492,293,2
492,236,3
492,312,4
492,747,5
492,268,6
492,14,7
492,275,8
492,8,9
492,301,10
492,110,11
492,288,12
492,267,13
492,244,14
492,124,15
492,281,16
492,507,17
492,321,18
492,300,19
492,470,20
493,257,1
493,287,2
493,6,3
493,312,4
493,116,5
493,55,6
493,268,7
493,404,8
493,327,9
493,275,10
493,256,11
493,150,12
493,301,13
493,24,14
493,171,15
493,267,16
493,274,17
493,110,18
493,117,19
493,78,20
494,27,1
494,21,2
494,96,3
494,237,4
494,317,5
494,99,6
494,193,7
494,69,8
494,587,9
494,11,10
494,214,11
494,6,12
494,179,13
494,426,14
494,7,15
494,98,16
494,196,17
494,482,18
494,174,19
494,116,20
495,209,1
495,422,2
495,78,3
495,68,4
495,175,5
495,99,6
495,201,7
495,215,8
495,233,9
495,0,10
495,81,11
495,120,12
495,237,13
495,152,14
495,143,15
495,356,16
495,654,17
495,160,18
495,264,19
495,193,20
496,68,1
496,63,2
496,317,3
496,116,4
496,195,5
496,237,6
496,190,7
496,131,8
496,142,9
496,134,10
496,87,11
496,495,12
496,356,13
496,214,14
496,731,15
496,217,16
496,210,17
496,418,18
496,7,19
496,179,20
497,285,1
497,0,2
497,293,3
497,172,4
497,317,5
497,116,6
497,68,7
497,215,8
497,194,9
497,95,10
497,21,11
497,356,12
497,299,13
497,27,14
497,404,15
497,152,16
497,275,17
497,312,18
497,193,19
497,69,20
498,285,1
498,293,2
498,287,3
498,0,4
498,120,5
498,236,6
498,221,7
498,268,8
498,171,9
498,203,10
498,8,11
498,150,12
498,404,13
498,275,14
498,78,15
498,301,16
498,167,17
498,14,18
498,747,19
498,24,20
499,126,1
499,287,2
499,221,3
499,78,4
499,172,5
499,317,6
499,194,7
499,95,8
499,21,9
499,175,10
499,63,11
499,190,12
499,11,13
499,356,14
499,185,15
499,152,16
499,143,17
499,10,18
499,268,19
499,131,20
500,285,1
500,257,2
500,299,3
500,327,4
500,747,5
500,49,6
500,268,7
500,332,8
500,322,9
500,301,10
500,288,11
500,0,12
500,300,13
500,267,14
500,321,15
500,270,16
500,325,17
500,339,18
500,271,19
500,8,20
501,285,1
501,747,2
501,301,3
501,268,4
501,244,5
501,288,6
501,689,7
501,325,8
501,321,9
501,331,10
501,326,11
501,339,12
501,267,13
501,309,14
501,271,15
501,330,16
501,303,17
501,291,18
501,314,19
501,749,20
502,55,1
502,257,2
502,6,3
502,293,4
502,221,5
502,287,6
502,116,7
502,194,8
502,190,9
502,95,10
502,21,11
502,150,12
502,63,13
502,356,14
502,27,15
502,134,16
502,201,17
502,88,18
502,237,19
502,299,20
503,171,1
503,172,2
503,78,3
503,21,4
503,88,5
503,227,6
503,0,7
503,63,8
503,190,9
503,567,10
503,143,11
503,264,12
503,134,13
503,229,14
503,495,15
503,94,16
503,221,17
503,181,18
503,11,19
503,6,20
504,99,1
504,221,2
504,167,3
504,404,4
504,317,5
504,215,6
504,287,7
504,233,8
504,27,9
504,285,10
504,63,11
504,88,12
504,11,13
504,185,14
504,134,15
504,356,16
504,237,17
504,24,18
504,152,19
504,14,20
505,97,1
505,99,2
505,0,3
505,120,4
505,126,5
505,6,6
505,317,7
505,21,8
505,116,9
505,63,10
505,236,11
505,237,12
505,150,13
505,152,14
505,356,15
505,404,16
505,143,17
505,264,18
505,184,19
505,142,20
506,285,1
506,288,2
506,300,3
506,321,4
506,325,5
506,267,6
506,339,7
506,326,8
506,331,9
506,271,10
506,303,11
506,320,12
506,330,13
506,291,14
506,99,15
506,258,16
506,269,17
506,236,18
506,302,19
506,346,20
507,99,1
507,55,2
507,126,3
507,6,4
507,21,5
507,201,6
507,27,7
507,116,8
507,63,9
507,88,10
507,236,11
507,134,12
507,96,13
507,11,14
507,404,15
507,193,16
507,495,17
507,181,18
507,196,19
507,264,20
508,285,1
508,312,2
508,268,3
508,747,4
508,332,5
508,322,6
508,321,7
508,339,8
508,326,9
508,271,10
508,99,11
508,677,12
508,320,13
508,314,14
508,303,15
508,291,16
508,236,17
508,258,18
508,749,19
508,330,20
509,327,1
509,306,2
509,301,3
509,268,4
509,300,5
509,689,6
509,326,7
509,331,8
509,339,9
509,267,10
509,309,11
509,271,12
509,878,13
509,330,14
509,303,15
509,681,16
509,314,17
509,320,18
509,270,19
509,749,20
510,285,1
510,257,2
510,327,3
510,306,4
510,301,5
510,268,6
510,747,7
510,689,8
510,300,9
510,244,10
510,322,11
510,288,12
510,325,13
510,326,14
510,331,15
510,309,16
510,267,17
510,330,18
510,271,19
510,878,20
511,287,1
511,293,2
511,99,3
511,299,4
511,180,5
511,126,6
511,236,7
511,120,8
511,6,9
511,268,10
511,116,11
511,747,12
511,327,13
511,221,14
511,173,15
511,288,16
511,97,17
511,275,18
511,8,19
511,404,20
512,293,1
512,99,2
512,287,3
512,285,4
512,0,5
512,299,6
512,236,7
512,6,8
512,312,9
512,747,10
512,327,11
512,55,12
512,173,13
512,150,14
512,14,15
512,97,16
512,24,17
512,275,18
512,268,19
512,8,20
513,285,1
513,55,2
513,120,3
513,126,4
513,287,5
513,116,6
513,299,7
513,150,8
513,8,9
513,275,10
513,237,11
513,81,12
513,474,13
513,741,14
513,545,15
513,124,16
513,181,17
513,495,18
513,426,19
513,281,20
514,332,1
514,300,2
514,244,3
514,326,4
514,330,5
514,267,6
514,271,7
514,878,8
514,320,9
514,302,10
514,677,11
514,318,12
514,269,13
514,345,14
514,750,15
514,886,16
514,304,17
514,311,18
514,241,19
514,357,20
515,99,1
515,0,2
515,173,3
515,55,4
515,257,5
515,97,6
515,126,7
515,120,8
515,293,9
515,6,10
515,287,11
515,236,12
515,171,13
515,116,14
515,221,15
515,209,16
515,172,17
515,78,18
515,167,19
515,68,20
516,285,1
516,287,2
516,99,3
516,312,4
516,120,5
516,6,6
516,322,7
516,244,8
516,301,9
516,288,10
516,256,11
516,267,12
516,275,13
516,14,14
516,321,15
516,8,16
516,300,17
516,677,18
516,270,19
516,150,20
517,257,1
517,285,2
517,293,3
517,49,4
517,312,5
517,747,6
517,327,7
517,180,8
517,268,9
517,322,10
517,244,11
517,126,12
517,332,13
517,301,14
517,267,15
517,256,16
517,321,17
517,300,18
517,677,19
517,14,20
518,689,1
518,299,2
518,306,3
518,358,4
518,881,5
518,330,6
518,343,7
518,989,8
518,291,9
518,937,10
518,309,11
518,936,12
518,325,13
518,285,14
518,749,15
518,301,16
518,897,17
518,880,18
518,1037,19
518,300,20
519,257,1
519,287,2
519,327,3
519,312,4
519,747,5
519,332,6
519,244,7
519,322,8
519,306,9
519,300,10
519,321,11
519,267,12
519,49,13
519,325,14
519,339,15
519,326,16
519,271,17
519,270,18
519,331,19
519,236,20
520,97,1
520,293,2
520,236,3
520,285,4
520,317,5
520,14,6
520,233,7
520,117,8
520,63,9
520,110,10
520,81,11
520,8,12
520,275,13
520,545,14
520,356,15
520,195,16
520,312,17
520,69,18
520,193,19
520,274,20
521,49,1
521,173,2
521,180,3
521,55,4
521,97,5
521,171,6
521,203,7
521,209,8
521,0,9
521,422,10
521,68,11
521,194,12
521,175,13
521,126,14
521,215,15
521,120,16
521,182,17
521,190,18
521,27,19
521,201,20
522,99,1
522,173,2
522,97,3
522,126,4
522,285,5
522,120,6
522,171,7
522,6,8
522,236,9
522,293,10
522,287,11
522,221,12
522,172,13
522,317,14
522,78,15
522,116,16
522,68,17
522,422,18
522,215,19
522,194,20
523,0,1
523,175,2
523,120,3
523,182,4
523,27,5
523,201,6
523,356,7
523,152,8
523,195,9
523,654,10
523,143,11
523,426,12
523,10,13
523,7,14
523,87,15
523,199,16
523,257,17
523,24,18
523,153,19
523,82,20
524,257,1
524,285,2
524,293,3
524,49,4
524,312,5
524,747,6
524,327,7
524,116,8
524,322,9
524,244,10
524,301,11
524,332,12
524,221,13
524,267,14
524,300,15
524,677,16
524,8,17
524,306,18
524,270,19
524,271,20
525,285,1
525,288,2
525,267,3
525,321,4
525,339,5
525,325,6
525,236,7
525,326,8
525,320,9
525,318,10
525,303,11
525,309,12
525,116,13
525,258,14
525,8,15
525,256,16
525,291,17
525,302,18
525,346,19
525,357,20
526,97,1
526,0,2
526,172,3
526,78,4
526,120,5
526,194,6
526,215,7
526,221,8
526,88,9
526,236,10
526,185,11
526,116,12
526,193,13
526,131,14
526,482,15
526,96,16
526,150,17
526,195,18
526,257,19
526,81,20
527,99,1
527,0,2
527,97,3
527,120,4
527,126,5
527,171,6
527,6,7
527,116,8
527,236,9
527,221,10
527,285,11
527,287,12
527,404,13
527,150,14
527,194,15
527,95,16
527,317,17
527,175,18
527,21,19
527,215,20
528,312,1
528,301,2
528,747,3
528,288,4
528,271,5
528,303,6
528,878,7
528,314,8
528,677,9
528,749,10
528,302,11
528,258,12
528,346,13
528,750,14
528,345,15
528,241,16
528,304,17
528,357,18
528,311,19
528,886,20
529,257,1
529,285,2
529,0,3
529,293,4
529,287,5
529,120,6
529,126,7
529,6,8
529,116,9
529,299,10
529,221,11
529,312,12
529,404,13
529,150,14
529,78,15
529,172,16
529,8,17
529,14,18
529,209,19
529,256,20
530,257,1
530,327,2
530,293,3
530,332,4
530,306,5
530,268,6
530,300,7
530,325,8
530,339,9
530,321,10
530,309,11
530,330,12
530,267,13
530,291,14
530,271,15
530,878,16
530,681,17
530,303,18
530,749,19
530,314,20
531,49,1
531,293,2
531,257,3
531,287,4
531,285,5
531,236,6
531,747,7
531,221,8
531,404,9
531,327,10
531,55,11
531,256,12
531,173,13
531,14,14
531,322,15
531,24,16
531,741,17
531,244,18
531,110,19
531,545,20
532,6,1
532,78,2
532,172,3
532,268,4
532,182,5
532,88,6
532,301,7
532,237,8
532,10,9
532,272,10
532,143,11
532,267,12
532,152,13
532,234,14
532,322,15
532,184,16
532,654,17
532,270,18
532,514,19
532,249,20
533,257,1
533,49,2
533,99,3
533,312,4
533,327,5
533,180,6
533,322,7
533,244,8
533,268,9
533,288,10
533,126,11
533,301,12
533,221,13
533,256,14
533,677,15
533,267,16
533,300,17
533,306,18
533,8,19
533,270,20
534,126,1
534,68,2
534,215,3
534,190,4
534,175,5
534,182,6
534,95,7
534,27,8
534,88,9
534,201,10
534,233,11
534,11,12
534,221,13
534,81,14
534,174,15
534,116,16
534,227,17
534,473,18
534,142,19
534,207,20
535,99,1
535,172,2
535,215,3
535,201,4
535,88,5
535,185,6
535,126,7
535,63,8
535,6,9
535,237,10
535,356,11
535,195,12
535,193,13
535,654,14
535,11,15
535,184,16
535,160,17
535,181,18
535,236,19
535,10,20
536,8,1
536,152,2
536,256,3
536,7,4
536,143,5
536,747,6
536,117,7
536,124,8
536,741,9
536,281,10
536,160,11
536,545,12
536,70,13
536,153,14
536,530,15
536,244,16
536,222,17
536,750,18
536,691,19
536,247,20
537,0,1
537,6,2
537,221,3
537,150,4
537,63,5
537,285,6
537,287,7
537,185,8
537,134,9
537,356,10
537,131,11
537,24,12
537,227,13
537,193,14
537,69,15
537,14,16
537,184,17
537,196,18
537,264,19
537,256,20
538,99,1
538,180,2
538,0,3
538,173,4
538,293,5
538,287,6
538,97,7
538,120,8
538,236,9
538,6,10
538,299,11
538,171,12
538,221,13
538,116,14
538,312,15
538,317,16
538,172,17
538,78,18
538,167,19
538,209,20
539,287,1
539,312,2
539,747,3
539,327,4
539,236,5
539,301,6
539,288,7
539,126,8
539,267,9
539,300,10
539,321,11
539,306,12
539,677,13
539,270,14
539,271,15
539,325,16
539,326,17
539,750,18
539,150,19
539,274,20
540,55,1
540,97,2
540,194,3
540,99,4
540,68,5
540,95,6
540,175,7
540,201,8
540,182,9
540,21,10
540,215,11
540,185,12
540,227,13
540,88,14
540,63,15
540,6,16
540,317,17
540,160,18
540,116,19
540,96,20
541,173,1
541,97,2
541,6,3
541,116,4
541,221,5
541,78,6
541,95,7
541,175,8
541,404,9
541,150,10
541,257,11
541,293,12
541,215,13
541,182,14
541,233,15
541,81,16
541,285,17
541,24,18
541,134,19
541,152,20
542,49,1
542,180,2
542,99,3
542,171,4
542,172,5
542,0,6
542,126,7
542,120,8
542,131,9
542,6,10
542,195,11
542,495,12
542,221,13
542,227,14
542,654,15
542,482,16
542,181,17
542,426,18
542,142,19
542,434,20
543,332,1
543,268,2
543,306,3
543,244,4
543,288,5
543,689,6
543,321,7
543,339,8
543,267,9
543,271,10
543,677,11
543,878,12
543,314,13
543,320,14
543,318,15
543,302,16
543,681,17
543,750,18
543,346,19
543,357,20
544,55,1
544,99,2
544,215,3
544,185,4
544,6,5
544,317,6
544,63,7
544,126,8
544,190,9
544,237,10
544,152,11
544,654,12
544,356,13
544,142,14
544,11,15
544,495,16
544,236,17
544,10,18
544,184,19
544,69,20
545,0,1
545,747,2
545,327,3
545,236,4
545,116,5
545,126,6
545,322,7
545,244,8
545,268,9
545,404,10
545,332,11
545,288,12
545,301,13
545,256,14
545,14,15
545,677,16
545,267,17
545,150,18
545,275,19
545,24,20
546,285,1
546,299,2
546,287,3
546,747,4
546,306,5
546,244,6
546,322,7
546,689,8
546,267,9
546,321,10
546,325,11
546,326,12
546,271,13
546,309,14
546,303,15
546,270,16
546,677,17
546,878,18
546,291,19
546,749,20
547,268,1
547,288,2
547,267,3
547,300,4
547,320,5
547,258,6
547,318,7
547,331,8
547,303,9
547,878,10
547,110,11
547,507,12
547,124,13
547,302,14
547,242,15
547,324,16
547,323,17
547,123,18
547,241,19
547,173,20
548,293,1
548,285,2
548,299,3
548,312,4
548,327,5
548,116,6
548,6,7
548,268,8
548,221,9
548,244,10
548,301,11
548,288,12
548,332,13
548,256,14
548,275,15
548,267,16
548,14,17
548,8,18
548,321,19
548,24,20
549,285,1
549,332,2
549,268,3
549,301,4
549,244,5
549,288,6
549,306,7
549,321,8
549,99,9
549,267,10
549,325,11
549,677,12
549,689,13
549,339,14
549,326,15
549,271,16
549,331,17
549,320,18
549,878,19
549,750,20
550,0,1
550,172,2
550,150,3
550,256,4
550,190,5
550,193,6
550,495,7
550,7,8
550,587,9
550,426,10
550,196,11
550,482,12
550,274,13
550,178,14
550,434,15
550,249,16
550,207,17
550,174,18
550,153,19
550,471,20
551,327,1
551,312,2
551,244,3
551,332,4
551,268,5
551,288,6
551,301,7
551,306,8
551,267,9
551,677,10
551,325,11
551,270,12
551,275,13
551,271,14
551,326,15
551,339,16
551,8,17
551,689,18
551,258,19
551,750,20
552,203,1
552,171,2
552,167,3
552,209,4
552,172,5
552,78,6
552,68,7
552,194,8
552,215,9
552,317,10
552,175,11
552,182,12
552,95,13
552,27,14
552,201,15
552,356,16
552,233,17
552,63,18
552,193,19
552,96,20
553,257,1
553,126,2
553,209,3
553,167,4
553,194,5
553,95,6
553,24,7
553,299,8
553,175,9
553,256,10
553,233,11
553,182,12
553,63,13
553,11,14
553,88,15
553,312,16
553,356,17
553,143,18
553,185,19
553,134,20
554,285,1
554,293,2
554,299,3
554,0,4
554,312,5
554,236,6
554,126,7
554,221,8
554,288,9
554,275,10
554,256,11
554,244,12
554,8,13
554,322,14
554,267,15
554,14,16
554,332,17
554,55,18
554,150,19
554,173,20
555,49,1
555,99,2
555,257,3
555,180,4
555,0,5
555,299,6
555,236,7
555,120,8
555,312,9
555,6,10
555,173,11
555,55,12
555,116,13
555,97,14
555,268,15
555,221,16
555,8,17
555,747,18
555,275,19
555,404,20
556,285,1
556,257,2
556,312,3
556,327,4
556,301,5
556,747,6
556,332,7
556,300,8
556,244,9
556,322,10
556,339,11
556,689,12
556,271,13
556,325,14
556,99,15
556,318,16
556,309,17
556,320,18
556,314,19
556,331,20
557,299,1
557,257,2
557,287,3
557,293,4
557,312,5
557,327,6
557,301,7
557,747,8
557,332,9
557,288,10
557,300,11
557,267,12
557,49,13
557,244,14
557,339,15
557,306,16
557,322,17
557,321,18
557,271,19
557,689,20
558,49,1
558,180,2
558,99,3
558,97,4
558,0,5
558,171,6
558,120,7
558,6,8
558,172,9
558,257,10
558,167,11
558,78,12
558,285,13
558,221,14
558,236,15
558,116,16
558,422,17
558,175,18
558,95,19
558,287,20
559,285,1
559,293,2
559,299,3
559,312,4
559,236,5
559,268,6
559,747,7
559,116,8
559,327,9
559,288,10
559,275,11
559,8,12
559,244,13
559,332,14
559,322,15
559,14,16
559,55,17
559,173,18
559,97,19
559,321,20
560,126,1
560,81,2
560,236,3
560,264,4
560,160,5
560,526,6
560,186,7
560,207,8
560,133,9
560,82,10
560,418,11
560,497,12
560,293,13
560,401,14
560,110,15
560,653,16
560,274,17
560,117,18
560,256,19
560,65,20
561,99,1
561,171,2
561,120,3
561,209,4
561,167,5
561,68,6
561,422,7
561,194,8
561,6,9
561,175,10
561,95,11
561,221,12
561,215,13
561,116,14
561,21,15
561,201,16
561,182,17
561,236,18
561,27,19
561,63,20
562,99,1
562,257,2
562,0,3
562,287,4
562,120,5
562,285,6
562,116,7
562,126,8
562,6,9
562,173,10
562,221,11
562,55,12
562,299,13
562,97,14
562,404,15
562,150,16
562,312,17
562,14,18
562,24,19
562,747,20
563,285,1
563,287,2
563,293,3
563,327,4
563,747,5
563,268,6
563,306,7
563,300,8
563,321,9
563,267,10
563,99,11
563,325,12
563,677,13
563,689,14
563,339,15
563,326,16
563,236,17
563,270,18
563,0,19
563,331,20
564,173,1
564,97,2
564,196,3
564,55,4
564,203,5
564,190,6
564,482,7
564,134,8
564,317,9
564,167,10
564,513,11
564,49,12
564,356,13
564,171,14
564,602,15
564,422,16
564,215,17
564,193,18
564,133,19
564,510,20
565,173,1
565,0,2
565,78,3
565,194,4
565,175,5
565,215,6
565,182,7
565,27,8
565,221,9
565,236,10
565,237,11
565,356,12
565,150,13
565,131,14
565,193,15
565,654,16
565,184,17
565,196,18
565,567,19
565,426,20
566,97,1
566,171,2
566,203,3
566,209,4
566,68,5
566,215,6
566,120,7
566,63,8
566,27,9
566,21,10
566,201,11
566,237,12
566,285,13
566,152,14
566,185,15
566,221,16
566,236,17
566,69,18
566,96,19
566,257,20
567,173,1
567,49,2
567,97,3
567,180,4
567,203,5
567,171,6
567,167,7
567,317,8
567,172,9
567,209,10
567,196,11
567,215,12
567,356,13
567,68,14
567,194,15
567,175,16
567,182,17
567,63,18
567,88,19
567,237,20
568,312,1
568,268,2
568,180,3
568,288,4
568,244,5
568,322,6
568,126,7
568,321,8
568,306,9
568,677,10
568,270,11
568,271,12
568,325,13
568,326,14
568,689,15
568,750,16
568,274,17
568,318,18
568,258,19
568,314,20
569,299,1
569,293,2
569,312,3
569,327,4
569,268,5
569,332,6
569,306,7
569,322,8
569,321,9
569,271,10
569,331,11
569,309,12
569,677,13
569,314,14
569,303,15
569,318,16
569,99,17
569,291,18
569,49,19
569,749,20
570,49,1
570,99,2
570,97,3
570,55,4
570,171,5
570,203,6
570,167,7
570,209,8
570,0,9
570,172,10
570,78,11
570,126,12
570,422,13
570,317,14
570,194,15
570,215,16
570,175,17
570,120,18
570,95,19
570,182,20
571,257,1
571,287,2
571,293,3
571,312,4
571,268,5
571,327,6
571,301,7
571,747,8
571,332,9
571,49,10
571,244,11
571,267,12
571,322,13
571,306,14
571,321,15
571,339,16
571,236,17
571,271,18
571,689,19
571,325,20
572,180,1
572,99,2
572,55,3
572,97,4
572,0,5
572,171,6
572,203,7
572,120,8
572,209,9
572,172,10
572,167,11
572,6,12
572,78,13
572,317,14
572,221,15
572,194,16
572,116,17
572,95,18
572,190,19
572,63,20
573,312,1
573,293,2
573,306,3
573,300,4
573,747,5
573,325,6
573,322,7
573,321,8
573,291,9
573,303,10
573,878,11
573,681,12
573,270,13
573,305,14
573,677,15
573,750,16
573,258,17
573,323,18
573,879,19
573,894,20
574,99,1
574,0,2
574,257,3
574,285,4
574,173,5
574,120,6
574,287,7
574,55,8
574,236,9
574,6,10
574,116,11
574,221,12
574,171,13
574,299,14
574,203,15
574,404,16
574,150,17
574,209,18
574,68,19
574,312,20
575,285,1
575,257,2
575,287,3
575,299,4
575,312,5
575,747,6
575,120,7
575,126,8
575,327,9
575,268,10
575,116,11
575,301,12
575,221,13
575,288,14
575,244,15
575,332,16
575,267,17
575,404,18
575,300,19
575,24,20
576,194,1
576,88,2
576,221,3
576,143,4
576,126,5
576,237,6
576,152,7
576,134,8
576,356,9
576,184,10
576,181,11
576,69,12
576,210,13
576,179,14
576,226,15
576,450,16
576,196,17
576,431,18
576,418,19
576,434,20
577,285,1
577,327,2
577,747,3
577,268,4
577,332,5
577,301,6
577,288,7
577,306,8
577,300,9
577,49,10
577,321,11
577,99,12
577,325,13
577,339,14
577,689,15
577,326,16
577,236,17
577,270,18
577,0,19
577,331,20
578,180,1
578,120,2
578,126,3
578,173,4
578,236,5
578,116,6
578,221,7
578,299,8
578,171,9
578,404,10
578,150,11
578,78,12
578,312,13
578,14,14
578,256,15
578,317,16
578,8,17
578,275,18
578,194,19
578,95,20
579,312,1
579,327,2
579,268,3
579,332,4
579,244,5
579,301,6
579,236,7
579,116,8
579,267,9
579,300,10
579,321,11
579,306,12
579,126,13
579,677,14
579,325,15
579,275,16
579,271,17
579,8,18
579,339,19
579,326,20
580,285,1
580,299,2
580,257,3
580,287,4
580,293,5
580,312,6
580,301,7
580,327,8
580,332,9
580,747,10
580,288,11
580,300,12
580,267,13
580,339,14
580,306,15
580,244,16
580,689,17
580,322,18
580,321,19
580,318,20
581,285,1
581,322,2
581,244,3
581,301,4
581,332,5
581,288,6
581,126,7
581,321,8
581,300,9
581,275,10
581,677,11
581,306,12
581,8,13
581,110,14
581,325,15
581,271,16
581,339,17
581,281,18
581,750,19
581,326,20
582,49,1
582,180,2
582,173,3
582,55,4
582,97,5
582,0,6
582,171,7
582,203,8
582,126,9
582,120,10
582,209,11
582,172,12
582,167,13
582,78,14
582,68,15
582,422,16
582,317,17
582,221,18
582,175,19
582,215,20
583,99,1
583,173,2
583,0,3
583,55,4
583,97,5
583,120,6
583,126,7
583,203,8
583,6,9
583,116,10
583,209,11
583,236,12
583,78,13
583,172,14
583,167,15
583,68,16
583,293,17
583,194,18
583,404,19
583,95,20
584,957,1
584,752,2
584,953,3
584,511,4
584,5,5
584,810,6
584,961,7
584,781,8
584,1165,9
584,1098,10
584,1193,11
584,1099,12
584,1465,13
584,1173,14
584,1403,15
584,512,16
584,1170,17
584,1267,18
584,1461,19
584,1158,20
585,97,1
585,99,2
585,0,3
585,167,4
585,6,5
585,215,6
585,150,7
585,88,8
585,63,9
585,190,10
585,96,11
585,195,12
585,134,13
585,131,14
585,11,15
585,70,16
585,356,17
585,142,18
585,94,19
585,193,20
586,343,1
586,345,2
586,897,3
586,298,4
586,310,5
586,241,6
586,305,7
586,750,8
586,989,9
586,881,10
586,328,11
586,323,12
586,871,13
586,907,14
586,537,15
586,351,16
586,873,17
586,358,18
586,753,19
586,895,20
587,194,1
587,95,2
587,175,3
587,126,4
587,182,5
587,404,6
587,88,7
587,63,8
587,190,9
587,227,10
587,237,11
587,152,12
587,134,13
587,195,14
587,356,15
587,10,16
587,193,17
587,69,18
587,181,19
587,184,20
588,747,1
588,268,2
588,301,3
588,244,4
588,291,5
588,330,6
588,314,7
588,320,8
588,749,9
588,318,10
588,302,11
588,269,12
588,346,13
588,345,14
588,357,15
588,241,16
588,304,17
588,311,18
588,342,19
588,99,20
589,257,1
589,299,2
589,287,3
589,293,4
589,312,5
589,327,6
589,747,7
589,268,8
589,49,9
589,301,10
589,332,11
589,288,12
589,244,13
589,322,14
589,300,15
589,267,16
589,306,17
589,321,18
589,0,19
589,180,20
590,49,1
590,180,2
590,173,3
590,97,4
590,0,5
590,172,6
590,120,7
590,422,8
590,68,9
590,317,10
590,194,11
590,6,12
590,175,13
590,95,14
590,221,15
590,182,16
590,21,17
590,27,18
590,116,19
590,233,20
591,299,1
591,689,2
591,320,3
591,303,4
591,309,5
591,878,6
591,274,7
591,269,8
591,24,9
591,110,10
591,315,11
591,310,12
591,514,13
591,283,14
591,872,15
591,273,16
591,475,17
591,879,18
591,125,19
591,537,20
592,126,1
592,6,2
592,221,3
592,257,4
592,293,5
592,167,6
592,150,7
592,194,8
592,95,9
592,175,10
592,21,11
592,201,12
592,27,13
592,63,14
592,190,15
592,88,16
592,256,17
592,11,18
592,81,19
592,185,20
593,257,1
593,299,2
593,287,3
593,293,4
593,312,5
593,327,6
593,747,7
593,301,8
593,0,9
593,288,10
593,332,11
593,267,12
593,322,13
593,300,14
593,120,15
593,116,16
593,6,17
593,321,18
593,306,19
593,339,20
594,299,1
594,285,2
594,327,3
594,312,4
594,322,5
594,332,6
594,244,7
594,268,8
594,301,9
594,306,10
594,321,11
594,300,12
594,325,13
594,0,14
594,116,15
594,270,16
594,326,17
594,689,18
594,339,19
594,331,20
595,747,1
595,268,2
595,301,3
595,332,4
595,244,5
595,99,6
595,300,7
595,306,8
595,267,9
595,321,10
595,236,11
595,0,12
595,325,13
595,339,14
595,271,15
595,270,16
595,689,17
595,326,18
595,120,19
595,126,20
596,257,1
596,287,2
596,312,3
596,268,4
596,332,5
596,301,6
596,244,7
596,99,8
596,300,9
596,306,10
596,321,11
596,267,12
596,236,13
596,339,14
596,270,15
596,271,16
596,689,17
596,326,18
596,120,19
596,116,20
597,287,1
597,293,2
597,327,3
597,332,4
597,301,5
597,306,6
597,244,7
597,300,8
597,288,9
597,325,10
597,339,11
597,321,12
597,326,13
597,267,14
597,331,15
597,271,16
597,309,17
597,303,18
597,878,19
597,314,20
598,299,1
598,257,2
598,285,3
598,327,4
598,312,5
598,332,6
598,322,7
598,268,8
598,306,9
598,288,10
598,301,11
598,321,12
598,300,13
598,325,14
598,677,15
598,267,16
598,689,17
598,326,18
598,49,19
598,331,20
599,97,1
599,203,2
599,167,3
599,422,4
599,172,5
599,68,6
599,201,7
599,233,8
599,185,9
599,27,10
599,215,11
599,96,12
599,63,13
599,195,14
599,152,15
599,131,16
599,143,17
599,70,18
599,237,19
599,190,20
600,0,1
600,6,2
600,116,3
600,236,4
600,78,5
600,422,6
600,215,7
600,285,8
600,201,9
600,27,10
600,88,11
600,24,12
600,143,13
600,96,14
600,110,15
600,10,16
600,545,17
600,69,18
600,264,19
600,654,20
601,285,1
601,257,2
601,287,3
601,312,4
601,327,5
601,268,6
601,332,7
601,301,8
601,322,9
601,244,10
601,288,11
601,306,12
601,300,13
601,99,14
601,321,15
601,267,16
601,325,17
601,339,18
601,689,19
601,271,20
602,0,1
602,257,2
602,120,3
602,285,4
602,126,5
602,97,6
602,236,7
602,116,8
602,404,9
602,299,10
602,203,11
602,150,12
602,78,13
602,167,14
602,68,15
602,14,16
602,24,17
602,256,18
602,194,19
602,95,20
603,49,1
603,173,2
603,180,3
603,171,4
603,203,5
603,209,6
603,167,7
603,172,8
603,78,9
603,422,10
603,0,11
603,68,12
603,194,13
603,120,14
603,95,15
603,175,16
603,201,17
603,215,18
603,21,19
603,27,20
604,49,1
604,257,2
604,180,3
604,312,4
604,6,5
604,747,6
604,221,7
604,327,8
604,55,9
604,256,10
604,288,11
604,150,12
604,267,13
604,24,14
604,322,15
604,171,16
604,741,17
604,321,18
604,270,19
604,124,20
605,285,1
605,299,2
605,317,3
605,8,4
605,275,5
605,741,6
605,356,7
605,274,8
605,69,9
605,596,10
605,181,11
605,142,12
605,495,13
605,268,14
605,327,15
605,3,16
605,402,17
605,273,18
605,288,19
605,267,20
606,49,1
606,180,2
606,285,3
606,257,4
606,0,5
606,126,6
606,293,7
606,97,8
606,287,9
606,236,10
606,6,11
606,299,12
606,171,13
606,116,14
606,203,15
606,317,16
606,172,17
606,312,18
606,78,19
606,167,20
607,180,1
607,0,2
607,257,3
607,120,4
607,6,5
607,236,6
607,221,7
607,172,8
607,116,9
607,209,10
607,190,11
607,175,12
607,150,13
607,95,14
607,134,15
607,182,16
607,11,17
607,312,18
607,88,19
607,404,20
608,299,1
608,285,2
608,327,3
608,332,4
608,747,5
608,306,6
608,301,7
608,268,8
608,689,9
608,244,10
608,322,11
608,300,12
608,288,13
608,325,14
608,331,15
608,321,16
608,326,17
608,339,18
608,309,19
608,267,20
609,180,1
609,99,2
609,173,3
609,120,4
609,257,5
609,285,6
609,236,7
609,221,8
609,172,9
609,167,10
609,68,11
609,150,12
609,404,13
609,95,14
609,21,15
609,190,16
609,63,17
609,201,18
609,233,19
609,299,20
610,257,1
610,327,2
610,293,3
610,747,4
610,325,5
610,244,6
610,288,7
610,322,8
610,326,9
610,331,10
610,309,11
610,321,12
610,291,13
610,330,14
610,303,15
610,878,16
610,681,17
610,320,18
610,318,19
610,677,20
611,257,1
611,285,2
611,293,3
611,287,4
611,49,5
611,180,6
611,312,7
611,747,8
611,327,9
611,120,10
611,268,11
611,301,12
611,288,13
611,244,14
611,322,15
611,332,16
611,221,17
611,267,18
611,256,19
611,275,20
612,99,1
612,180,2
612,285,3
612,293,4
612,287,5
612,173,6
612,120,7
612,55,8
612,236,9
612,97,10
612,6,11
612,116,12
612,299,13
612,221,14
612,171,15
612,203,16
612,312,17
612,404,18
612,150,19
612,172,20
613,257,1
613,299,2
613,49,3
613,312,4
613,747,5
613,327,6
613,180,7
613,268,8
613,301,9
613,332,10
613,244,11
613,322,12
613,126,13
613,267,14
613,300,15
613,321,16
613,306,17
613,221,18
613,256,19
613,677,20
614,49,1
614,180,2
614,173,3
614,257,4
614,0,5
614,55,6
614,97,7
614,287,8
614,120,9
614,6,10
614,171,11
614,203,12
614,221,13
614,116,14
614,317,15
614,172,16
614,78,17
614,209,18
614,312,19
614,194,20
615,293,1
615,689,2
615,339,3
615,331,4
615,267,5
615,309,6
615,303,7
615,320,8
615,681,9
615,318,10
615,270,11
615,258,12
615,269,13
615,750,14
615,241,15
615,304,16
615,357,17
615,311,18
615,886,19
615,323,20
616,203,1
616,171,2
616,209,3
616,167,4
616,49,5
616,172,6
616,194,7
616,78,8
616,175,9
616,68,10
616,95,11
616,185,12
616,215,13
616,201,14
616,180,15
616,27,16
616,81,17
616,134,18
616,21,19
616,190,20
617,221,1
617,88,2
617,227,3
617,152,4
617,404,5
617,356,6
617,193,7
617,229,8
617,179,9
617,210,10
617,178,11
617,434,12
617,392,13
617,207,14
617,174,15
617,526,16
617,228,17
617,208,18
617,731,19
617,473,20
618,99,1
618,0,2
618,285,3
618,236,4
618,6,5
618,221,6
618,97,7
618,150,8
618,171,9
618,747,10
618,14,11
618,24,12
618,203,13
618,209,14
618,172,15
618,275,16
618,110,17
618,8,18
618,68,19
618,167,20
619,55,1
619,116,2
619,221,3
619,209,4
619,404,5
619,203,6
619,78,7
619,95,8
619,68,9
619,167,10
619,194,11
619,175,12
619,126,13
619,201,14
619,21,15
619,545,16
619,182,17
619,227,18
619,215,19
619,143,20
620,55,1
620,97,2
620,203,3
620,209,4
620,126,5
620,236,6
620,167,7
620,68,8
620,194,9
620,293,10
620,21,11
620,201,12
620,233,13
620,257,14
620,215,15
620,287,16
620,317,17
620,63,18
620,88,19
620,227,20
621,233,1
621,215,2
621,185,3
621,317,4
621,190,5
621,96,6
621,237,7
621,264,8
621,654,9
621,70,10
621,356,11
621,150,12
621,181,13
621,392,14
621,236,15
621,199,16
621,210,17
621,179,18
621,207,19
621,196,20
622,99,1
622,173,2
622,0,3
622,55,4
622,97,5
622,171,6
622,6,7
622,236,8
622,116,9
622,172,10
622,293,11
622,167,12
622,68,13
622,422,14
622,194,15
622,317,16
622,150,17
622,95,18
622,404,19
622,175,20
623,288,1
623,321,2
623,331,3
623,303,4
623,750,5
623,314,6
623,258,7
623,8,8
623,291,9
623,330,10
623,221,11
623,302,12
623,681,13
623,242,14
623,324,15
623,342,16
623,323,17
623,894,18
623,117,19
623,263,20
624,55,1
624,0,2
624,97,3
624,126,4
624,6,5
624,236,6
624,78,7
624,116,8
624,68,9
624,317,10
624,287,11
624,63,12
624,27,13
624,233,14
624,88,15
624,11,16
624,185,17
624,152,18
624,81,19
624,14,20
625,299,1
625,268,2
625,306,3
625,244,4
625,300,5
625,689,6
625,325,7
625,321,8
625,339,9
625,309,10
625,303,11
625,270,12
625,320,13
625,314,14
625,330,15
625,318,16
625,749,17
625,258,18
625,750,19
625,302,20
626,49,1
626,180,2
626,97,3
626,203,4
626,0,5
626,172,6
626,167,7
626,126,8
626,215,9
626,201,10
626,221,11
626,233,12
626,185,13
626,150,14
626,237,15
626,152,16
626,356,17
626,131,18
626,193,19
626,264,20
627,285,1
627,327,2
627,312,3
627,268,4
627,747,5
627,306,6
627,244,7
627,288,8
627,322,9
627,321,10
627,326,11
627,267,12
627,271,13
627,309,14
627,303,15
627,314,16
627,330,17
627,878,18
627,320,19
627,749,20
628,180,1
628,0,2
628,120,3
628,236,4
628,312,5
628,221,6
628,747,7
628,301,8
628,404,9
628,256,10
628,288,11
628,150,12
628,24,13
628,322,14
628,117,15
628,78,16
628,741,17
628,317,18
628,124,19
628,507,20
629,285,1
629,312,2
629,747,3
629,327,4
629,404,5
629,268,6
629,244,7
629,288,8
629,301,9
629,332,10
629,150,11
629,267,12
629,55,13
629,677,14
629,300,15
629,270,16
629,474,17
629,274,18
629,507,19
629,306,20
630,299,1
630,257,2
630,327,3
630,332,4
630,301,5
630,268,6
630,747,7
630,689,8
630,244,9
630,325,10
630,339,11
630,326,12
630,321,13
630,267,14
630,330,15
630,291,16
630,303,17
630,878,18
630,749,19
630,320,20
631,120,1
631,126,2
631,221,3
631,116,4
631,215,5
631,150,6
631,404,7
631,88,8
631,134,9
631,237,10
631,152,11
631,293,12
631,69,13
631,264,14
631,495,15
631,184,16
631,14,17
631,117,18
631,196,19
631,285,20
632,180,1
632,99,2
632,0,3
632,173,4
632,126,5
632,257,6
632,6,7
632,293,8
632,221,9
632,285,10
632,203,11
632,209,12
632,172,13
632,167,14
632,68,15
632,150,16
632,21,17
632,215,18
632,201,19
632,24,20
633,327,1
633,288,2
633,300,3
633,306,4
633,267,5
633,180,6
633,325,7
633,270,8
633,326,9
633,256,10
633,320,11
633,331,12
633,750,13
633,258,14
633,303,15
633,878,16
633,318,17
633,309,18
633,357,19
633,269,20
634,285,1
634,257,2
634,287,3
634,312,4
634,244,5
634,288,6
634,689,7
634,321,8
634,325,9
634,339,10
634,331,11
634,271,12
634,677,13
634,309,14
634,303,15
634,320,16
634,270,17
634,314,18
634,291,19
634,318,20
635,285,1
635,287,2
635,293,3
635,299,4
635,49,5
635,180,6
635,747,7
635,327,8
635,268,9
635,236,10
635,301,11
635,126,12
635,288,13
635,116,14
635,332,15
635,244,16
635,6,17
635,322,18
635,267,19
635,300,20
636,257,1
636,287,2
636,312,3
636,747,4
636,268,5
636,301,6
636,306,7
636,677,8
636,325,9
636,339,10
636,326,11
636,270,12
636,271,13
636,320,14
636,275,15
636,303,16
636,878,17
636,750,18
636,258,19
636,314,20
637,55,1
637,0,2
637,172,3
637,78,4
637,6,5
637,68,6
637,422,7
637,236,8
637,215,9
637,317,10
637,150,11
637,27,12
637,63,13
637,190,14
637,257,15
637,293,16
637,134,17
637,11,18
637,356,19
637,96,20
638,49,1
638,180,2
638,55,3
638,171,4
638,126,5
638,317,6
638,78,7
638,0,8
638,68,9
638,194,10
638,175,11
638,182,12
638,63,13
638,88,14
638,237,15
638,95,16
638,21,17
638,185,18
638,233,19
638,6,20
639,49,1
639,180,2
639,99,3
639,0,4
639,257,5
639,120,6
639,293,7
639,287,8
639,126,9
639,285,10
639,97,11
639,6,12
639,116,13
639,236,14
639,221,15
639,171,16
639,404,17
639,299,18
639,68,19
639,14,20
640,285,1
640,99,2
640,180,3
640,287,4
640,293,5
640,126,6
640,0,7
640,173,8
640,299,9
640,55,10
640,236,11
640,97,12
640,120,13
640,6,14
640,312,15
640,268,16
640,116,17
640,221,18
640,171,19
640,8,20
641,97,1
641,78,2
641,175,3
641,160,4
641,227,5
641,229,6
641,182,7
641,264,8
641,228,9
641,143,10
641,226,11
641,225,12
641,549,13
641,565,14
641,195,15
641,654,16
641,237,17
641,61,18
641,430,19
641,199,20
642,221,1
642,317,2
642,21,3
642,190,4
642,63,5
642,236,6
642,150,7
642,134,8
642,96,9
642,195,10
642,264,11
642,181,12
642,70,13
642,426,14
642,257,15
642,179,16
642,24,17
642,293,18
642,94,19
642,7,20
643,285,1
643,287,2
643,312,3
643,268,4
643,301,5
643,244,6
643,300,7
643,267,8
643,689,9
643,326,10
643,677,11
643,339,12
643,331,13
643,271,14
643,270,15
643,878,16
643,303,17
643,309,18
643,320,19
643,314,20
644,99,1
644,203,2
644,209,3
644,78,4
644,0,5
644,422,6
644,126,7
644,175,8
644,120,9
644,233,10
644,6,11
644,237,12
644,152,13
644,221,14
644,96,15
644,131,16
644,11,17
644,81,18
644,195,19
644,116,20
645,332,1
645,301,2
645,268,3
645,300,4
645,325,5
645,244,6
645,288,7
645,339,8
645,326,9
645,321,10
645,330,11
645,291,12
645,267,13
645,878,14
645,302,15
645,320,16
645,886,17
645,269,18
645,270,19
645,304,20
646,49,1
646,180,2
646,99,3
646,0,4
646,257,5
646,55,6
646,126,7
646,97,8
646,287,9
646,285,10
646,6,11
646,171,12
646,203,13
646,209,14
646,150,15
646,167,16
646,68,17
646,194,18
646,95,19
646,24,20
647,99,1
647,236,2
647,63,3
647,96,4
647,195,5
647,11,6
647,131,7
647,134,8
647,10,9
647,654,10
647,181,11
647,587,12
647,256,13
647,257,14
647,7,15
647,426,16
647,731,17
647,596,18
647,450,19
647,401,20
648,257,1
648,285,2
648,293,3
648,287,4
648,299,5
648,99,6
648,312,7
648,747,8
648,327,9
648,236,10
648,268,11
648,6,12
648,244,13
648,301,14
648,288,15
648,332,16
648,221,17
648,267,18
648,404,19
648,321,20
649,27,1
649,317,2
649,63,3
649,654,4
649,11,5
649,69,6
649,10,7
649,404,8
649,7,9
649,236,10
649,650,11
649,432,12
649,57,13
649,82,14
649,683,15
649,659,16
649,30,17
649,93,18
649,581,19
649,110,20
650,299,1
650,257,2
650,287,3
650,312,4
650,327,5
650,332,6
650,747,7
650,288,8
650,306,9
650,244,10
650,322,11
650,339,12
650,325,13
650,271,14
650,309,15
650,318,16
650,320,17
650,99,18
650,270,19
650,314,20
651,257,1
651,312,2
651,268,3
651,49,4
651,301,5
651,99,6
651,288,7
651,267,8
651,321,9
651,236,10
651,180,11
651,0,12
651,325,13
651,677,14
651,339,15
651,270,16
651,271,17
651,689,18
651,120,19
651,326,20
652,172,1
652,567,2
652,654,3
652,11,4
652,70,5
652,94,6
652,587,7
652,426,8
652,7,9
652,24,10
652,482,11
652,434,12
652,418,13
652,431,14
652,208,15
652,217,16
652,98,17
652,202,18
652,650,19
652,65,20
653,285,1
653,126,2
653,6,3
653,8,4
653,327,5
653,124,6
653,474,7
653,288,8
653,95,9
653,175,10
653,244,11
653,322,12
653,63,13
653,272,14
653,201,15
653,470,16
653,233,17
653,182,18
653,190,19
653,332,20
654,970,1
654,810,2
654,1020,3
654,1523,4
654,1403,5
654,487,6
654,481,7
654,969,8
654,605,9
654,713,10
654,1158,11
654,9,12
654,633,13
654,498,14
654,491,15
654,660,16
654,477,17
654,1448,18
654,640,19
654,462,20
655,257,1
655,287,2
655,327,3
655,312,4
655,293,5
655,332,6
655,747,7
655,306,8
655,689,9
655,288,10
655,322,11
655,267,12
655,331,13
655,309,14
655,291,15
655,314,16
655,303,17
655,318,18
655,320,19
655,330,20
656,287,1
656,312,2
656,327,3
656,49,4
656,747,5
656,99,6
656,332,7
656,288,8
656,244,9
656,322,10
656,180,11
656,236,12
656,267,13
656,306,14
656,321,15
656,126,16
656,120,17
656,677,18
656,271,19
656,270,20
657,173,1
657,120,2
657,285,3
657,257,4
657,171,5
657,236,6
657,293,7
657,287,8
657,221,9
657,203,10
657,172,11
657,209,12
657,78,13
657,422,14
657,404,15
657,215,16
657,175,17
657,190,18
657,63,19
657,182,20
658,99,1
658,167,2
658,317,3
658,27,4
658,0,5
658,21,6
658,237,7
658,131,8
658,193,9
658,227,10
658,11,11
658,426,12
658,221,13
658,264,14
658,434,15
658,10,16
658,207,17
658,150,18
658,7,19
658,526,20
659,68,1
659,126,2
659,236,3
659,233,4
659,27,5
659,11,6
659,257,7
659,10,8
659,654,9
659,24,10
659,142,11
659,193,12
659,69,13
659,287,14
659,14,15
659,184,16
659,87,17
659,110,18
659,199,19
659,3,20
660,99,1
660,55,2
660,97,3
660,126,4
660,6,5
660,285,6
660,287,7
660,175,8
660,150,9
660,21,10
660,404,11
660,201,12
660,233,13
660,11,14
660,185,15
660,152,16
660,81,17
660,24,18
660,14,19
660,256,20
661,299,1
661,257,2
661,327,3
661,287,4
661,268,5
661,332,6
661,312,7
661,293,8
661,301,9
661,306,10
661,300,11
661,747,12
661,689,13
661,288,14
661,244,15
661,339,16
661,322,17
661,325,18
661,326,19
661,321,20
662,268,1
662,301,2
662,300,3
662,221,4
662,256,5
662,270,6
662,339,7
662,326,8
662,750,9
662,117,10
662,689,11
662,274,12
662,303,13
662,878,14
662,297,15
662,357,16
662,309,17
662,269,18
662,254,19
662,346,20
663,180,1
663,203,2
663,422,3
663,194,4
663,215,5
663,116,6
663,27,7
663,134,8
663,356,9
663,237,10
663,257,11
663,81,12
663,404,13
663,293,14
663,143,15
663,184,16
663,10,17
663,287,18
663,264,19
663,142,20
664,257,1
664,287,2
664,299,3
664,173,4
664,24,5
664,275,6
664,117,7
664,268,8
664,203,9
664,172,10
664,288,11
664,301,12
664,274,13
664,244,14
664,322,15
664,167,16
664,267,17
664,317,18
664,21,19
664,272,20
665,0,1
665,116,2
665,21,3
665,227,4
665,14,5
665,8,6
665,7,7
665,275,8
665,274,9
665,567,10
665,160,11
665,87,12
665,214,13
665,70,14
665,94,15
665,474,16
665,229,17
665,402,18
665,587,19
665,57,20
666,49,1
666,99,2
666,180,3
666,285,4
666,257,5
666,293,6
666,0,7
666,287,8
666,126,9
666,173,10
666,120,11
666,55,12
666,236,13
666,299,14
666,6,15
666,116,16
666,221,17
666,171,18
666,203,19
666,150,20
667,312,1
667,747,2
667,99,3
667,244,4
667,300,5
667,267,6
667,321,7
667,180,8
667,236,9
667,0,10
667,325,11
667,689,12
667,326,13
667,677,14
667,126,15
667,120,16
667,116,17
667,320,18
667,314,19
667,318,20
668,285,1
668,99,2
668,287,3
668,293,4
668,236,5
668,747,6
668,327,7
668,97,8
668,8,9
668,404,10
668,288,11
668,14,12
668,24,13
668,274,14
668,244,15
668,332,16
668,203,17
668,300,18
668,172,19
668,317,20
669,49,1
669,55,2
669,180,3
669,203,4
669,171,5
669,99,6
669,209,7
669,172,8
669,422,9
669,78,10
669,68,11
669,175,12
669,215,13
669,317,14
669,182,15
669,0,16
669,27,17
669,201,18
669,88,19
669,233,20
670,99,1
670,0,2
670,172,3
670,167,4
670,422,5
670,68,6
670,126,7
670,201,8
670,215,9
670,182,10
670,27,11
670,150,12
670,317,13
670,185,14
670,63,15
670,227,16
670,190,17
670,96,18
670,237,19
670,195,20
671,285,1
671,257,2
671,299,3
671,287,4
671,293,5
671,312,6
671,327,7
671,747,8
671,99,9
671,332,10
671,322,11
671,244,12
671,301,13
671,288,14
671,0,15
671,267,16
671,321,17
671,306,18
671,120,19
671,116,20
672,332,1
672,747,2
672,288,3
672,244,4
672,689,5
672,331,6
672,318,7
672,303,8
672,270,9
672,677,10
672,878,11
672,330,12
672,99,13
672,750,14
672,269,15
672,49,16
672,258,17
672,345,18
672,681,19
672,236,20
673,257,1
673,285,2
673,327,3
673,747,4
673,99,5
673,268,6
673,332,7
673,301,8
673,236,9
673,300,10
673,267,11
673,321,12
673,306,13
673,6,14
673,270,15
673,325,16
673,271,17
673,275,18
673,339,19
673,326,20
674,299,1
674,301,2
674,312,3
674,287,4
674,327,5
674,332,6
674,689,7
674,339,8
674,300,9
674,306,10
674,293,11
674,288,12
674,326,13
674,747,14
674,267,15
674,309,16
674,325,17
674,318,18
674,244,19
674,291,20
675,332,1
675,288,2
675,322,3
675,306,4
675,300,5
675,267,6
675,321,7
675,689,8
675,339,9
675,326,10
675,677,11
675,331,12
675,309,13
675,320,14
675,303,15
675,318,16
675,236,17
675,291,18
675,330,19
675,346,20
676,257,1
676,312,2
676,327,3
676,268,4
676,332,5
676,49,6
676,301,7
676,99,8
676,300,9
676,180,10
676,325,11
676,120,12
676,270,13
676,339,14
676,271,15
676,326,16
676,689,17
676,126,18
676,331,19
676,275,20
677,285,1
677,257,2
677,287,3
677,293,4
677,312,5
677,327,6
677,747,7
677,268,8
677,301,9
677,288,10
677,332,11
677,244,12
677,120,13
677,322,14
677,267,15
677,300,16
677,321,17
677,306,18
677,8,19
677,256,20
678,97,1
678,126,2
678,257,3
678,6,4
678,236,5
678,116,6
678,209,7
678,78,8
678,404,9
678,150,10
678,194,11
678,95,12
678,175,13
678,21,14
678,215,15
678,201,16
678,182,17
678,24,18
678,233,19
678,14,20
679,257,1
679,287,2
679,180,3
679,299,4
679,236,5
679,126,6
679,312,7
679,747,8
679,221,9
679,327,10
679,301,11
679,404,12
679,55,13
679,173,14
679,288,15
679,267,16
679,244,17
679,322,18
679,332,19
679,110,20
680,299,1
680,332,2
680,312,3
680,306,4
680,301,5
680,268,6
680,300,7
680,747,8
680,325,9
680,339,10
680,331,11
680,244,12
680,326,13
680,322,14
680,330,15
680,321,16
680,271,17
680,878,18
680,267,19
680,302,20
681,117,1
681,131,2
681,229,3
681,495,4
681,193,5
681,199,6
681,587,7
681,226,8
681,196,9
681,207,10
681,482,11
681,401,12
681,434,13
681,285,14
681,98,15
681,431,16
681,738,17
681,202,18
681,410,19
681,473,20
682,332,1
682,325,2
682,309,3
682,318,4
682,303,5
682,749,6
682,291,7
682,750,8
682,99,9
682,49,10
682,241,11
682,236,12
682,323,13
682,342,14
682,275,15
682,0,16
682,180,17
682,242,18
682,8,19
682,688,20
683,173,1
683,55,2
683,78,3
683,6,4
683,68,5
683,422,6
683,126,7
683,221,8
683,194,9
683,95,10
683,175,11
683,21,12
683,233,13
683,404,14
683,182,15
683,27,16
683,317,17
683,88,18
683,190,19
683,227,20
684,299,1
684,257,2
684,327,3
684,312,4
684,293,5
684,306,6
684,747,7
684,300,8
684,689,9
684,244,10
684,322,11
684,325,12
684,321,13
684,267,14
684,331,15
684,309,16
684,271,17
684,291,18
684,303,19
684,330,20
685,99,1
685,0,2
685,209,3
685,120,4
685,422,5
685,68,6
685,194,7
685,95,8
685,215,9
685,6,10
685,221,11
685,182,12
685,201,13
685,116,14
685,236,15
685,185,16
685,237,17
685,152,18
685,150,19
685,81,20
686,257,1
686,327,2
686,332,3
686,301,4
686,306,5
686,288,6
686,300,7
686,689,8
686,321,9
686,325,10
686,326,11
686,271,12
686,331,13
686,309,14
686,303,15
686,270,16
686,314,17
686,291,18
686,330,19
686,749,20
687,299,1
687,285,2
687,327,3
687,332,4
687,689,5
687,257,6
687,312,7
687,268,8
687,300,9
687,747,10
687,330,11
687,326,12
687,309,13
687,293,14
687,322,15
687,339,16
687,244,17
687,291,18
687,288,19
687,749,20
688,285,1
688,293,2
688,287,3
688,99,4
688,312,5
688,268,6
688,126,7
688,301,8
688,244,9
688,288,10
688,322,11
688,332,12
688,267,13
688,300,14
688,321,15
688,275,16
688,8,17
688,677,18
688,306,19
688,270,20
689,49,1
689,180,2
689,171,3
689,99,4
689,172,5
689,422,6
689,194,7
689,95,8
689,175,9
689,182,10
689,27,11
689,21,12
689,81,13
689,317,14
689,221,15
689,6,16
689,227,17
689,190,18
689,116,19
689,96,20
690,180,1
690,99,2
690,173,3
690,126,4
690,171,5
690,120,6
690,203,7
690,6,8
690,209,9
690,172,10
690,257,11
690,167,12
690,285,13
690,236,14
690,221,15
690,116,16
690,68,17
690,422,18
690,194,19
690,175,20
691,49,1
691,257,2
691,285,3
691,287,4
691,180,5
691,120,6
691,236,7
691,116,8
691,312,9
691,6,10
691,747,11
691,221,12
691,404,13
691,268,14
691,14,15
691,275,16
691,150,17
691,8,18
691,288,19
691,244,20
692,99,1
692,203,2
692,0,3
692,167,4
692,172,5
692,201,6
692,21,7
692,88,8
692,236,9
692,81,10
692,237,11
692,150,12
692,152,13
692,404,14
692,193,15
692,495,16
692,69,17
692,264,18
692,181,19
692,70,20
693,55,1
693,167,2
693,172,3
693,78,4
693,95,5
693,185,6
693,233,7
693,63,8
693,654,9
693,0,10
693,69,11
693,181,12
693,264,13
693,11,14
693,174,15
693,207,16
693,567,17
693,7,18
693,10,19
693,221,20
694,257,1
694,293,2
694,268,3
694,689,4
694,244,5
694,325,6
694,326,7
694,321,8
694,331,9
694,309,10
694,271,11
694,291,12
694,330,13
694,303,14
694,314,15
694,749,16
694,302,17
694,878,18
694,320,19
694,270,20
695,299,1
695,257,2
695,287,3
695,268,4
695,327,5
695,293,6
695,332,7
695,300,8
695,689,9
695,339,10
695,288,11
695,267,12
695,271,13
695,325,14
695,302,15
695,322,16
695,321,17
695,318,18
695,331,19
695,749,20
696,257,1
696,312,2
696,268,3
696,288,4
696,321,5
696,99,6
696,677,7
696,689,8
696,339,9
696,326,10
696,271,11
696,331,12
696,320,13
696,303,14
696,314,15
696,258,16
696,116,17
696,318,18
696,291,19
696,357,20
697,55,1
697,97,2
697,78,3
697,68,4
697,317,5
697,215,6
697,6,7
697,63,8
697,233,9
697,236,10
697,185,11
697,116,12
697,237,13
697,11,14
697,96,15
697,196,16
697,150,17
697,81,18
697,69,19
697,195,20
698,312,1
698,244,2
698,301,3
698,288,4
698,300,5
698,236,6
698,325,7
698,326,8
698,689,9
698,271,10
698,331,11
698,878,12
698,750,13
698,258,14
698,256,15
698,314,16
698,309,17
698,357,18
698,291,19
698,330,20
699,99,1
699,0,2
699,120,3
699,171,4
699,203,5
699,126,6
699,209,7
699,6,8
699,116,9
699,68,10
699,236,11
699,194,12
699,175,13
699,257,14
699,215,15
699,21,16
699,150,17
699,293,18
699,182,19
699,404,20
700,257,1
700,287,2
700,293,3
700,301,4
700,747,5
700,244,6
700,300,7
700,306,8
700,322,9
700,267,10
700,339,11
700,321,12
700,326,13
700,270,14
700,677,15
700,320,16
700,318,17
700,331,18
700,309,19
700,878,20
701,285,1
701,327,2
701,332,3
701,268,4
701,301,5
701,244,6
701,322,7
701,300,8
701,321,9
701,325,10
701,267,11
701,339,12
701,326,13
701,271,14
701,331,15
701,677,16
701,309,17
701,314,18
701,303,19
701,320,20
702,285,1
702,312,2
702,268,3
702,301,4
702,244,5
702,288,6
702,332,7
702,267,8
702,300,9
702,404,10
702,677,11
702,306,12
702,270,13
702,110,14
702,271,15
702,325,16
702,150,17
702,339,18
702,124,19
702,281,20
703,180,1
703,173,2
703,55,3
703,126,4
703,0,5
703,203,6
703,257,7
703,120,8
703,167,9
703,6,10
703,78,11
703,236,12
703,422,13
703,293,14
703,215,15
703,287,16
703,194,17
703,175,18
703,116,19
703,356,20
704,55,1
704,97,2
704,203,3
704,99,4
704,167,5
704,175,6
704,201,7
704,233,8
704,215,9
704,6,10
704,185,11
704,126,12
704,237,13
704,152,14
704,131,15
704,134,16
704,236,17
704,11,18
704,356,19
704,10,20
705,285,1
705,299,2
705,312,3
705,327,4
705,747,5
705,268,6
705,301,7
705,288,8
705,120,9
705,126,10
705,267,11
705,300,12
705,321,13
705,306,14
705,677,15
705,221,16
705,270,17
705,256,18
705,275,19
705,325,20
706,49,1
706,257,2
706,126,3
706,180,4
706,299,5
706,287,6
706,97,7
706,55,8
706,0,9
706,267,10
706,513,11
706,236,12
706,356,13
706,339,14
706,514,15
706,275,16
706,212,17
706,6,18
706,203,19
706,288,20
707,285,1
707,287,2
707,332,3
707,322,4
707,244,5
707,301,6
707,99,7
707,306,8
707,300,9
707,339,10
707,326,11
707,271,12
707,331,13
707,320,14
707,878,15
707,6,16
707,258,17
707,256,18
707,314,19
707,309,20
708,99,1
708,203,2
708,167,3
708,221,4
708,201,5
708,215,6
708,150,7
708,236,8
708,185,9
708,190,10
708,237,11
708,152,12
708,195,13
708,134,14
708,131,15
708,11,16
708,70,17
708,654,18
708,356,19
708,142,20
709,287,1
709,236,2
709,120,3
709,6,4
709,116,5
709,221,6
709,747,7
709,327,8
709,97,9
709,8,10
709,275,11
709,404,12
709,288,13
709,256,14
709,150,15
709,14,16
709,24,17
709,274,18
709,244,19
709,322,20
710,99,1
710,173,2
710,55,3
710,0,4
710,126,5
710,6,6
710,209,7
710,236,8
710,116,9
710,194,10
710,293,11
710,95,12
710,175,13
710,182,14
710,404,15
710,27,16
710,233,17
710,356,18
710,11,19
710,152,20
711,97,1
711,55,2
711,175,3
711,185,4
711,27,5
711,182,6
711,160,7
711,215,8
711,88,9
711,402,10
711,21,11
711,264,12
711,131,13
711,152,14
711,143,15
711,228,16
711,134,17
711,63,18
711,495,19
711,225,20
712,332,1
712,327,2
712,331,3
712,330,4
712,325,5
712,291,6
712,300,7
712,886,8
712,681,9
712,257,10
712,302,11
712,287,12
712,907,13
712,304,14
712,288,15
712,244,16
712,989,17
712,747,18
712,936,19
712,303,20
713,285,1
713,287,2
713,312,3
713,327,4
713,126,5
713,268,6
713,244,7
713,221,8
713,301,9
713,332,10
713,267,11
713,321,12
713,300,13
713,677,14
713,24,15
713,270,16
713,741,17
713,306,18
713,124,19
713,474,20
714,209,1
714,126,2
714,422,3
714,150,4
714,185,5
714,293,6
714,190,7
714,257,8
714,237,9
714,152,10
714,24,11
714,356,12
714,131,13
714,14,14
714,567,15
714,193,16
714,495,17
714,184,18
714,384,19
714,229,20
715,99,1
715,88,2
715,6,3
715,11,4
715,181,5
715,178,6
715,70,7
715,7,8
715,402,9
715,432,10
715,187,11
715,522,12
715,225,13
715,581,14
715,401,15
715,683,16
715,14,17
715,738,18
715,65,19
715,653,20
716,322,1
716,0,2
716,180,3
716,689,4
716,271,5
716,331,6
716,320,7
716,303,8
716,275,9
716,314,10
716,878,11
716,258,12
716,318,13
716,256,14
716,309,15
716,8,16
716,269,17
716,291,18
716,14,19
716,749,20
717,257,1
717,293,2
717,287,3
717,285,4
717,49,5
717,747,6
717,312,7
717,99,8
717,327,9
717,180,10
717,0,11
717,236,12
717,322,13
717,244,14
717,268,15
717,116,16
717,332,17
717,301,18
717,6,19
717,126,20
718,99,1
718,180,2
718,0,3
718,257,4
718,285,5
718,173,6
718,287,7
718,55,8
718,116,9
718,221,10
718,171,11
718,404,12
718,203,13
718,150,14
718,209,15
718,172,16
718,167,17
718,14,18
718,24,19
718,256,20
719,299,1
719,287,2
719,327,3
719,293,4
719,306,5
719,689,6
719,300,7
719,747,8
719,339,9
719,288,10
719,325,11
719,326,12
719,244,13
719,322,14
719,331,15
719,321,16
719,302,17
719,291,18
719,749,19
719,330,20
720,312,1
720,99,2
720,306,3
720,339,4
720,271,5
720,270,6
720,314,7
720,750,8
720,120,9
720,309,10
720,116,11
720,6,12
720,275,13
720,269,14
720,8,15
720,256,16
720,749,17
720,346,18
720,345,19
720,274,20
721,257,1
721,287,2
721,49,3
721,312,4
721,180,5
721,0,6
721,268,7
721,301,8
721,244,9
721,322,10
721,288,11
721,126,12
721,267,13
721,300,14
721,221,15
721,256,16
721,275,17
721,8,18
721,270,19
721,14,20
722,99,1
722,293,2
722,287,3
722,180,4
722,299,5
722,120,6
722,126,7
722,236,8
722,312,9
722,6,10
722,116,11
722,221,12
722,268,13
722,55,14
722,327,15
722,97,16
722,404,17
722,301,18
722,275,19
722,256,20
723,291,1
723,339,2
723,302,3
723,314,4
723,338,5
723,989,6
723,311,7
723,880,8
723,320,9
723,318,10
723,358,11
723,305,12
723,269,13
723,688,14
723,687,15
723,873,16
723,885,17
723,895,18
723,1037,19
723,329,20
724,312,1
724,268,2
724,301,3
724,288,4
724,322,5
724,306,6
724,267,7
724,49,8
724,325,9
724,339,10
724,689,11
724,326,12
724,271,13
724,677,14
724,270,15
724,236,16
724,331,17
724,0,18
724,303,19
724,314,20
725,257,1
725,299,2
725,285,3
725,287,4
725,327,5
725,747,6
725,312,7
725,49,8
725,332,9
725,244,10
725,268,11
725,99,12
725,301,13
725,288,14
725,306,15
725,321,16
725,300,17
725,236,18
725,267,19
725,677,20
726,150,1
726,215,2
726,236,3
726,63,4
726,317,5
726,96,6
726,654,7
726,142,8
726,356,9
726,495,10
726,181,11
726,193,12
726,3,13
726,184,14
726,14,15
726,199,16
726,214,17
726,741,18
726,7,19
726,217,20
727,257,1
727,299,2
727,287,3
727,293,4
727,312,5
727,327,6
727,268,7
727,332,8
727,301,9
727,244,10
727,49,11
727,300,12
727,306,13
727,267,14
727,325,15
727,0,16
727,339,17
727,180,18
727,689,19
727,271,20
728,285,1
728,257,2
728,301,3
728,268,4
728,306,5
728,244,6
728,322,7
728,300,8
728,288,9
728,325,10
728,339,11
728,326,12
728,331,13
728,267,14
728,330,15
728,291,16
728,303,17
728,314,18
728,681,19
728,749,20
729,285,1
729,287,2
729,312,3
729,301,4
729,332,5
729,288,6
729,244,7
729,322,8
729,306,9
729,126,10
729,677,11
729,325,12
729,270,13
729,271,14
729,689,15
729,8,16
729,221,17
729,320,18
729,750,19
729,318,20
730,49,1
730,173,2
730,97,3
730,180,4
730,171,5
730,99,6
730,209,7
730,172,8
730,422,9
730,78,10
730,175,11
730,95,12
730,317,13
730,190,14
730,233,15
730,185,16
730,88,17
730,21,18
730,134,19
730,237,20
731,257,1
731,327,2
731,312,3
731,332,4
731,301,5
731,306,6
731,747,7
731,300,8
731,322,9
731,325,10
731,339,11
731,326,12
731,267,13
731,309,14
731,271,15
731,291,16
731,330,17
731,314,18
731,749,19
731,878,20
732,299,1
732,327,2
732,312,3
732,268,4
732,747,5
732,332,6
732,288,7
732,300,8
732,306,9
732,322,10
732,267,11
732,339,12
732,689,13
732,325,14
732,326,15
732,271,16
732,320,17
732,318,18
732,331,19
732,303,20
733,180,1
733,99,2
733,0,3
733,126,4
733,6,5
733,78,6
733,236,7
733,167,8
733,257,9
733,116,10
733,68,11
733,285,12
733,194,13
733,175,14
733,95,15
733,215,16
733,150,17
733,404,18
733,182,19
733,63,20
734,293,1
734,312,2
734,327,3
734,301,4
734,322,5
734,267,6
734,306,7
734,321,8
734,339,9
734,120,10
734,271,11
734,677,12
734,325,13
734,270,14
734,256,15
734,750,16
734,314,17
734,221,18
734,258,19
734,14,20
735,299,1
735,257,2
735,287,3
735,327,4
735,312,5
735,268,6
735,332,7
735,301,8
735,306,9
735,244,10
735,300,11
735,288,12
735,689,13
735,321,14
735,325,15
735,339,16
735,267,17
735,326,18
735,331,19
735,271,20
736,49,1
736,180,2
736,55,3
736,97,4
736,0,5
736,171,6
736,120,7
736,203,8
736,209,9
736,6,10
736,78,11
736,167,12
736,236,13
736,116,14
736,68,15
736,422,16
736,194,17
736,317,18
736,175,19
736,215,20
737,236,1
737,293,2
737,287,3
737,11,4
737,285,5
737,131,6
737,24,7
737,14,8
737,10,9
737,193,10
737,69,11
737,181,12
737,184,13
737,142,14
737,110,15
737,482,16
737,426,17
737,8,18
737,7,19
737,545,20
738,257,1
738,293,2
738,180,3
738,299,4
738,0,5
738,126,6
738,312,7
738,236,8
738,120,9
738,6,10
738,268,11
738,116,12
738,173,13
738,221,14
738,747,15
738,327,16
738,301,17
738,288,18
738,8,19
738,275,20
739,312,1
739,332,2
739,306,3
739,300,4
739,244,5
739,322,6
739,689,7
739,267,8
739,326,9
739,271,10
739,309,11
739,303,12
739,291,13
739,677,14
739,314,15
739,320,16
739,878,17
739,330,18
739,749,19
739,302,20
740,99,1
740,0,2
740,126,3
740,167,4
740,221,5
740,116,6
740,194,7
740,236,8
740,95,9
740,175,10
740,404,11
740,317,12
740,182,13
740,293,14
740,63,15
740,257,16
740,88,17
740,190,18
740,11,19
740,237,20
741,285,1
741,287,2
741,299,3
741,312,4
741,747,5
741,120,6
741,327,7
741,268,8
741,301,9
741,288,10
741,244,11
741,322,12
741,332,13
741,267,14
741,256,15
741,275,16
741,404,17
741,8,18
741,300,19
741,321,20
742,312,1
742,327,2
742,332,3
742,244,4
742,322,5
742,306,6
742,49,7
742,689,8
742,271,9
742,326,10
742,270,11
742,677,12
742,236,13
742,331,14
742,318,15
742,314,16
742,309,17
742,303,18
742,0,19
742,750,20
743,99,1
743,285,2
743,257,3
743,180,4
743,293,5
743,287,6
743,299,7
743,120,8
743,6,9
743,116,10
743,55,11
743,312,12
743,221,13
743,97,14
743,268,15
743,171,16
743,404,17
743,150,18
743,747,19
743,256,20
744,55,1
744,120,2
744,171,3
744,236,4
744,293,5
744,116,6
744,172,7
744,209,8
744,287,9
744,317,10
744,68,11
744,422,12
744,194,13
744,215,14
744,175,15
744,21,16
744,190,17
744,404,18
744,233,19
744,356,20
745,99,1
745,97,2
745,172,3
745,6,4
745,68,5
745,194,6
745,215,7
745,236,8
745,233,9
745,317,10
745,27,11
745,150,12
745,190,13
745,237,14
745,96,15
745,152,16
745,11,17
745,356,18
745,293,19
745,257,20
746,190,1
746,88,2
746,185,3
746,120,4
746,196,5
746,434,6
746,236,7
746,143,8
746,150,9
746,142,10
746,526,11
746,160,12
746,199,13
746,567,14
746,404,15
746,522,16
746,202,17
746,384,18
746,274,19
746,229,20
747,99,1
747,97,2
747,120,3
747,126,4
747,116,5
747,293,6
747,287,7
747,422,8
747,150,9
747,404,10
747,190,11
747,201,12
747,27,13
747,11,14
747,24,15
747,237,16
747,14,17
747,81,18
747,256,19
747,8,20
748,6,1
748,27,2
748,317,3
748,96,4
748,264,5
748,11,6
748,69,7
748,587,8
748,7,9
748,426,10
748,287,11
748,217,12
748,431,13
748,450,14
748,234,15
748,366,16
748,683,17
748,650,18
748,473,19
748,596,20
749,312,1
749,332,2
749,301,3
749,306,4
749,288,5
749,689,6
749,325,7
749,339,8
749,267,9
749,331,10
749,271,11
749,309,12
749,291,13
749,677,14
749,314,15
749,320,16
749,749,17
749,681,18
749,318,19
749,258,20
750,126,1
750,221,2
750,257,3
750,68,4
750,422,5
750,293,6
750,194,7
750,175,8
750,317,9
750,150,10
750,21,11
750,287,12
750,285,13
750,182,14
750,233,15
750,63,16
750,190,17
750,11,18
750,185,19
750,356,20
751,327,1
751,291,2
751,244,3
751,302,4
751,681,5
751,303,6
751,878,7
751,318,8
751,311,9
751,241,10
751,897,11
751,338,12
751,879,13
751,989,14
751,936,15
751,298,16
751,880,17
751,872,18
751,894,19
751,907,20
752,99,1
752,257,2
752,287,3
752,0,4
752,126,5
752,120,6
752,236,7
752,6,8
752,55,9
752,116,10
752,221,11
752,404,12
752,8,13
752,747,14
752,150,15
752,275,16
752,301,17
752,203,18
752,256,19
752,14,20
753,299,1
753,257,2
753,287,3
753,293,4
753,312,5
753,747,6
753,268,7
753,332,8
753,301,9
753,244,10
753,322,11
753,288,12
753,49,13
753,300,14
753,99,15
753,267,16
753,321,17
753,325,18
753,677,19
753,689,20
754,312,1
754,332,2
754,306,3
754,325,4
754,331,5
754,267,6
754,271,7
754,291,8
754,314,9
754,320,10
754,749,11
754,677,12
754,681,13
754,302,14
754,346,15
754,269,16
754,750,17
754,345,18
754,241,19
754,304,20
755,173,1
755,55,2
755,97,3
755,171,4
755,203,5
755,126,6
755,6,7
755,167,8
755,68,9
755,236,10
755,404,11
755,201,12
755,215,13
755,317,14
755,27,15
755,63,16
755,190,17
755,293,18
755,185,19
755,237,20
756,126,1
756,236,2
756,293,3
756,215,4
756,317,5
756,233,6
756,285,7
756,24,8
756,190,9
756,14,10
756,11,11
756,185,12
756,237,13
756,356,14
756,134,15
756,110,16
756,131,17
756,8,18
756,69,19
756,654,20
757,0,1
757,8,2
757,14,3
757,274,4
757,267,5
757,110,6
757,317,7
757,244,8
757,21,9
757,332,10
757,322,11
757,422,12
757,356,13
757,321,14
757,88,15
757,677,16
757,514,17
757,69,18
757,96,19
757,193,20
758,285,1
758,287,2
758,312,3
758,268,4
758,99,5
758,301,6
758,332,7
758,288,8
758,300,9
758,267,10
758,306,11
758,321,12
758,325,13
758,270,14
758,6,15
758,339,16
758,271,17
758,326,18
758,275,19
758,689,20
759,99,1
759,0,2
759,120,3
759,173,4
759,55,5
759,293,6
759,116,7
759,6,8
759,126,9
759,221,10
759,404,11
759,285,12
759,209,13
759,150,14
759,78,15
759,172,16
759,167,17
759,68,18
759,95,19
759,422,20
760,299,1
760,285,2
760,327,3
760,312,4
760,322,5
760,332,6
760,268,7
760,301,8
760,99,9
760,306,10
760,321,11
760,300,12
760,267,13
760,120,14
760,270,15
760,326,16
760,339,17
760,689,18
760,271,19
760,256,20
761,299,1
761,257,2
761,287,3
761,293,4
761,312,5
761,327,6
761,268,7
761,747,8
761,332,9
761,288,10
761,244,11
761,300,12
761,306,13
761,322,14
761,267,15
761,339,16
761,321,17
761,689,18
761,325,19
761,99,20
762,180,1
762,171,2
762,203,3
762,422,4
762,317,5
762,215,6
762,120,7
762,182,8
762,201,9
762,88,10
762,63,11
762,185,12
762,6,13
762,81,14
762,495,15
762,116,16
762,184,17
762,227,18
762,654,19
762,181,20
763,180,1
763,257,2
763,287,3
763,126,4
763,299,5
763,171,6
763,312,7
763,256,8
763,747,9
763,203,10
763,78,11
763,209,12
763,167,13
763,545,14
763,327,15
763,95,16
763,194,17
763,268,18
763,422,19
763,474,20
764,257,1
764,287,2
764,293,3
764,299,4
764,99,5
764,180,6
764,312,7
764,268,8
764,0,9
764,301,10
764,327,11
764,747,12
764,120,13
764,6,14
764,116,15
764,288,16
764,267,17
764,275,18
764,8,19
764,332,20
765,55,1
765,203,2
765,209,3
765,78,4
765,194,5
765,95,6
765,99,7
765,63,8
765,152,9
765,96,10
765,654,11
765,142,12
765,143,13
765,69,14
765,0,15
765,426,16
765,87,17
765,11,18
765,120,19
765,199,20
766,49,1
766,173,2
766,180,3
766,203,4
766,126,5
766,167,6
766,172,7
766,209,8
766,78,9
766,317,10
766,422,11
766,68,12
766,194,13
766,215,14
766,190,15
766,120,16
766,95,17
766,134,18
766,6,19
766,63,20
767,285,1
767,257,2
767,293,3
767,327,4
767,747,5
767,180,6
767,301,7
767,332,8
767,288,9
767,322,10
767,267,11
767,6,12
767,321,13
767,306,14
767,677,15
767,275,16
767,270,17
767,325,18
767,326,19
767,750,20
768,293,1
768,287,2
768,285,3
768,299,4
768,49,5
768,99,6
768,312,7
768,327,8
768,180,9
768,322,10
768,244,11
768,116,12
768,332,13
768,288,14
768,301,15
768,6,16
768,126,17
768,321,18
768,267,19
768,256,20
769,285,1
769,312,2
769,268,3
769,244,4
769,306,5
769,321,6
769,236,7
769,339,8
769,271,9
769,270,10
769,689,11
769,326,12
769,126,13
769,120,14
769,320,15
769,275,16
769,331,17
769,318,18
769,750,19
769,303,20
770,99,1
770,287,2
770,120,3
770,126,4
770,173,5
770,6,6
770,299,7
770,116,8
770,55,9
770,404,10
770,150,11
770,203,12
770,256,13
770,8,14
770,24,15
770,275,16
770,209,17
770,747,18
770,268,19
770,167,20
771,285,1
771,332,2
771,268,3
771,288,4
771,300,5
771,689,6
771,339,7
771,267,8
771,291,9
771,318,10
771,749,11
771,302,12
771,681,13
771,269,14
771,346,15
771,99,16
771,345,17
771,49,18
771,357,19
771,241,20
772,172,1
772,78,2
772,422,3
772,68,4
772,194,5
772,21,6
772,221,7
772,27,8
772,201,9
772,134,10
772,236,11
772,116,12
772,185,13
772,150,14
772,96,15
772,131,16
772,193,17
772,81,18
772,196,19
772,495,20
773,172,1
773,0,2
773,215,3
773,190,4
773,152,5
773,143,6
773,131,7
773,142,8
773,70,9
773,495,10
773,150,11
773,94,12
773,10,13
773,69,14
773,587,15
773,236,16
773,426,17
773,434,18
773,482,19
773,418,20
774,287,1
774,327,2
774,293,3
774,747,4
774,300,5
774,288,6
774,322,7
774,339,8
774,325,9
774,267,10
774,321,11
774,331,12
774,303,13
774,291,14
774,320,15
774,318,16
774,302,17
774,878,18
774,677,19
774,270,20
775,55,1
775,203,2
775,171,3
775,209,4
775,422,5
775,172,6
775,78,7
775,175,8
775,68,9
775,95,10
775,201,11
775,182,12
775,185,13
775,215,14
775,81,15
775,227,16
775,96,17
775,152,18
775,63,19
775,160,20
776,49,1
776,180,2
776,173,3
776,97,4
776,120,5
776,257,6
776,293,7
776,6,8
776,236,9
776,171,10
776,221,11
776,209,12
776,172,13
776,78,14
776,68,15
776,150,16
776,404,17
776,317,18
776,194,19
776,422,20
777,49,1
777,180,2
777,99,3
777,171,4
777,0,5
777,209,6
777,172,7
777,95,8
777,175,9
777,126,10
777,221,11
777,201,12
777,21,13
777,182,14
777,317,15
777,88,16
777,63,17
777,190,18
777,150,19
777,236,20
778,285,1
778,287,2
778,99,3
778,236,4
778,312,5
778,126,6
778,747,7
778,268,8
778,404,9
778,301,10
778,275,11
778,288,12
778,244,13
778,322,14
778,8,15
778,150,16
778,55,17
778,24,18
778,173,19
778,332,20
779,180,1
779,99,2
779,55,3
779,0,4
779,126,5
779,120,6
779,257,7
779,6,8
779,236,9
779,221,10
779,172,11
779,116,12
779,167,13
779,287,14
779,68,15
779,194,16
779,95,17
779,175,18
779,150,19
779,404,20
780,0,1
780,120,2
780,299,3
780,236,4
780,6,5
780,116,6
780,221,7
780,97,8
780,312,9
780,404,10
780,150,11
780,268,12
780,256,13
780,14,14
780,747,15
780,8,16
780,275,17
780,24,18
780,78,19
780,172,20
781,358,1
781,881,2
781,326,3
781,304,4
781,1279,5
781,310,6
781,302,7
781,873,8
781,359,9
781,882,10
781,262,11
781,305,12
781,908,13
781,352,14
781,1021,15
781,241,16
781,895,17
781,318,18
781,905,19
781,1233,20
782,312,1
782,747,2
782,301,3
782,244,4
782,322,5
782,288,6
782,689,7
782,325,8
782,321,9
782,339,10
782,326,11
782,331,12
782,267,13
782,309,14
782,271,15
782,303,16
782,878,17
782,677,18
782,314,19
782,320,20
783,287,1
783,293,2
783,747,3
783,300,4
783,244,5
783,288,6
783,321,7
783,878,8
783,318,9
783,681,10
783,346,11
783,258,12
783,241,13
783,304,14
783,357,15
783,894,16
783,323,17
783,886,18
783,305,19
783,342,20
784,99,1
784,180,2
784,285,3
784,257,4
784,126,5
784,120,6
784,299,7
784,236,8
784,6,9
784,116,10
784,97,11
784,221,12
784,312,13
784,171,14
784,404,15
784,150,16
784,8,17
784,275,18
784,203,19
784,256,20
785,55,1
785,78,2
785,167,3
785,95,4
785,21,5
785,150,6
785,63,7
785,257,8
785,293,9
785,134,10
785,11,11
785,152,12
785,287,13
785,143,14
785,24,15
785,193,16
785,10,17
785,184,18
785,181,19
785,117,20
786,331,1
786,300,2
786,326,3
786,339,4
786,681,5
786,886,6
786,322,7
786,288,8
786,343,9
786,302,10
786,321,11
786,314,12
786,271,13
786,881,14
786,907,15
786,338,16
786,311,17
786,989,18
786,320,19
786,345,20
787,49,1
787,180,2
787,209,3
787,167,4
787,172,5
787,201,6
787,215,7
787,126,8
787,190,9
787,237,10
787,195,11
787,264,12
787,160,13
787,142,14
787,495,15
787,87,16
787,94,17
787,196,18
787,7,19
787,178,20
788,257,1
788,299,2
788,312,3
788,747,4
788,327,5
788,268,6
788,236,7
788,301,8
788,120,9
788,288,10
788,332,11
788,116,12
788,244,13
788,322,14
788,6,15
788,267,16
788,300,17
788,221,18
788,321,19
788,256,20
789,203,1
789,422,2
789,194,3
789,126,4
789,233,5
789,27,6
789,81,7
789,317,8
789,63,9
789,237,10
789,70,11
789,131,12
789,11,13
789,117,14
789,10,15
789,654,16
789,94,17
789,384,18
789,356,19
789,87,20
790,257,1
790,312,2
790,332,3
790,322,4
790,306,5
790,267,6
790,689,7
790,339,8
790,325,9
790,271,10
790,99,11
790,677,12
790,270,13
790,309,14
790,320,15
790,314,16
790,878,17
790,750,18
790,236,19
790,291,20
791,257,1
791,293,2
791,287,3
791,285,4
791,299,5
791,49,6
791,747,7
791,312,8
791,327,9
791,180,10
791,116,11
791,322,12
791,244,13
791,268,14
791,332,15
791,288,16
791,126,17
791,301,18
791,256,19
791,221,20
792,257,1
792,285,2
792,299,3
792,312,4
792,747,5
792,327,6
792,268,7
792,322,8
792,244,9
792,332,10
792,301,11
792,288,12
792,267,13
792,321,14
792,300,15
792,677,16
792,306,17
792,14,18
792,270,19
792,24,20
793,257,1
793,287,2
793,299,3
793,293,4
793,312,5
793,327,6
793,301,7
793,747,8
793,236,9
793,288,10
793,120,11
793,267,12
793,332,13
793,6,14
793,244,15
793,116,16
793,300,17
793,322,18
793,275,19
793,8,20
794,55,1
794,97,2
794,68,3
794,194,4
794,175,5
794,21,6
794,215,7
794,182,8
794,81,9
794,126,10
794,317,11
794,63,12
794,227,13
794,236,14
794,195,15
794,160,16
794,356,17
794,70,18
794,10,19
794,495,20
795,6,1
795,134,2
795,10,3
795,69,4
795,24,5
795,287,6
795,178,7
795,434,8
795,207,9
795,174,10
795,650,11
795,234,12
795,275,13
795,132,14
795,238,15
795,82,16
795,54,17
795,67,18
795,474,19
795,72,20
796,257,1
796,287,2
796,312,3
796,332,4
796,301,5
796,244,6
796,322,7
796,288,8
796,300,9
796,321,10
796,267,11
796,325,12
796,99,13
796,689,14
796,677,15
796,271,16
796,270,17
796,331,18
796,236,19
796,320,20
797,55,1
797,95,2
797,194,3
797,68,4
797,175,5
797,233,6
797,182,7
797,185,8
797,21,9
797,229,10
797,215,11
797,384,12
797,143,13
797,88,14
797,228,15
797,226,16
797,225,17
797,63,18
797,654,19
797,565,20
798,299,1
798,287,2
798,293,3
798,312,4
798,99,5
798,268,6
798,301,7
798,327,8
798,180,9
798,0,10
798,332,11
798,236,12
798,267,13
798,300,14
798,244,15
798,322,16
798,120,17
798,6,18
798,339,19
798,271,20
799,285,1
799,257,2
799,287,3
799,99,4
799,312,5
799,747,6
799,327,7
799,268,8
799,301,9
799,116,10
799,244,11
799,332,12
799,322,13
799,6,14
799,267,15
799,300,16
799,321,17
799,8,18
799,306,19
799,677,20
800,285,1
800,257,2
800,747,3
800,268,4
800,322,5
800,288,6
800,689,7
800,321,8
800,339,9
800,326,10
800,271,11
800,309,12
800,677,13
800,878,14
800,303,15
800,330,16
800,314,17
800,291,18
800,320,19
800,749,20
801,49,1
801,180,2
801,99,3
801,0,4
801,120,5
801,116,6
801,236,7
801,126,8
801,312,9
801,221,10
801,404,11
801,173,12
801,327,13
801,256,14
801,150,15
801,14,16
801,117,17
801,24,18
801,171,19
801,268,20
802,257,1
802,287,2
802,327,3
802,293,4
802,312,5
802,332,6
802,301,7
802,300,8
802,322,9
802,325,10
802,326,11
802,267,12
802,331,13
802,271,14
802,309,15
802,291,16
802,330,17
802,314,18
802,878,19
802,749,20
803,116,1
803,11,2
803,87,3
803,426,4
803,7,5
803,178,6
803,14,7
803,110,8
803,683,9
803,257,10
803,65,11
803,57,12
803,76,13
803,82,14
803,8,15
803,72,16
803,659,17
803,275,18
803,41,19
803,272,20
804,68,1
804,236,2
804,317,3
804,63,4
804,185,5
804,96,6
804,131,7
804,264,8
804,193,9
804,69,10
804,495,11
804,14,12
804,181,13
804,256,14
804,229,15
804,426,16
804,482,17
804,285,18
804,214,19
804,210,20
805,6,1
805,293,2
805,172,3
805,68,4
805,150,5
805,422,6
805,21,7
805,299,8
805,182,9
805,190,10
805,63,11
805,201,12
805,24,13
805,14,14
805,8,15
805,275,16
805,134,17
805,117,18
805,312,19
805,96,20
806,55,1
806,97,2
806,175,3
806,201,4
806,182,5
806,215,6
806,99,7
806,63,8
806,96,9
806,190,10
806,152,11
806,237,12
806,195,13
806,567,14
806,654,15
806,356,16
806,87,17
806,6,18
806,184,19
806,11,20
807,257,1
807,327,2
807,268,3
807,306,4
807,288,5
807,300,6
807,322,7
807,689,8
807,267,9
807,325,10
807,321,11
807,271,12
807,309,13
807,677,14
807,314,15
807,303,16
807,320,17
807,318,18
807,878,19
807,291,20
808,287,1
808,293,2
808,268,3
808,322,4
808,300,5
808,689,6
808,325,7
808,267,8
808,326,9
808,331,10
808,309,11
808,270,12
808,303,13
808,320,14
808,878,15
808,291,16
808,99,17
808,749,18
808,49,19
808,750,20
809,257,1
809,747,2
809,301,3
809,306,4
809,244,5
809,689,6
809,321,7
809,339,8
809,326,9
809,267,10
809,331,11
809,271,12
809,309,13
809,291,14
809,314,15
809,270,16
809,749,17
809,318,18
809,681,19
809,302,20
810,287,1
810,327,2
810,312,3
810,332,4
810,268,5
810,301,6
810,244,7
810,325,8
810,321,9
810,339,10
810,326,11
810,331,12
810,267,13
810,271,14
810,309,15
810,330,16
810,878,17
810,749,18
810,681,19
810,270,20
811,257,1
811,312,2
811,268,3
811,306,4
811,322,5
811,300,6
811,689,7
811,321,8
811,339,9
811,326,10
811,267,11
811,271,12
811,309,13
811,878,14
811,303,15
811,330,16
811,314,17
811,320,18
811,749,19
811,270,20
812,285,1
812,327,2
812,257,3
812,287,4
812,332,5
812,312,6
812,747,7
812,301,8
812,268,9
812,322,10
812,244,11
812,300,12
812,331,13
812,326,14
812,321,15
812,339,16
812,330,17
812,681,18
812,291,19
812,878,20
813,173,1
813,203,2
813,171,3
813,49,4
813,209,5
813,422,6
813,167,7
813,180,8
813,172,9
813,78,10
813,194,11
813,95,12
813,175,13
813,68,14
813,201,15
813,182,16
813,81,17
813,27,18
813,185,19
813,215,20
814,55,1
814,99,2
814,233,3
814,21,4
814,185,5
814,63,6
814,237,7
814,193,8
814,11,9
814,69,10
814,160,11
814,196,12
814,567,13
814,10,14
814,210,15
814,179,16
814,236,17
814,384,18
814,7,19
814,207,20
815,285,1
815,747,2
815,332,3
815,268,4
815,301,5
815,306,6
815,244,7
815,288,8
815,300,9
815,267,10
815,339,11
815,326,12
815,271,13
815,309,14
815,878,15
815,303,16
815,314,17
815,320,18
815,291,19
815,749,20
816,285,1
816,312,2
816,49,3
816,99,4
816,268,5
816,332,6
816,301,7
816,322,8
816,180,9
816,236,10
816,300,11
816,267,12
816,321,13
816,306,14
816,126,15
816,677,16
816,270,17
816,325,18
816,271,19
816,256,20
817,293,1
817,332,2
817,747,3
817,306,4
817,300,5
817,288,6
817,322,7
817,325,8
817,339,9
817,326,10
817,267,11
817,331,12
817,271,13
817,309,14
817,291,15
817,303,16
817,314,17
817,330,18
817,878,19
817,320,20
818,287,1
818,293,2
818,312,3
818,327,4
818,268,5
818,747,6
818,332,7
818,288,8
818,300,9
818,306,10
818,322,11
818,49,12
818,99,13
818,321,14
818,689,15
818,271,16
818,325,17
818,270,18
818,677,19
818,236,20
819,299,1
819,293,2
819,268,3
819,306,4
819,244,5
819,322,6
819,321,7
819,267,8
819,689,9
819,325,10
819,339,11
819,326,12
819,271,13
819,331,14
819,677,15
819,309,16
819,49,17
819,99,18
819,320,19
819,303,20
820,49,1
820,257,2
820,285,3
820,287,4
820,126,5
820,6,6
820,221,7
820,299,8
820,171,9
820,203,10
820,209,11
820,172,12
820,256,13
820,24,14
820,312,15
820,167,16
820,68,17
820,8,18
820,275,19
820,194,20
821,49,1
821,99,2
821,180,3
821,257,4
821,293,5
821,287,6
821,285,7
821,120,8
821,299,9
821,236,10
821,126,11
821,116,12
821,6,13
821,221,14
821,173,15
821,55,16
821,404,17
821,97,18
821,312,19
821,150,20
822,120,1
822,116,2
822,81,3
822,404,4
822,356,5
822,131,6
822,495,7
822,69,8
822,264,9
822,184,10
822,10,11
822,482,12
822,384,13
822,257,14
822,178,15
822,434,16
822,199,17
822,14,18
822,402,19
822,117,20
823,299,1
823,257,2
823,327,3
823,312,4
823,332,5
823,268,6
823,301,7
823,306,8
823,300,9
823,325,10
823,689,11
823,339,12
823,326,13
823,271,14
823,331,15
823,309,16
823,270,17
823,878,18
823,314,19
823,330,20
824,299,1
824,327,2
824,312,3
824,0,4
824,332,5
824,268,6
824,301,7
824,300,8
824,267,9
824,270,10
824,14,11
824,271,12
824,326,13
824,258,14
824,750,15
824,339,16
824,150,17
824,689,18
824,357,19
824,331,20
825,97,1
825,203,2
825,167,3
825,172,4
825,422,5
825,68,6
825,99,7
825,201,8
825,120,9
825,233,10
825,27,11
825,215,12
825,185,13
825,63,14
825,96,15
825,317,16
825,143,17
825,221,18
825,190,19
825,195,20
826,327,1
826,306,2
826,322,3
826,321,4
826,339,5
826,326,6
826,309,7
826,677,8
826,303,9
826,314,10
826,878,11
826,320,12
826,270,13
826,291,14
826,318,15
826,302,16
826,750,17
826,681,18
826,258,19
826,269,20
827,299,1
827,257,2
827,318,3
827,267,4
827,689,5
827,271,6
827,288,7
827,332,8
827,304,9
827,241,10
827,293,11
827,310,12
827,309,13
827,306,14
827,749,15
827,320,16
827,314,17
827,99,18
827,284,19
827,291,20
828,49,1
828,287,2
828,299,3
828,180,4
828,126,5
828,268,6
828,120,7
828,301,8
828,6,9
828,116,10
828,327,11
828,747,12
828,8,13
828,288,14
828,173,15
828,55,16
828,97,17
828,332,18
828,14,19
828,300,20
829,120,1
829,167,2
829,422,3
829,6,4
829,116,5
829,215,6
829,317,7
829,233,8
829,27,9
829,236,10
829,63,11
829,190,12
829,185,13
829,404,14
829,134,15
829,237,16
829,152,17
829,356,18
829,143,19
829,11,20
830,285,1
830,268,2
830,301,3
830,288,4
830,267,5
830,126,6
830,321,7
830,120,8
830,677,9
830,275,10
830,8,11
830,256,12
830,221,13
830,750,14
830,320,15
830,14,16
830,318,17
830,404,18
830,258,19
830,331,20
831,299,1
831,332,2
831,268,3
831,301,4
831,288,5
831,300,6
831,689,7
831,267,8
831,339,9
831,326,10
831,331,11
831,271,12
831,270,13
831,309,14
831,878,15
831,303,16
831,320,17
831,314,18
831,330,19
831,291,20
832,209,1
832,0,2
832,172,3
832,422,4
832,215,5
832,317,6
832,221,7
832,81,8
832,116,9
832,96,10
832,131,11
832,227,12
832,195,13
832,236,14
832,495,15
832,69,16
832,264,17
832,142,18
832,567,19
832,70,20
833,327,1
833,747,2
833,301,3
833,288,4
833,300,5
833,321,6
833,0,7
833,339,8
833,677,9
833,270,10
833,120,11
833,689,12
833,326,13
833,320,14
833,318,15
833,256,16
833,331,17
833,303,18
833,258,19
833,309,20
834,180,1
834,99,2
834,55,3
834,171,4
834,120,5
834,6,6
834,257,7
834,172,8
834,167,9
834,78,10
834,221,11
834,116,12
834,194,13
834,95,14
834,21,15
834,150,16
834,63,17
834,201,18
834,88,19
834,11,20
835,49,1
835,99,2
835,180,3
835,293,4
835,0,5
835,299,6
835,126,7
835,236,8
835,120,9
835,312,10
835,6,11
835,97,12
835,116,13
835,221,14
835,171,15
835,8,16
835,275,17
835,747,18
835,150,19
835,274,20
836,287,1
836,299,2
836,49,3
836,99,4
836,312,5
836,747,6
836,268,7
836,0,8
836,301,9
836,332,10
836,244,11
836,322,12
836,120,13
836,116,14
836,126,15
836,267,16
836,6,17
836,300,18
836,321,19
836,306,20
837,293,1
837,287,2
837,236,3
837,116,4
837,97,5
837,150,6
837,78,7
837,14,8
837,24,9
837,268,10
837,194,11
837,117,12
837,422,13
837,215,14
837,175,15
837,63,16
837,474,17
837,327,18
837,182,19
837,201,20
838,299,1
838,287,2
838,293,3
838,312,4
838,327,5
838,747,6
838,268,7
838,301,8
838,244,9
838,288,10
838,300,11
838,306,12
838,267,13
838,321,14
838,339,15
838,677,16
838,689,17
838,326,18
838,271,19
838,270,20
839,317,1
839,0,2
839,27,3
839,11,4
839,426,5
839,221,6
839,210,7
839,227,8
839,526,9
839,264,10
839,236,11
839,150,12
839,160,13
839,199,14
839,567,15
839,132,16
839,3,17
839,384,18
839,522,19
839,94,20
840,327,1
840,293,2
840,268,3
840,300,4
840,244,5
840,689,6
840,288,7
840,339,8
840,326,9
840,331,10
840,267,11
840,309,12
840,291,13
840,303,14
840,878,15
840,749,16
840,681,17
840,320,18
840,318,19
840,302,20
841,285,1
841,299,2
841,306,3
841,293,4
841,689,5
841,300,6
841,747,7
841,325,8
841,288,9
841,244,10
841,326,11
841,322,12
841,331,13
841,309,14
841,321,15
841,291,16
841,330,17
841,749,18
841,303,19
841,878,20
842,99,1
842,201,2
842,21,3
842,317,4
842,63,5
842,495,6
842,567,7
842,11,8
842,87,9
842,69,10
842,10,11
842,116,12
842,482,13
842,3,14
842,7,15
842,404,16
842,731,17
842,186,18
842,450,19
842,236,20
843,0,1
843,97,2
843,126,3
843,236,4
843,203,5
843,78,6
843,285,7
843,287,8
843,95,9
843,201,10
843,182,11
843,233,12
843,27,13
843,63,14
843,190,15
843,24,16
843,14,17
843,356,18
843,185,19
843,134,20
844,881,1
844,907,2
844,358,3
844,343,4
844,886,5
844,299,6
844,306,7
844,989,8
844,936,9
844,332,10
844,304,11
844,1175,12
844,291,13
844,330,14
844,331,15
844,327,16
844,681,17
844,326,18
844,338,19
844,325,20
845,152,1
845,143,2
845,153,3
845,401,4
845,76,5
845,99,6
845,213,7
845,417,8
845,0,9
845,500,10
845,120,11
845,61,12
845,163,13
845,446,14
845,581,15
845,156,16
845,398,17
845,150,18
845,221,19
845,37,20
846,99,1
846,126,2
846,236,3
846,68,4
846,422,5
846,317,6
846,21,7
846,293,8
846,27,9
846,63,10
846,185,11
846,11,12
846,285,13
846,356,14
846,96,15
846,14,16
846,131,17
846,193,18
846,654,19
846,264,20
847,97,1
847,55,2
847,99,3
847,167,4
847,78,5
847,0,6
847,95,7
847,27,8
847,21,9
847,63,10
847,193,11
847,6,12
847,221,13
847,11,14
847,227,15
847,69,16
847,143,17
847,181,18
847,142,19
847,210,20
848,49,1
848,180,2
848,99,3
848,0,4
848,55,5
848,97,6
848,126,7
848,6,8
848,116,9
848,236,10
848,221,11
848,257,12
848,293,13
848,203,14
848,209,15
848,78,16
848,172,17
848,404,18
848,150,19
848,167,20
849,99,1
849,0,2
849,126,3
849,422,4
849,194,5
849,6,6
849,175,7
849,221,8
849,215,9
849,116,10
849,182,11
849,236,12
849,233,13
849,190,14
849,63,15
849,88,16
849,150,17
849,185,18
849,134,19
849,404,20
850,299,1
850,287,2
850,293,3
850,322,4
850,244,5
850,288,6
850,268,7
850,321,8
850,677,9
850,267,10
850,99,11
850,236,12
850,0,13
850,116,14
850,180,15
850,258,16
850,357,17
850,320,18
850,256,19
850,6,20
851,257,1
851,293,2
851,287,3
851,285,4
851,299,5
851,747,6
851,312,7
851,236,8
851,327,9
851,244,10
851,268,11
851,221,12
851,332,13
851,301,14
851,14,15
851,275,16
851,267,17
851,321,18
851,8,19
851,300,20
852,312,1
852,268,2
852,288,3
852,267,4
852,309,5
852,271,6
852,314,7
852,320,8
852,749,9
852,318,10
852,302,11
852,750,12
852,346,13
852,345,14
852,241,15
852,894,16
852,304,17
852,311,18
852,323,19
852,342,20
853,180,1
853,299,2
853,312,3
853,747,4
853,275,5
853,244,6
853,322,7
853,171,8
853,300,9
853,203,10
853,677,11
853,271,12
853,545,13
853,209,14
853,339,15
853,306,16
853,750,17
853,297,18
853,318,19
853,514,20
854,49,1
854,99,2
854,173,3
854,180,4
854,97,5
854,55,6
854,126,7
854,171,8
854,203,9
854,285,10
854,317,11
854,0,12
854,167,13
854,172,14
854,190,15
854,209,16
854,78,17
854,215,18
854,422,19
854,68,20
855,287,1
855,268,2
855,332,3
855,301,4
855,244,5
855,300,6
855,339,7
855,267,8
855,331,9
855,303,10
855,270,11
855,320,12
855,291,13
855,318,14
855,330,15
855,302,16
855,750,17
855,258,18
855,681,19
855,99,20
856,285,1
856,287,2
856,312,3
856,268,4
856,747,5
856,332,6
856,301,7
856,288,8
856,306,9
856,244,10
856,300,11
856,322,12
856,689,13
856,267,14
856,321,15
856,339,16
856,325,17
856,326,18
856,271,19
856,331,20
857,299,1
857,257,2
857,287,3
857,293,4
857,327,5
857,312,6
857,301,7
857,747,8
857,300,9
857,244,10
857,267,11
857,339,12
857,321,13
857,325,14
857,271,15
857,331,16
857,309,17
857,320,18
857,303,19
857,318,20
858,285,1
858,257,2
858,299,3
858,49,4
858,747,5
858,327,6
858,99,7
858,268,8
858,180,9
858,0,10
858,236,11
858,322,12
858,244,13
858,332,14
858,301,15
858,288,16
858,120,17
858,116,18
858,267,19
858,126,20
859,257,1
859,287,2
859,49,3
859,327,4
859,747,5
859,180,6
859,267,7
859,0,8
859,322,9
859,236,10
859,126,11
859,321,12
859,339,13
859,120,14
859,116,15
859,6,16
859,270,17
859,325,18
859,275,19
859,8,20
860,257,1
860,49,2
860,99,3
860,287,4
860,299,5
860,268,6
860,180,7
860,312,8
860,126,9
860,301,10
860,0,11
860,236,12
860,267,13
860,327,14
860,6,15
860,120,16
860,747,17
860,8,18
860,275,19
860,116,20
861,0,1
861,203,2
861,236,3
861,293,4
861,285,5
861,317,6
861,233,7
861,27,8
861,190,9
861,24,10
861,14,11
861,117,12
861,152,13
861,143,14
861,8,15
861,299,16
861,193,17
861,274,18
861,160,19
861,124,20
862,936,1
862,937,2
862,880,3
862,310,4
862,879,5
862,311,6
862,244,7
862,322,8
862,307,9
862,895,10
862,873,11
862,687,12
862,988,13
862,887,14
862,1175,15
862,688,16
862,882,17
862,1279,18
862,359,19
862,352,20
863,88,1
863,134,2
863,184,3
863,384,4
863,426,5
863,179,6
863,210,7
863,178,8
863,434,9
863,174,10
863,526,11
863,186,12
863,153,13
863,738,14
863,430,15
863,22,16
863,82,17
863,479,18
863,192,19
863,478,20
864,49,1
864,180,2
864,287,3
864,285,4
864,299,5
864,236,6
864,126,7
864,312,8
864,747,9
864,55,10
864,173,11
864,256,12
864,150,13
864,14,14
864,97,15
864,24,16
864,275,17
864,8,18
864,268,19
864,741,20
865,285,1
865,257,2
865,287,3
865,327,4
865,332,5
865,293,6
865,306,7
865,689,8
865,300,9
865,747,10
865,288,11
865,326,12
865,325,13
865,244,14
865,322,15
865,267,16
865,309,17
865,331,18
865,321,19
865,291,20
866,99,1
866,126,2
866,120,3
866,236,4
866,287,5
866,172,6
866,150,7
866,404,8
866,201,9
866,233,10
866,24,11
866,14,12
866,356,13
866,312,14
866,237,15
866,152,16
866,274,17
866,110,18
866,81,19
866,117,20
867,78,1
867,27,2
867,21,3
867,317,4
867,96,5
867,195,6
867,143,7
867,142,8
867,70,9
867,356,10
867,193,11
867,87,12
867,184,13
867,181,14
867,69,15
867,392,16
867,10,17
867,214,18
867,3,19
867,196,20
868,285,1
868,257,2
868,299,3
868,312,4
868,327,5
868,747,6
868,332,7
868,301,8
868,244,9
868,322,10
868,288,11
868,0,12
868,300,13
868,267,14
868,321,15
868,306,16
868,120,17
868,116,18
868,677,19
868,6,20
869,172,1
869,422,2
869,120,3
869,175,4
869,182,5
869,233,6
869,221,7
869,116,8
869,152,9
869,236,10
869,81,11
869,96,12
869,150,13
869,227,14
869,143,15
869,404,16
869,142,17
869,160,18
869,7,19
869,70,20
870,287,1
870,293,2
870,327,3
870,747,4
870,339,5
870,322,6
870,267,7
870,326,8
870,321,9
870,331,10
870,302,11
870,318,12
870,320,13
870,303,14
870,291,15
870,878,16
870,677,17
870,99,18
870,681,19
870,305,20
871,285,1
871,49,2
871,332,3
871,244,4
871,268,5
871,99,6
871,288,7
871,301,8
871,306,9
871,321,10
871,300,11
871,677,12
871,180,13
871,325,14
871,270,15
871,6,16
871,326,17
871,126,18
871,689,19
871,339,20
872,287,1
872,332,2
872,747,3
872,301,4
872,244,5
872,322,6
872,300,7
872,689,8
872,321,9
872,339,10
872,326,11
872,267,12
872,331,13
872,271,14
872,309,15
872,303,16
872,677,17
872,314,18
872,330,19
872,270,20
873,257,1
873,299,2
873,287,3
873,293,4
873,49,5
873,268,6
873,327,7
873,180,8
873,0,9
873,236,10
873,332,11
873,267,12
873,244,13
873,300,14
873,322,15
873,120,16
873,6,17
873,116,18
873,321,19
873,306,20
874,99,1
874,0,2
874,126,3
874,120,4
874,203,5
874,6,6
874,236,7
874,167,8
874,209,9
874,78,10
874,221,11
874,317,12
874,116,13
874,68,14
874,215,15
874,190,16
874,150,17
874,88,18
874,233,19
874,201,20
875,49,1
875,99,2
875,180,3
875,257,4
875,0,5
875,126,6
875,299,7
875,120,8
875,236,9
875,6,10
875,55,11
875,97,12
875,116,13
875,312,14
875,221,15
875,268,16
875,171,17
875,8,18
875,404,19
875,150,20
876,49,1
876,99,2
876,180,3
876,0,4
876,173,5
876,126,6
876,293,7
876,120,8
876,6,9
876,116,10
876,171,11
876,203,12
876,209,13
876,167,14
876,317,15
876,150,16
876,68,17
876,404,18
876,312,19
876,194,20
877,55,1
877,0,2
877,120,3
877,172,4
877,209,5
877,78,6
877,68,7
877,6,8
877,422,9
877,194,10
877,221,11
877,175,12
877,95,13
877,116,14
877,182,15
877,27,16
877,134,17
877,88,18
877,356,19
877,237,20
878,257,1
878,285,2
878,287,3
878,99,4
878,312,5
878,747,6
878,327,7
878,268,8
878,301,9
878,244,10
878,322,11
878,6,12
878,288,13
878,332,14
878,267,15
878,256,16
878,300,17
878,321,18
878,404,19
878,8,20
879,14,1
879,215,2
879,182,3
879,124,4
879,88,5
879,264,6
879,195,7
879,152,8
879,142,9
879,131,10
879,8,11
879,285,12
879,471,13
879,134,14
879,228,15
879,1027,16
879,495,17
879,214,18
879,273,19
879,755,20
880,209,1
880,172,2
880,317,3
880,143,4
880,152,5
880,236,6
880,11,7
880,495,8
880,426,9
880,210,10
880,153,11
880,110,12
880,202,13
880,401,14
880,366,15
880,683,16
880,65,17
880,432,18
880,602,19
880,257,20
881,99,1
881,126,2
881,21,3
881,317,4
881,233,5
881,63,6
881,11,7
881,143,8
881,237,9
881,96,10
881,285,11
881,152,12
881,256,13
881,110,14
881,654,15
881,160,16
881,181,17
881,8,18
881,741,19
881,275,20
882,180,1
882,257,2
882,287,3
882,293,4
882,299,5
882,120,6
882,116,7
882,190,8
882,356,9
882,267,10
882,422,11
882,14,12
882,474,13
882,24,14
882,482,15
882,327,16
882,110,17
882,426,18
882,178,19
882,507,20
883,49,1
883,285,2
883,180,3
883,287,4
883,293,5
883,0,6
883,173,7
883,236,8
883,55,9
883,120,10
883,312,11
883,97,12
883,6,13
883,116,14
883,221,15
883,301,16
883,171,17
883,275,18
883,317,19
883,203,20
884,97,1
884,120,2
884,167,3
884,126,4
884,221,5
884,95,6
884,175,7
884,21,8
884,201,9
884,182,10
884,233,11
884,63,12
884,88,13
884,190,14
884,237,15
884,227,16
884,11,17
884,356,18
884,143,19
884,131,20
885,209,1
885,120,2
885,81,3
885,96,4
885,134,5
885,150,6
885,142,7
885,184,8
885,69,9
885,87,10
885,196,11
885,210,12
885,426,13
885,214,14
885,7,15
885,587,16
885,526,17
885,225,18
885,431,19
885,24,20
886,173,1
886,116,2
886,236,3
886,78,4
886,172,5
886,14,6
886,545,7
886,233,8
886,215,9
886,741,10
886,63,11
886,143,12
886,88,13
886,285,14
886,11,15
886,185,16
886,10,17
886,190,18
886,275,19
886,96,20
887,49,1
887,180,2
887,257,3
887,0,4
887,293,5
887,287,6
887,126,7
887,120,8
887,173,9
887,55,10
887,6,11
887,97,12
887,116,13
887,299,14
887,221,15
887,171,16
887,404,17
887,312,18
887,150,19
887,203,20
888,221,1
888,175,2
888,237,3
888,285,4
888,287,5
888,227,6
888,196,7
888,495,8
888,24,9
888,142,10
888,14,11
888,87,12
888,526,13
888,117,14
888,110,15
888,214,16
888,199,17
888,274,18
888,229,19
888,587,20
889,55,1
889,99,2
889,78,3
889,95,4
889,215,5
889,317,6
889,201,7
889,27,8
889,21,9
889,190,10
889,63,11
889,81,12
889,237,13
889,221,14
889,195,15
889,11,16
889,116,17
889,143,18
889,69,19
889,181,20
890,257,1
890,293,2
890,287,3
890,299,4
890,747,5
890,327,6
890,0,7
890,268,8
890,244,9
890,332,10
890,288,11
890,301,12
890,6,13
890,267,14
890,321,15
890,300,16
890,677,17
890,306,18
890,256,19
890,221,20
891,233,1
891,654,2
891,160,3
891,184,4
891,196,5
891,210,6
891,426,7
891,178,8
891,199,9
891,3,10
891,526,11
891,208,12
891,473,13
891,153,14
891,450,15
891,602,16
891,217,17
891,401,18
891,650,19
891,432,20
892,99,1
892,180,2
892,299,3
892,6,4
892,312,5
892,747,6
892,126,7
892,221,8
892,327,9
892,256,10
892,14,11
892,268,12
892,244,13
892,24,14
892,275,15
892,288,16
892,173,17
892,8,18
892,110,19
892,741,20
893,293,1
893,300,2
893,320,3
893,303,4
893,681,5
893,258,6
893,324,7
893,895,8
893,357,9
893,894,10
893,879,11
893,126,12
893,881,13
893,872,14
893,242,15
893,337,16
893,748,17
893,1021,18
893,180,19
893,987,20
894,285,1
894,257,2
894,299,3
894,287,4
894,312,5
894,268,6
894,301,7
894,332,8
894,244,9
894,288,10
894,322,11
894,236,12
894,267,13
894,321,14
894,306,15
894,120,16
894,126,17
894,677,18
894,6,19
894,270,20
895,55,1
895,150,2
895,356,3
895,193,4
895,184,5
895,196,6
895,207,7
895,418,8
895,431,9
895,450,10
895,98,11
895,217,12
895,293,13
895,110,14
895,432,15
895,65,16
895,442,17
895,513,18
895,192,19
895,522,20
896,99,1
896,6,2
896,215,3
896,236,4
896,317,5
896,63,6
896,190,7
896,143,8
896,152,9
896,11,10
896,356,11
896,654,12
896,257,13
896,69,14
896,14,15
896,196,16
896,256,17
896,402,18
896,426,19
896,110,20
897,293,1
897,268,2
897,332,3
897,306,4
897,300,5
897,244,6
897,288,7
897,322,8
897,689,9
897,325,10
897,339,11
897,321,12
897,267,13
897,331,14
897,303,15
897,320,16
897,677,17
897,291,18
897,878,19
897,330,20
898,99,1
898,55,2
898,126,3
898,6,4
898,209,5
898,293,6
898,404,7
898,21,8
898,287,9
898,285,10
898,182,11
898,190,12
898,11,13
898,81,14
898,14,15
898,96,16
898,195,17
898,131,18
898,117,19
898,10,20
899,49,1
899,180,2
899,257,3
899,285,4
899,0,5
899,126,6
899,6,7
899,173,8
899,299,9
899,55,10
899,221,11
899,97,12
899,312,13
899,171,14
899,150,15
899,14,16
899,256,17
899,275,18
899,24,19
899,203,20
900,99,1
900,97,2
900,6,3
900,126,4
900,257,5
900,78,6
900,287,7
900,172,8
900,175,9
900,285,10
900,201,11
900,24,12
900,317,13
900,182,14
900,63,15
900,190,16
900,185,17
900,741,18
900,10,19
900,237,20
901,285,1
901,287,2
901,99,3
901,312,4
901,747,5
901,268,6
901,236,7
901,120,8
901,116,9
901,6,10
901,244,11
901,322,12
901,221,13
901,275,14
901,8,15
901,321,16
901,404,17
901,14,18
901,271,19
901,677,20
902,257,1
902,285,2
902,293,3
902,173,4
902,236,5
902,116,6
902,221,7
902,171,8
902,299,9
902,150,10
902,172,11
902,167,12
902,68,13
902,312,14
902,14,15
902,256,16
902,194,17
902,422,18
902,21,19
902,175,20
903,49,1
903,99,2
903,0,3
903,120,4
903,257,5
903,173,6
903,293,7
903,55,8
903,126,9
903,97,10
903,6,11
903,285,12
903,221,13
903,171,14
903,404,15
903,203,16
903,150,17
903,209,18
903,78,19
903,167,20
904,285,1
904,287,2
904,268,3
904,49,4
904,288,5
904,322,6
904,267,7
904,306,8
904,180,9
904,0,10
904,339,11
904,677,12
904,271,13
904,270,14
904,120,15
904,126,16
904,689,17
904,326,18
904,275,19
904,331,20
905,257,1
905,287,2
905,293,3
905,49,4
905,312,5
905,327,6
905,747,7
905,268,8
905,301,9
905,180,10
905,0,11
905,332,12
905,288,13
905,244,14
905,322,15
905,267,16
905,126,17
905,300,18
905,321,19
905,677,20
906,299,1
906,126,2
906,6,3
906,221,4
906,327,5
906,256,6
906,268,7
906,275,8
906,55,9
906,8,10
906,322,11
906,173,12
906,288,13
906,301,14
906,545,15
906,677,16
906,507,17
906,596,18
906,272,19
906,297,20
907,0,1
907,120,2
907,209,3
907,167,4
907,221,5
907,236,6
907,116,7
907,257,8
907,285,9
907,175,10
907,21,11
907,293,12
907,190,13
907,201,14
907,63,15
907,233,16
907,88,17
907,404,18
907,134,19
907,237,20
908,257,1
908,287,2
908,312,3
908,268,4
908,49,5
908,301,6
908,99,7
908,327,8
908,747,9
908,332,10
908,267,11
908,300,12
908,180,13
908,339,14
908,126,15
908,244,16
908,236,17
908,0,18
908,271,19
908,306,20
909,257,1
909,293,2
909,327,3
909,268,4
909,6,5
909,301,6
909,322,7
909,332,8
909,275,9
909,267,10
909,14,11
909,150,12
909,300,13
909,321,14
909,110,15
909,270,16
909,677,17
909,274,18
909,474,19
909,271,20
910,49,1
910,55,2
910,180,3
910,99,4
910,78,5
910,68,6
910,194,7
910,95,8
910,0,9
910,201,10
910,317,11
910,27,12
910,233,13
910,21,14
910,63,15
910,134,16
910,120,17
910,126,18
910,96,19
910,131,20
911,49,1
911,180,2
911,97,3
911,99,4
911,209,5
911,0,6
911,78,7
911,68,8
911,194,9
911,126,10
911,175,11
911,215,12
911,95,13
911,120,14
911,182,15
911,190,16
911,201,17
911,21,18
911,233,19
911,88,20
912,120,1
912,285,2
912,293,3
912,404,4
912,134,5
912,152,6
912,299,7
912,256,8
912,96,9
912,69,10
912,195,11
912,193,12
912,110,13
912,117,14
912,196,15
912,181,16
912,274,17
912,495,18
912,312,19
912,545,20
913,49,1
913,173,2
913,55,3
913,97,4
913,180,5
913,203,6
913,171,7
913,209,8
913,99,9
913,167,10
913,172,11
913,422,12
913,78,13
913,194,14
913,68,15
913,175,16
913,95,17
913,201,18
913,182,19
913,0,20
914,293,1
914,268,2
914,747,3
914,689,4
914,288,5
914,244,6
914,322,7
914,339,8
914,325,9
914,326,10
914,321,11
914,331,12
914,271,13
914,291,14
914,330,15
914,302,16
914,318,17
914,878,18
914,677,19
914,270,20
915,126,1
915,190,2
915,356,3
915,495,4
915,184,5
915,196,6
915,24,7
915,257,8
915,293,9
915,7,10
915,94,11
915,434,12
915,14,13
915,199,14
915,186,15
915,402,16
915,207,17
915,287,18
915,587,19
915,602,20
916,285,1
916,257,2
916,287,3
916,293,4
916,299,5
916,312,6
916,747,7
916,268,8
916,180,9
916,301,10
916,332,11
916,244,12
916,322,13
916,126,14
916,116,15
916,300,16
916,6,17
916,321,18
916,306,19
916,677,20
917,49,1
917,97,2
917,55,3
917,99,4
917,171,5
917,180,6
917,317,7
917,190,8
917,172,9
917,422,10
917,209,11
917,78,12
917,356,13
917,194,14
917,482,15
917,175,16
917,182,17
917,193,18
917,237,19
917,185,20
918,268,1
918,120,2
918,126,3
918,750,4
918,404,5
918,345,6
918,272,7
918,323,8
918,545,9
918,241,10
918,55,11
918,596,12
918,681,13
918,12,14
918,315,15
918,247,16
918,149,17
918,305,18
918,234,19
918,475,20
919,293,1
919,268,2
919,747,3
919,288,4
919,322,5
919,689,6
919,325,7
919,321,8
919,326,9
919,303,10
919,314,11
919,878,12
919,320,13
919,749,14
919,677,15
919,318,16
919,270,17
919,302,18
919,750,19
919,258,20
920,99,1
920,257,2
920,116,3
920,6,4
920,126,5
920,285,6
920,55,7
920,97,8
920,299,9
920,117,10
920,747,11
920,203,12
920,545,13
920,741,14
920,8,15
920,167,16
920,194,17
920,21,18
920,596,19
920,175,20
921,99,1
921,120,2
921,78,3
921,422,4
921,95,5
921,6,6
921,116,7
921,233,8
921,27,9
921,317,10
921,185,11
921,63,12
921,404,13
921,96,14
921,237,15
921,143,16
921,195,17
921,131,18
921,11,19
921,356,20
922,257,1
922,285,2
922,299,3
922,312,4
922,747,5
922,327,6
922,268,7
922,322,8
922,301,9
922,288,10
922,126,11
922,6,12
922,267,13
922,300,14
922,677,15
922,270,16
922,14,17
922,325,18
922,271,19
922,24,20
923,97,1
923,293,2
923,203,3
923,221,4
923,209,5
923,78,6
923,167,7
923,68,8
923,422,9
923,150,10
923,175,11
923,404,12
923,21,13
923,190,14
923,182,15
923,233,16
923,356,17
923,88,18
923,134,19
923,24,20
924,257,1
924,285,2
924,293,3
924,299,4
924,49,5
924,312,6
924,747,7
924,327,8
924,99,9
924,180,10
924,0,11
924,268,12
924,301,13
924,236,14
924,120,15
924,288,16
924,116,17
924,126,18
924,6,19
924,267,20
925,327,1
925,747,2
925,332,3
925,306,4
925,300,5
925,322,6
925,267,7
925,689,8
925,325,9
925,326,10
925,99,11
925,49,12
925,331,13
925,677,14
925,270,15
925,309,16
925,318,17
925,303,18
925,878,19
925,750,20
926,49,1
926,180,2
926,97,3
926,99,4
926,171,5
926,172,6
926,422,7
926,116,8
926,175,9
926,201,10
926,21,11
926,233,12
926,150,13
926,126,14
926,182,15
926,215,16
926,185,17
926,88,18
926,317,19
926,143,20
927,285,1
927,257,2
927,299,3
927,293,4
927,312,5
927,49,6
927,99,7
927,747,8
927,301,9
927,180,10
927,288,11
927,0,12
927,244,13
927,236,14
927,322,15
927,300,16
927,120,17
927,306,18
927,321,19
927,116,20
928,180,1
928,120,2
928,209,3
928,172,4
928,167,5
928,78,6
928,6,7
928,68,8
928,221,9
928,116,10
928,236,11
928,175,12
928,95,13
928,215,14
928,182,15
928,257,16
928,190,17
928,201,18
928,233,19
928,63,20
929,257,1
929,293,2
929,180,3
929,126,4
929,312,5
929,6,6
929,747,7
929,221,8
929,327,9
929,301,10
929,275,11
929,8,12
929,288,13
929,55,14
929,14,15
929,267,16
929,24,17
929,97,18
929,322,19
929,332,20
930,287,1
930,293,2
930,327,3
930,747,4
930,288,5
930,300,6
930,306,7
930,322,8
930,267,9
930,321,10
930,339,11
930,325,12
930,326,13
930,270,14
930,331,15
930,320,16
930,318,17
930,878,18
930,750,19
930,291,20
931,422,1
931,185,2
931,215,3
931,68,4
931,78,5
931,27,6
931,201,7
931,317,8
931,131,9
931,49,10
931,96,11
931,654,12
931,21,13
931,142,14
931,181,15
931,180,16
931,87,17
931,264,18
931,214,19
931,186,20
932,422,1
932,190,2
932,654,3
932,142,4
932,70,5
932,236,6
932,495,7
932,184,8
932,587,9
932,426,10
932,7,11
932,196,12
932,207,13
932,117,14
932,565,15
932,418,16
932,431,17
932,526,18
932,98,19
932,401,20
933,97,1
933,78,2
933,175,3
933,317,4
933,27,5
933,21,6
933,63,7
933,237,8
933,356,9
933,193,10
933,495,11
933,126,12
933,184,13
933,654,14
933,11,15
933,181,16
933,142,17
933,264,18
933,179,19
933,6,20
934,257,1
934,293,2
934,287,3
934,49,4
934,747,5
934,327,6
934,6,7
934,268,8
934,322,9
934,244,10
934,221,11
934,301,12
934,288,13
934,332,14
934,275,15
934,267,16
934,321,17
934,300,18
934,24,19
934,677,20
935,287,1
935,327,2
935,301,3
935,306,4
935,244,5
935,689,6
935,321,7
935,325,8
935,331,9
935,303,10
935,309,11
935,291,12
935,314,13
935,878,14
935,270,15
935,330,16
935,302,17
935,749,18
935,750,19
935,269,20
936,287,1
936,312,2
936,327,3
936,268,4
936,747,5
936,301,6
936,332,7
936,288,8
936,244,9
936,322,10
936,306,11
936,321,12
936,339,13
936,271,14
936,689,15
936,326,16
936,180,17
936,0,18
936,270,19
936,677,20
937,293,1
937,268,2
937,301,3
937,321,4
937,267,5
937,300,6
937,306,7
937,270,8
937,325,9
937,271,10
937,339,11
937,281,12
937,326,13
937,750,14
937,689,15
937,320,16
937,474,17
937,331,18
937,878,19
937,303,20
938,287,1
938,293,2
938,299,3
938,285,4
938,327,5
938,747,6
938,312,7
938,49,8
938,322,9
938,244,10
938,332,11
938,99,12
938,268,13
938,288,14
938,301,15
938,0,16
938,321,17
938,306,18
938,180,19
938,300,20
939,287,1
939,0,2
939,126,3
939,120,4
939,236,5
939,116,6
939,221,7
939,747,8
939,404,9
939,275,10
939,327,11
939,256,12
939,14,13
939,24,14
939,274,15
939,267,16
939,78,17
939,317,18
939,209,19
939,110,20
940,285,1
940,287,2
940,49,3
940,99,4
940,312,5
940,747,6
940,327,7
940,236,8
940,268,9
940,120,10
940,126,11
940,301,12
940,288,13
940,244,14
940,332,15
940,322,16
940,267,17
940,300,18
940,275,19
940,321,20
941,285,1
941,99,2
941,180,3
941,293,4
941,287,5
941,0,6
941,126,7
941,120,8
941,236,9
941,6,10
941,55,11
941,221,12
941,97,13
941,747,14
941,301,15
941,404,16
941,8,17
941,275,18
941,150,19
941,256,20
942,0,1
942,175,2
942,221,3
942,6,4
942,182,5
942,81,6
942,88,7
942,190,8
942,143,9
942,237,10
942,152,11
942,134,12
942,264,13
942,70,14
942,142,15
942,356,16
942,94,17
942,495,18
942,87,19
942,69,20
