movie_id,title,genres_str,unknown,Action,Adventure,Animation,Children's,Comedy,Crime,Documentary,Drama,Fantasy,Film-Noir,Horror,Musical,Mystery,Romance,Sci-Fi,Thriller,War,Western
1,Toy Story,"Animation,Children's,Comedy",0,0,0,1,1,1,0,0,0,0,0,0,0,0,0,0,0,0,0
2,GoldenEye,"Action,Adventure,Thriller",0,1,1,0,0,0,0,0,0,0,0,0,0,0,0,0,1,0,0
3,Four Rooms,Thriller,0,0,0,0,0,0,0,0,0,0,0,0,0,0,0,0,1,0,0
4,Get Shorty,"Action,Comedy,Drama",0,1,0,0,0,1,0,0,1,0,0,0,0,0,0,0,0,0,0
5,Copycat,"Crime,Drama,Thriller",0,0,0,0,0,0,1,0,1,0,0,0,0,0,0,0,1,0,0
6,Shanghai Triad (Yao a yao yao dao waipo qiao),Drama,0,0,0,0,0,0,0,0,1,0,0,0,0,0,0,0,0,0,0
7,Twelve Monkeys,"Drama,Sci-Fi",0,0,0,0,0,0,0,0,1,0,0,0,0,0,0,1,0,0,0
8,Babe,"Children's,Comedy,Drama",0,0,0,0,1,1,0,0,1,0,0,0,0,0,0,0,0,0,0
9,Dead Man Walking,Drama,0,0,0,0,0,0,0,0,1,0,0,0,0,0,0,0,0,0,0
10,Richard III,"Drama,War",0,0,0,0,0,0,0,0,1,0,0,0,0,0,0,0,0,1,0
11,Seven (Se7en),"Crime,Thriller",0,0,0,0,0,0,1,0,0,0,0,0,0,0,0,0,1,0,0
12,"Usual Suspects, The","Crime,Thriller",0,0,0,0,0,0,1,0,0,0,0,0,0,0,0,0,1,0,0
13,Mighty Aphrodite,Comedy,0,0,0,0,0,1,0,0,0,0,0,0,0,0,0,0,0,0,0
14,"Postino, Il","Drama,Romance",0,0,0,0,0,0,0,0,1,0,0,0,0,0,1,0,0,0,0
15,Mr. Holland's Opus,Drama,0,0,0,0,0,0,0,0,1,0,0,0,0,0,0,0,0,0,0
16,French Twist (Gazon maudit),"Comedy,Romance",0,0,0,0,0,1,0,0,0,0,0,0,0,0,1,0,0,0,0
17,From Dusk Till Dawn,"Action,Comedy,Crime,Horror,Thriller",0,1,0,0,0,1,1,0,0,0,0,1,0,0,0,0,1,0,0
18,"White Balloon, The",Drama,0,0,0,0,0,0,0,0,1,0,0,0,0,0,0,0,0,0,0
19,Antonia's Line,Drama,0,0,0,0,0,0,0,0,1,0,0,0,0,0,0,0,0,0,0
20,Angels and Insects,"Drama,Romance",0,0,0,0,0,0,0,0,1,0,0,0,0,0,1,0,0,0,0
21,Muppet Treasure Island,"Action,Adventure,Comedy,Musical,Thriller",0,1,1,0,0,1,0,0,0,0,0,0,1,0,0,0,1,0,0
22,Braveheart,"Action,Drama,War",0,1,0,0,0,0,0,0,1,0,0,0,0,0,0,0,0,1,0
23,Taxi Driver,"Drama,Thriller",0,0,0,0,0,0,0,0,1,0,0,0,0,0,0,0,1,0,0
24,Rumble in the Bronx,"Action,Adventure,Crime",0,1,1,0,0,0,1,0,0,0,0,0,0,0,0,0,0,0,0
25,"Birdcage, The",Comedy,0,0,0,0,0,1,0,0,0,0,0,0,0,0,0,0,0,0,0
26,"Brothers McMullen, The",Comedy,0,0,0,0,0,1,0,0,0,0,0,0,0,0,0,0,0,0,0
27,Bad Boys,Action,0,1,0,0,0,0,0,0,0,0,0,0,0,0,0,0,0,0,0
28,Apollo 13,"Action,Drama,Thriller",0,1,0,0,0,0,0,0,1,0,0,0,0,0,0,0,1,0,0
29,Batman Forever,"Action,Adventure,Comedy,Crime",0,1,1,0,0,1,1,0,0,0,0,0,0,0,0,0,0,0,0
30,Belle de jour,Drama,0,0,0,0,0,0,0,0,1,0,0,0,0,0,0,0,0,0,0
31,Crimson Tide,"Drama,Thriller,War",0,0,0,0,0,0,0,0,1,0,0,0,0,0,0,0,1,1,0
32,Crumb,Documentary,0,0,0,0,0,0,0,1,0,0,0,0,0,0,0,0,0,0,0
33,Desperado,"Action,Romance,Thriller",0,1,0,0,0,0,0,0,0,0,0,0,0,0,1,0,1,0,0
34,"Doom Generation, The","Comedy,Drama",0,0,0,0,0,1,0,0,1,0,0,0,0,0,0,0,0,0,0
35,Free Willy 2: The Adventure Home,"Adventure,Children's,Drama",0,0,1,0,1,0,0,0,1,0,0,0,0,0,0,0,0,0,0
36,Mad Love,"Drama,Romance",0,0,0,0,0,0,0,0,1,0,0,0,0,0,1,0,0,0,0
37,Nadja,Drama,0,0,0,0,0,0,0,0,1,0,0,0,0,0,0,0,0,0,0
38,"Net, The","Sci-Fi,Thriller",0,0,0,0,0,0,0,0,0,0,0,0,0,0,0,1,1,0,0
39,Strange Days,"Action,Crime,Sci-Fi",0,1,0,0,0,0,1,0,0,0,0,0,0,0,0,1,0,0,0
40,"To Wong Foo, Thanks for Everything! Julie Newmar",Comedy,0,0,0,0,0,1,0,0,0,0,0,0,0,0,0,0,0,0,0
41,Billy Madison,Comedy,0,0,0,0,0,1,0,0,0,0,0,0,0,0,0,0,0,0,0
42,Clerks,Comedy,0,0,0,0,0,1,0,0,0,0,0,0,0,0,0,0,0,0,0
43,Disclosure,"Drama,Thriller",0,0,0,0,0,0,0,0,1,0,0,0,0,0,0,0,1,0,0
44,Dolores Claiborne,"Drama,Thriller",0,0,0,0,0,0,0,0,1,0,0,0,0,0,0,0,1,0,0
45,Eat Drink Man Woman,"Comedy,Drama",0,0,0,0,0,1,0,0,1,0,0,0,0,0,0,0,0,0,0
46,Exotica,Drama,0,0,0,0,0,0,0,0,1,0,0,0,0,0,0,0,0,0,0
47,Ed Wood,"Comedy,Drama",0,0,0,0,0,1,0,0,1,0,0,0,0,0,0,0,0,0,0
48,Hoop Dreams,Documentary,0,0,0,0,0,0,0,1,0,0,0,0,0,0,0,0,0,0,0
49,I.Q.,"Comedy,Romance",0,0,0,0,0,1,0,0,0,0,0,0,0,0,1,0,0,0,0
50,Star Wars,"Action,Adventure,Romance,Sci-Fi,War",0,1,1,0,0,0,0,0,0,0,0,0,0,0,1,1,0,1,0
51,Legends of the Fall,"Drama,Romance,War,Western",0,0,0,0,0,0,0,0,1,0,0,0,0,0,1,0,0,1,1
52,"Madness of King George, The",Drama,0,0,0,0,0,0,0,0,1,0,0,0,0,0,0,0,0,0,0
53,Natural Born Killers,"Action,Thriller",0,1,0,0,0,0,0,0,0,0,0,0,0,0,0,0,1,0,0
54,Outbreak,"Action,Drama,Thriller",0,1,0,0,0,0,0,0,1,0,0,0,0,0,0,0,1,0,0
55,"Professional, The","Crime,Drama,Romance,Thriller",0,0,0,0,0,0,1,0,1,0,0,0,0,0,1,0,1,0,0
56,Pulp Fiction,"Crime,Drama",0,0,0,0,0,0,1,0,1,0,0,0,0,0,0,0,0,0,0
57,Priest,Drama,0,0,0,0,0,0,0,0,1,0,0,0,0,0,0,0,0,0,0
58,Quiz Show,Drama,0,0,0,0,0,0,0,0,1,0,0,0,0,0,0,0,0,0,0
59,Three Colors: Red,Drama,0,0,0,0,0,0,0,0,1,0,0,0,0,0,0,0,0,0,0
60,Three Colors: Blue,Drama,0,0,0,0,0,0,0,0,1,0,0,0,0,0,0,0,0,0,0
61,Three Colors: White,Drama,0,0,0,0,0,0,0,0,1,0,0,0,0,0,0,0,0,0,0
62,Stargate,"Action,Adventure,Sci-Fi",0,1,1,0,0,0,0,0,0,0,0,0,0,0,0,1,0,0,0
63,"Santa Clause, The","Children's,Comedy",0,0,0,0,1,1,0,0,0,0,0,0,0,0,0,0,0,0,0
64,"Shawshank Redemption, The",Drama,0,0,0,0,0,0,0,0,1,0,0,0,0,0,0,0,0,0,0
65,What's Eating Gilbert Grape,"Comedy,Drama",0,0,0,0,0,1,0,0,1,0,0,0,0,0,0,0,0,0,0
66,While You Were Sleeping,"Comedy,Romance",0,0,0,0,0,1,0,0,0,0,0,0,0,0,1,0,0,0,0
67,Ace Ventura: Pet Detective,Comedy,0,0,0,0,0,1,0,0,0,0,0,0,0,0,0,0,0,0,0
68,"Crow, The","Action,Romance,Thriller",0,1,0,0,0,0,0,0,0,0,0,0,0,0,1,0,1,0,0
69,Forrest Gump,"Comedy,Romance,War",0,0,0,0,0,1,0,0,0,0,0,0,0,0,1,0,0,1,0
70,Four Weddings and a Funeral,"Comedy,Romance",0,0,0,0,0,1,0,0,0,0,0,0,0,0,1,0,0,0,0
71,"Lion King, The","Animation,Children's,Musical",0,0,0,1,1,0,0,0,0,0,0,0,1,0,0,0,0,0,0
72,"Mask, The","Comedy,Crime,Fantasy",0,0,0,0,0,1,1,0,0,1,0,0,0,0,0,0,0,0,0
73,Maverick,"Action,Comedy,Western",0,1,0,0,0,1,0,0,0,0,0,0,0,0,0,0,0,0,1
74,Faster Pussycat! Kill! Kill!,"Action,Comedy,Drama",0,1,0,0,0,1,0,0,1,0,0,0,0,0,0,0,0,0,0
75,Brother Minister: The Assassination of Malcolm X,Documentary,0,0,0,0,0,0,0,1,0,0,0,0,0,0,0,0,0,0,0
76,Carlito's Way,"Crime,Drama",0,0,0,0,0,0,1,0,1,0,0,0,0,0,0,0,0,0,0
77,"Firm, The","Drama,Thriller",0,0,0,0,0,0,0,0,1,0,0,0,0,0,0,0,1,0,0
78,Free Willy,"Adventure,Children's,Drama",0,0,1,0,1,0,0,0,1,0,0,0,0,0,0,0,0,0,0
79,"Fugitive, The","Action,Thriller",0,1,0,0,0,0,0,0,0,0,0,0,0,0,0,0,1,0,0
80,Hot Shots! Part Deux,"Action,Comedy,War",0,1,0,0,0,1,0,0,0,0,0,0,0,0,0,0,0,1,0
81,"Hudsucker Proxy, The","Comedy,Romance",0,0,0,0,0,1,0,0,0,0,0,0,0,0,1,0,0,0,0
82,Jurassic Park,"Action,Adventure,Sci-Fi",0,1,1,0,0,0,0,0,0,0,0,0,0,0,0,1,0,0,0
83,Much Ado About Nothing,"Comedy,Romance",0,0,0,0,0,1,0,0,0,0,0,0,0,0,1,0,0,0,0
84,Robert A. Heinlein's The Puppet Masters,"Horror,Sci-Fi",0,0,0,0,0,0,0,0,0,0,0,1,0,0,0,1,0,0,0
85,"Ref, The",Comedy,0,0,0,0,0,1,0,0,0,0,0,0,0,0,0,0,0,0,0
86,"Remains of the Day, The",Drama,0,0,0,0,0,0,0,0,1,0,0,0,0,0,0,0,0,0,0
87,Searching for Bobby Fischer,Drama,0,0,0,0,0,0,0,0,1,0,0,0,0,0,0,0,0,0,0
88,Sleepless in Seattle,"Comedy,Romance",0,0,0,0,0,1,0,0,0,0,0,0,0,0,1,0,0,0,0
89,Blade Runner,"Film-Noir,Sci-Fi",0,0,0,0,0,0,0,0,0,0,1,0,0,0,0,1,0,0,0
90,So I Married an Axe Murderer,"Comedy,Romance,Thriller",0,0,0,0,0,1,0,0,0,0,0,0,0,0,1,0,1,0,0
91,"Nightmare Before Christmas, The","Children's,Comedy,Musical",0,0,0,0,1,1,0,0,0,0,0,0,1,0,0,0,0,0,0
92,True Romance,"Action,Crime,Romance",0,1,0,0,0,0,1,0,0,0,0,0,0,0,1,0,0,0,0
93,Welcome to the Dollhouse,"Comedy,Drama",0,0,0,0,0,1,0,0,1,0,0,0,0,0,0,0,0,0,0
94,Home Alone,"Children's,Comedy",0,0,0,0,1,1,0,0,0,0,0,0,0,0,0,0,0,0,0
95,Aladdin,"Animation,Children's,Comedy,Musical",0,0,0,1,1,1,0,0,0,0,0,0,1,0,0,0,0,0,0
96,Terminator 2: Judgment Day,"Action,Sci-Fi,Thriller",0,1,0,0,0,0,0,0,0,0,0,0,0,0,0,1,1,0,0
97,Dances with Wolves,"Adventure,Drama,Western",0,0,1,0,0,0,0,0,1,0,0,0,0,0,0,0,0,0,1
98,"Silence of the Lambs, The","Drama,Thriller",0,0,0,0,0,0,0,0,1,0,0,0,0,0,0,0,1,0,0
99,Snow White and the Seven Dwarfs,"Animation,Children's,Musical",0,0,0,1,1,0,0,0,0,0,0,0,1,0,0,0,0,0,0
100,Fargo,"Crime,Drama,Thriller",0,0,0,0,0,0,1,0,1,0,0,0,0,0,0,0,1,0,0
101,Heavy Metal,"Action,Adventure,Animation,Horror,Sci-Fi",0,1,1,1,0,0,0,0,0,0,0,1,0,0,0,1,0,0,0
102,"Aristocats, The","Animation,Children's",0,0,0,1,1,0,0,0,0,0,0,0,0,0,0,0,0,0,0
103,All Dogs Go to Heaven 2,"Animation,Children's,Musical",0,0,0,1,1,0,0,0,0,0,0,0,1,0,0,0,0,0,0
104,Theodore Rex,Comedy,0,0,0,0,0,1,0,0,0,0,0,0,0,0,0,0,0,0,0
105,Sgt. Bilko,Comedy,0,0,0,0,0,1,0,0,0,0,0,0,0,0,0,0,0,0,0
106,Diabolique,"Drama,Thriller",0,0,0,0,0,0,0,0,1,0,0,0,0,0,0,0,1,0,0
107,Moll Flanders,Drama,0,0,0,0,0,0,0,0,1,0,0,0,0,0,0,0,0,0,0
108,Kids in the Hall: Brain Candy,Comedy,0,0,0,0,0,1,0,0,0,0,0,0,0,0,0,0,0,0,0
109,Mystery Science Theater 3000: The Movie,"Comedy,Sci-Fi",0,0,0,0,0,1,0,0,0,0,0,0,0,0,0,1,0,0,0
110,Operation Dumbo Drop,"Action,Adventure,Comedy,War",0,1,1,0,0,1,0,0,0,0,0,0,0,0,0,0,0,1,0
111,"Truth About Cats & Dogs, The","Comedy,Romance",0,0,0,0,0,1,0,0,0,0,0,0,0,0,1,0,0,0,0
112,Flipper,"Adventure,Children's",0,0,1,0,1,0,0,0,0,0,0,0,0,0,0,0,0,0,0
113,"Horseman on the Roof, The (Hussard sur le toit, Le)",Drama,0,0,0,0,0,0,0,0,1,0,0,0,0,0,0,0,0,0,0
114,Wallace & Gromit: The Best of Aardman Animation,Animation,0,0,0,1,0,0,0,0,0,0,0,0,0,0,0,0,0,0,0
115,"Haunted World of Edward D. Wood Jr., The",Documentary,0,0,0,0,0,0,0,1,0,0,0,0,0,0,0,0,0,0,0
116,Cold Comfort Farm,Comedy,0,0,0,0,0,1,0,0,0,0,0,0,0,0,0,0,0,0,0
117,"Rock, The","Action,Adventure,Thriller",0,1,1,0,0,0,0,0,0,0,0,0,0,0,0,0,1,0,0
118,Twister,"Action,Adventure,Thriller",0,1,1,0,0,0,0,0,0,0,0,0,0,0,0,0,1,0,0
119,Maya Lin: A Strong Clear Vision,Documentary,0,0,0,0,0,0,0,1,0,0,0,0,0,0,0,0,0,0,0
120,Striptease,"Comedy,Crime",0,0,0,0,0,1,1,0,0,0,0,0,0,0,0,0,0,0,0
121,Independence Day (ID4),"Action,Sci-Fi,War",0,1,0,0,0,0,0,0,0,0,0,0,0,0,0,1,0,1,0
122,"Cable Guy, The",Comedy,0,0,0,0,0,1,0,0,0,0,0,0,0,0,0,0,0,0,0
123,"Frighteners, The","Comedy,Horror",0,0,0,0,0,1,0,0,0,0,0,1,0,0,0,0,0,0,0
124,Lone Star,"Drama,Mystery",0,0,0,0,0,0,0,0,1,0,0,0,0,1,0,0,0,0,0
125,Phenomenon,"Drama,Romance",0,0,0,0,0,0,0,0,1,0,0,0,0,0,1,0,0,0,0
126,"Spitfire Grill, The",Drama,0,0,0,0,0,0,0,0,1,0,0,0,0,0,0,0,0,0,0
127,"Godfather, The","Action,Crime,Drama",0,1,0,0,0,0,1,0,1,0,0,0,0,0,0,0,0,0,0
128,Supercop,"Action,Thriller",0,1,0,0,0,0,0,0,0,0,0,0,0,0,0,0,1,0,0
129,Bound,"Crime,Drama,Romance,Thriller",0,0,0,0,0,0,1,0,1,0,0,0,0,0,1,0,1,0,0
130,Kansas City,Crime,0,0,0,0,0,0,1,0,0,0,0,0,0,0,0,0,0,0,0
131,Breakfast at Tiffany's,"Drama,Romance",0,0,0,0,0,0,0,0,1,0,0,0,0,0,1,0,0,0,0
132,"Wizard of Oz, The","Adventure,Children's,Drama,Musical",0,0,1,0,1,0,0,0,1,0,0,0,1,0,0,0,0,0,0
133,Gone with the Wind,"Drama,Romance,War",0,0,0,0,0,0,0,0,1,0,0,0,0,0,1,0,0,1,0
134,Citizen Kane,Drama,0,0,0,0,0,0,0,0,1,0,0,0,0,0,0,0,0,0,0
135,2001: A Space Odyssey,"Drama,Mystery,Sci-Fi,Thriller",0,0,0,0,0,0,0,0,1,0,0,0,0,1,0,1,1,0,0
136,Mr. Smith Goes to Washington,Drama,0,0,0,0,0,0,0,0,1,0,0,0,0,0,0,0,0,0,0
137,Big Night,Drama,0,0,0,0,0,0,0,0,1,0,0,0,0,0,0,0,0,0,0
138,D3: The Mighty Ducks,"Children's,Comedy",0,0,0,0,1,1,0,0,0,0,0,0,0,0,0,0,0,0,0
139,"Love Bug, The","Children's,Comedy",0,0,0,0,1,1,0,0,0,0,0,0,0,0,0,0,0,0,0
140,Homeward Bound: The Incredible Journey,"Adventure,Children's",0,0,1,0,1,0,0,0,0,0,0,0,0,0,0,0,0,0,0
141,"20,000 Leagues Under the Sea","Adventure,Children's,Fantasy,Sci-Fi",0,0,1,0,1,0,0,0,0,1,0,0,0,0,0,1,0,0,0
142,Bedknobs and Broomsticks,"Adventure,Children's,Musical",0,0,1,0,1,0,0,0,0,0,0,0,1,0,0,0,0,0,0
143,"Sound of Music, The",Musical,0,0,0,0,0,0,0,0,0,0,0,0,1,0,0,0,0,0,0
144,Die Hard,"Action,Thriller",0,1,0,0,0,0,0,0,0,0,0,0,0,0,0,0,1,0,0
145,"Lawnmower Man, The","Action,Sci-Fi,Thriller",0,1,0,0,0,0,0,0,0,0,0,0,0,0,0,1,1,0,0
146,Unhook the Stars,Drama,0,0,0,0,0,0,0,0,1,0,0,0,0,0,0,0,0,0,0
147,"Long Kiss Goodnight, The","Action,Thriller",0,1,0,0,0,0,0,0,0,0,0,0,0,0,0,0,1,0,0
148,"Ghost and the Darkness, The","Action,Adventure",0,1,1,0,0,0,0,0,0,0,0,0,0,0,0,0,0,0,0
149,Jude,Drama,0,0,0,0,0,0,0,0,1,0,0,0,0,0,0,0,0,0,0
150,Swingers,"Comedy,Drama",0,0,0,0,0,1,0,0,1,0,0,0,0,0,0,0,0,0,0
151,Willy Wonka and the Chocolate Factory,"Adventure,Children's,Comedy",0,0,1,0,1,1,0,0,0,0,0,0,0,0,0,0,0,0,0
152,Sleeper,"Comedy,Sci-Fi",0,0,0,0,0,1,0,0,0,0,0,0,0,0,0,1,0,0,0
153,"Fish Called Wanda, A",Comedy,0,0,0,0,0,1,0,0,0,0,0,0,0,0,0,0,0,0,0
154,Monty Python's Life of Brian,Comedy,0,0,0,0,0,1,0,0,0,0,0,0,0,0,0,0,0,0,0
155,Dirty Dancing,"Musical,Romance",0,0,0,0,0,0,0,0,0,0,0,0,1,0,1,0,0,0,0
156,Reservoir Dogs,"Crime,Thriller",0,0,0,0,0,0,1,0,0,0,0,0,0,0,0,0,1,0,0
157,Platoon,"Drama,War",0,0,0,0,0,0,0,0,1,0,0,0,0,0,0,0,0,1,0
158,Weekend at Bernie's,Comedy,0,0,0,0,0,1,0,0,0,0,0,0,0,0,0,0,0,0,0
159,Basic Instinct,"Mystery,Thriller",0,0,0,0,0,0,0,0,0,0,0,0,0,1,0,0,1,0,0
160,Glengarry Glen Ross,Drama,0,0,0,0,0,0,0,0,1,0,0,0,0,0,0,0,0,0,0
161,Top Gun,"Action,Romance",0,1,0,0,0,0,0,0,0,0,0,0,0,0,1,0,0,0,0
162,On Golden Pond,Drama,0,0,0,0,0,0,0,0,1,0,0,0,0,0,0,0,0,0,0
163,"Return of the Pink Panther, The",Comedy,0,0,0,0,0,1,0,0,0,0,0,0,0,0,0,0,0,0,0
164,"Abyss, The","Action,Adventure,Sci-Fi,Thriller",0,1,1,0,0,0,0,0,0,0,0,0,0,0,0,1,1,0,0
165,Jean de Florette,Drama,0,0,0,0,0,0,0,0,1,0,0,0,0,0,0,0,0,0,0
166,Manon of the Spring (Manon des sources),Drama,0,0,0,0,0,0,0,0,1,0,0,0,0,0,0,0,0,0,0
167,Private Benjamin,Comedy,0,0,0,0,0,1,0,0,0,0,0,0,0,0,0,0,0,0,0
168,Monty Python and the Holy Grail,Comedy,0,0,0,0,0,1,0,0,0,0,0,0,0,0,0,0,0,0,0
169,"Wrong Trousers, The","Animation,Comedy",0,0,0,1,0,1,0,0,0,0,0,0,0,0,0,0,0,0,0
170,Cinema Paradiso,"Comedy,Drama,Romance",0,0,0,0,0,1,0,0,1,0,0,0,0,0,1,0,0,0,0
171,Delicatessen,"Comedy,Sci-Fi",0,0,0,0,0,1,0,0,0,0,0,0,0,0,0,1,0,0,0
172,"Empire Strikes Back, The","Action,Adventure,Drama,Romance,Sci-Fi,War",0,1,1,0,0,0,0,0,1,0,0,0,0,0,1,1,0,1,0
173,"Princess Bride, The","Action,Adventure,Comedy,Romance",0,1,1,0,0,1,0,0,0,0,0,0,0,0,1,0,0,0,0
174,Raiders of the Lost Ark,"Action,Adventure",0,1,1,0,0,0,0,0,0,0,0,0,0,0,0,0,0,0,0
175,Brazil,Sci-Fi,0,0,0,0,0,0,0,0,0,0,0,0,0,0,0,1,0,0,0
176,Aliens,"Action,Sci-Fi,Thriller,War",0,1,0,0,0,0,0,0,0,0,0,0,0,0,0,1,1,1,0
177,"Good, The Bad and The Ugly, The","Action,Western",0,1,0,0,0,0,0,0,0,0,0,0,0,0,0,0,0,0,1
178,12 Angry Men,Drama,0,0,0,0,0,0,0,0,1,0,0,0,0,0,0,0,0,0,0
179,"Clockwork Orange, A",Sci-Fi,0,0,0,0,0,0,0,0,0,0,0,0,0,0,0,1,0,0,0
180,Apocalypse Now,"Drama,War",0,0,0,0,0,0,0,0,1,0,0,0,0,0,0,0,0,1,0
181,Return of the Jedi,"Action,Adventure,Romance,Sci-Fi,War",0,1,1,0,0,0,0,0,0,0,0,0,0,0,1,1,0,1,0
182,GoodFellas,"Crime,Drama",0,0,0,0,0,0,1,0,1,0,0,0,0,0,0,0,0,0,0
183,Alien,"Action,Horror,Sci-Fi,Thriller",0,1,0,0,0,0,0,0,0,0,0,1,0,0,0,1,1,0,0
184,Army of Darkness,"Action,Adventure,Comedy,Horror,Sci-Fi",0,1,1,0,0,1,0,0,0,0,0,1,0,0,0,1,0,0,0
185,Psycho,"Horror,Romance,Thriller",0,0,0,0,0,0,0,0,0,0,0,1,0,0,1,0,1,0,0
186,"Blues Brothers, The","Action,Comedy,Musical",0,1,0,0,0,1,0,0,0,0,0,0,1,0,0,0,0,0,0
187,"Godfather: Part II, The","Action,Crime,Drama",0,1,0,0,0,0,1,0,1,0,0,0,0,0,0,0,0,0,0
188,Full Metal Jacket,"Action,Drama,War",0,1,0,0,0,0,0,0,1,0,0,0,0,0,0,0,0,1,0
189,"Grand Day Out, A","Animation,Comedy",0,0,0,1,0,1,0,0,0,0,0,0,0,0,0,0,0,0,0
190,Henry V,"Drama,War",0,0,0,0,0,0,0,0,1,0,0,0,0,0,0,0,0,1,0
191,Amadeus,"Drama,Mystery",0,0,0,0,0,0,0,0,1,0,0,0,0,1,0,0,0,0,0
192,Raging Bull,Drama,0,0,0,0,0,0,0,0,1,0,0,0,0,0,0,0,0,0,0
193,"Right Stuff, The",Drama,0,0,0,0,0,0,0,0,1,0,0,0,0,0,0,0,0,0,0
194,"Sting, The","Comedy,Crime",0,0,0,0,0,1,1,0,0,0,0,0,0,0,0,0,0,0,0
195,"Terminator, The","Action,Sci-Fi,Thriller",0,1,0,0,0,0,0,0,0,0,0,0,0,0,0,1,1,0,0
196,Dead Poets Society,Drama,0,0,0,0,0,0,0,0,1,0,0,0,0,0,0,0,0,0,0
197,"Graduate, The","Drama,Romance",0,0,0,0,0,0,0,0,1,0,0,0,0,0,1,0,0,0,0
198,Nikita (La Femme Nikita),Thriller,0,0,0,0,0,0,0,0,0,0,0,0,0,0,0,0,1,0,0
199,"Bridge on the River Kwai, The","Drama,War",0,0,0,0,0,0,0,0,1,0,0,0,0,0,0,0,0,1,0
200,"Shining, The",Horror,0,0,0,0,0,0,0,0,0,0,0,1,0,0,0,0,0,0,0
201,Evil Dead II,"Action,Adventure,Comedy,Horror",0,1,1,0,0,1,0,0,0,0,0,1,0,0,0,0,0,0,0
202,Groundhog Day,"Comedy,Romance",0,0,0,0,0,1,0,0,0,0,0,0,0,0,1,0,0,0,0
203,Unforgiven,Western,0,0,0,0,0,0,0,0,0,0,0,0,0,0,0,0,0,0,1
204,Back to the Future,"Comedy,Sci-Fi",0,0,0,0,0,1,0,0,0,0,0,0,0,0,0,1,0,0,0
205,Patton,"Drama,War",0,0,0,0,0,0,0,0,1,0,0,0,0,0,0,0,0,1,0
206,Akira,"Adventure,Animation,Sci-Fi,Thriller",0,0,1,1,0,0,0,0,0,0,0,0,0,0,0,1,1,0,0
207,Cyrano de Bergerac,"Action,Drama,Romance",0,1,0,0,0,0,0,0,1,0,0,0,0,0,1,0,0,0,0
208,Young Frankenstein,"Comedy,Horror",0,0,0,0,0,1,0,0,0,0,0,1,0,0,0,0,0,0,0
209,This Is Spinal Tap,"Comedy,Drama,Musical",0,0,0,0,0,1,0,0,1,0,0,0,1,0,0,0,0,0,0
210,Indiana Jones and the Last Crusade,"Action,Adventure",0,1,1,0,0,0,0,0,0,0,0,0,0,0,0,0,0,0,0
211,M*A*S*H,"Comedy,War",0,0,0,0,0,1,0,0,0,0,0,0,0,0,0,0,0,1,0
212,"Unbearable Lightness of Being, The",Drama,0,0,0,0,0,0,0,0,1,0,0,0,0,0,0,0,0,0,0
213,"Room with a View, A","Drama,Romance",0,0,0,0,0,0,0,0,1,0,0,0,0,0,1,0,0,0,0
214,Pink Floyd - The Wall,"Drama,Musical,War",0,0,0,0,0,0,0,0,1,0,0,0,1,0,0,0,0,1,0
215,Field of Dreams,Drama,0,0,0,0,0,0,0,0,1,0,0,0,0,0,0,0,0,0,0
216,When Harry Met Sally...,"Comedy,Romance",0,0,0,0,0,1,0,0,0,0,0,0,0,0,1,0,0,0,0
217,Bram Stoker's Dracula,"Horror,Romance",0,0,0,0,0,0,0,0,0,0,0,1,0,0,1,0,0,0,0
218,Cape Fear,Thriller,0,0,0,0,0,0,0,0,0,0,0,0,0,0,0,0,1,0,0
219,"Nightmare on Elm Street, A",Horror,0,0,0,0,0,0,0,0,0,0,0,1,0,0,0,0,0,0,0
220,"Mirror Has Two Faces, The","Comedy,Romance",0,0,0,0,0,1,0,0,0,0,0,0,0,0,1,0,0,0,0
221,Breaking the Waves,Drama,0,0,0,0,0,0,0,0,1,0,0,0,0,0,0,0,0,0,0
222,Star Trek: First Contact,"Action,Adventure,Sci-Fi",0,1,1,0,0,0,0,0,0,0,0,0,0,0,0,1,0,0,0
223,Sling Blade,"Drama,Thriller",0,0,0,0,0,0,0,0,1,0,0,0,0,0,0,0,1,0,0
224,Ridicule,Drama,0,0,0,0,0,0,0,0,1,0,0,0,0,0,0,0,0,0,0
225,101 Dalmatians,"Children's,Comedy",0,0,0,0,1,1,0,0,0,0,0,0,0,0,0,0,0,0,0
226,Die Hard 2,"Action,Thriller",0,1,0,0,0,0,0,0,0,0,0,0,0,0,0,0,1,0,0
227,Star Trek VI: The Undiscovered Country,"Action,Adventure,Sci-Fi",0,1,1,0,0,0,0,0,0,0,0,0,0,0,0,1,0,0,0
228,Star Trek: The Wrath of Khan,"Action,Adventure,Sci-Fi",0,1,1,0,0,0,0,0,0,0,0,0,0,0,0,1,0,0,0
229,Star Trek III: The Search for Spock,"Action,Adventure,Sci-Fi",0,1,1,0,0,0,0,0,0,0,0,0,0,0,0,1,0,0,0
230,Star Trek IV: The Voyage Home,"Action,Adventure,Sci-Fi",0,1,1,0,0,0,0,0,0,0,0,0,0,0,0,1,0,0,0
231,Batman Returns,"Action,Adventure,Comedy,Crime",0,1,1,0,0,1,1,0,0,0,0,0,0,0,0,0,0,0,0
232,Young Guns,"Action,Comedy,Western",0,1,0,0,0,1,0,0,0,0,0,0,0,0,0,0,0,0,1
233,Under Siege,Action,0,1,0,0,0,0,0,0,0,0,0,0,0,0,0,0,0,0,0
234,Jaws,"Action,Horror",0,1,0,0,0,0,0,0,0,0,0,1,0,0,0,0,0,0,0
235,Mars Attacks!,"Action,Comedy,Sci-Fi,War",0,1,0,0,0,1,0,0,0,0,0,0,0,0,0,1,0,1,0
236,Citizen Ruth,"Comedy,Drama",0,0,0,0,0,1,0,0,1,0,0,0,0,0,0,0,0,0,0
237,Jerry Maguire,"Drama,Romance",0,0,0,0,0,0,0,0,1,0,0,0,0,0,1,0,0,0,0
238,Raising Arizona,Comedy,0,0,0,0,0,1,0,0,0,0,0,0,0,0,0,0,0,0,0
239,Sneakers,"Crime,Drama,Sci-Fi",0,0,0,0,0,0,1,0,1,0,0,0,0,0,0,1,0,0,0
240,Beavis and Butt-head Do America,"Animation,Comedy",0,0,0,1,0,1,0,0,0,0,0,0,0,0,0,0,0,0,0
241,"Last of the Mohicans, The","Action,Romance,War",0,1,0,0,0,0,0,0,0,0,0,0,0,0,1,0,0,1,0
242,Kolya,Comedy,0,0,0,0,0,1,0,0,0,0,0,0,0,0,0,0,0,0,0
243,Jungle2Jungle,"Children's,Comedy",0,0,0,0,1,1,0,0,0,0,0,0,0,0,0,0,0,0,0
244,Smilla's Sense of Snow,"Action,Drama,Thriller",0,1,0,0,0,0,0,0,1,0,0,0,0,0,0,0,1,0,0
245,"Devil's Own, The","Action,Drama,Thriller,War",0,1,0,0,0,0,0,0,1,0,0,0,0,0,0,0,1,1,0
246,Chasing Amy,"Drama,Romance",0,0,0,0,0,0,0,0,1,0,0,0,0,0,1,0,0,0,0
247,Turbo: A Power Rangers Movie,"Action,Adventure,Children's",0,1,1,0,1,0,0,0,0,0,0,0,0,0,0,0,0,0,0
248,Grosse Pointe Blank,"Comedy,Crime",0,0,0,0,0,1,1,0,0,0,0,0,0,0,0,0,0,0,0
249,Austin Powers: International Man of Mystery,Comedy,0,0,0,0,0,1,0,0,0,0,0,0,0,0,0,0,0,0,0
250,"Fifth Element, The","Action,Sci-Fi",0,1,0,0,0,0,0,0,0,0,0,0,0,0,0,1,0,0,0
251,Shall We Dance?,Comedy,0,0,0,0,0,1,0,0,0,0,0,0,0,0,0,0,0,0,0
252,"Lost World: Jurassic Park, The","Action,Adventure,Sci-Fi,Thriller",0,1,1,0,0,0,0,0,0,0,0,0,0,0,0,1,1,0,0
253,"Pillow Book, The","Drama,Romance",0,0,0,0,0,0,0,0,1,0,0,0,0,0,1,0,0,0,0
254,Batman & Robin,"Action,Adventure,Crime",0,1,1,0,0,0,1,0,0,0,0,0,0,0,0,0,0,0,0
255,My Best Friend's Wedding,"Comedy,Romance",0,0,0,0,0,1,0,0,0,0,0,0,0,0,1,0,0,0,0
256,When the Cats Away (Chacun cherche son chat),"Comedy,Romance",0,0,0,0,0,1,0,0,0,0,0,0,0,0,1,0,0,0,0
257,Men in Black,"Action,Adventure,Comedy,Sci-Fi",0,1,1,0,0,1,0,0,0,0,0,0,0,0,0,1,0,0,0
258,Contact,"Drama,Sci-Fi",0,0,0,0,0,0,0,0,1,0,0,0,0,0,0,1,0,0,0
259,George of the Jungle,"Children's,Comedy",0,0,0,0,1,1,0,0,0,0,0,0,0,0,0,0,0,0,0
260,Event Horizon,"Action,Mystery,Sci-Fi,Thriller",0,1,0,0,0,0,0,0,0,0,0,0,0,1,0,1,1,0,0
261,Air Bud,"Children's,Comedy",0,0,0,0,1,1,0,0,0,0,0,0,0,0,0,0,0,0,0
262,In the Company of Men,Drama,0,0,0,0,0,0,0,0,1,0,0,0,0,0,0,0,0,0,0
263,Steel,Action,0,1,0,0,0,0,0,0,0,0,0,0,0,0,0,0,0,0,0
264,Mimic,"Sci-Fi,Thriller",0,0,0,0,0,0,0,0,0,0,0,0,0,0,0,1,1,0,0
265,"Hunt for Red October, The","Action,Thriller",0,1,0,0,0,0,0,0,0,0,0,0,0,0,0,0,1,0,0
266,Kull the Conqueror,"Action,Adventure",0,1,1,0,0,0,0,0,0,0,0,0,0,0,0,0,0,0,0
267,unknown,unknown,1,0,0,0,0,0,0,0,0,0,0,0,0,0,0,0,0,0,0
268,Chasing Amy,"Drama,Romance",0,0,0,0,0,0,0,0,1,0,0,0,0,0,1,0,0,0,0
269,"Full Monty, The",Comedy,0,0,0,0,0,1,0,0,0,0,0,0,0,0,0,0,0,0,0
270,Gattaca,"Drama,Sci-Fi,Thriller",0,0,0,0,0,0,0,0,1,0,0,0,0,0,0,1,1,0,0
271,Starship Troopers,"Action,Adventure,Sci-Fi,War",0,1,1,0,0,0,0,0,0,0,0,0,0,0,0,1,0,1,0
272,Good Will Hunting,Drama,0,0,0,0,0,0,0,0,1,0,0,0,0,0,0,0,0,0,0
273,Heat,"Action,Crime,Thriller",0,1,0,0,0,0,1,0,0,0,0,0,0,0,0,0,1,0,0
274,Sabrina,"Comedy,Romance",0,0,0,0,0,1,0,0,0,0,0,0,0,0,1,0,0,0,0
275,Sense and Sensibility,"Drama,Romance",0,0,0,0,0,0,0,0,1,0,0,0,0,0,1,0,0,0,0
276,Leaving Las Vegas,"Drama,Romance",0,0,0,0,0,0,0,0,1,0,0,0,0,0,1,0,0,0,0
277,Restoration,Drama,0,0,0,0,0,0,0,0,1,0,0,0,0,0,0,0,0,0,0
278,Bed of Roses,"Drama,Romance",0,0,0,0,0,0,0,0,1,0,0,0,0,0,1,0,0,0,0
279,Once Upon a Time... When We Were Colored,Drama,0,0,0,0,0,0,0,0,1,0,0,0,0,0,0,0,0,0,0
280,Up Close and Personal,"Drama,Romance",0,0,0,0,0,0,0,0,1,0,0,0,0,0,1,0,0,0,0
281,"River Wild, The","Action,Thriller",0,1,0,0,0,0,0,0,0,0,0,0,0,0,0,0,1,0,0
282,"Time to Kill, A",Drama,0,0,0,0,0,0,0,0,1,0,0,0,0,0,0,0,0,0,0
283,Emma,"Drama,Romance",0,0,0,0,0,0,0,0,1,0,0,0,0,0,1,0,0,0,0
284,Tin Cup,"Comedy,Romance",0,0,0,0,0,1,0,0,0,0,0,0,0,0,1,0,0,0,0
285,Secrets & Lies,Drama,0,0,0,0,0,0,0,0,1,0,0,0,0,0,0,0,0,0,0
286,"English Patient, The","Drama,Romance,War",0,0,0,0,0,0,0,0,1,0,0,0,0,0,1,0,0,1,0
287,Marvin's Room,Drama,0,0,0,0,0,0,0,0,1,0,0,0,0,0,0,0,0,0,0
288,Scream,"Horror,Thriller",0,0,0,0,0,0,0,0,0,0,0,1,0,0,0,0,1,0,0
289,Evita,"Drama,Musical",0,0,0,0,0,0,0,0,1,0,0,0,1,0,0,0,0,0,0
290,Fierce Creatures,Comedy,0,0,0,0,0,1,0,0,0,0,0,0,0,0,0,0,0,0,0
291,Absolute Power,"Mystery,Thriller",0,0,0,0,0,0,0,0,0,0,0,0,0,1,0,0,1,0,0
292,Rosewood,Drama,0,0,0,0,0,0,0,0,1,0,0,0,0,0,0,0,0,0,0
293,Donnie Brasco,"Crime,Drama",0,0,0,0,0,0,1,0,1,0,0,0,0,0,0,0,0,0,0
294,Liar Liar,Comedy,0,0,0,0,0,1,0,0,0,0,0,0,0,0,0,0,0,0,0
295,Breakdown,"Action,Thriller",0,1,0,0,0,0,0,0,0,0,0,0,0,0,0,0,1,0,0
296,"Promesse, La",Drama,0,0,0,0,0,0,0,0,1,0,0,0,0,0,0,0,0,0,0
297,Ulee's Gold,Drama,0,0,0,0,0,0,0,0,1,0,0,0,0,0,0,0,0,0,0
298,Face/Off,"Action,Sci-Fi,Thriller",0,1,0,0,0,0,0,0,0,0,0,0,0,0,0,1,1,0,0
299,Hoodlum,"Crime,Drama,Film-Noir",0,0,0,0,0,0,1,0,1,0,1,0,0,0,0,0,0,0,0
300,Air Force One,"Action,Thriller",0,1,0,0,0,0,0,0,0,0,0,0,0,0,0,0,1,0,0
301,In & Out,Comedy,0,0,0,0,0,1,0,0,0,0,0,0,0,0,0,0,0,0,0
302,L.A. Confidential,"Crime,Film-Noir,Mystery,Thriller",0,0,0,0,0,0,1,0,0,0,1,0,0,1,0,0,1,0,0
303,Ulee's Gold,Drama,0,0,0,0,0,0,0,0,1,0,0,0,0,0,0,0,0,0,0
304,Fly Away Home,"Adventure,Children's",0,0,1,0,1,0,0,0,0,0,0,0,0,0,0,0,0,0,0
305,"Ice Storm, The",Drama,0,0,0,0,0,0,0,0,1,0,0,0,0,0,0,0,0,0,0
306,"Mrs. Brown (Her Majesty, Mrs. Brown)","Drama,Romance",0,0,0,0,0,0,0,0,1,0,0,0,0,0,1,0,0,0,0
307,"Devil's Advocate, The","Crime,Horror,Mystery,Thriller",0,0,0,0,0,0,1,0,0,0,0,1,0,1,0,0,1,0,0
308,FairyTale: A True Story,"Children's,Drama,Fantasy",0,0,0,0,1,0,0,0,1,1,0,0,0,0,0,0,0,0,0
309,Deceiver,Crime,0,0,0,0,0,0,1,0,0,0,0,0,0,0,0,0,0,0,0
310,"Rainmaker, The",Drama,0,0,0,0,0,0,0,0,1,0,0,0,0,0,0,0,0,0,0
311,"Wings of the Dove, The","Drama,Romance,Thriller",0,0,0,0,0,0,0,0,1,0,0,0,0,0,1,0,1,0,0
312,Midnight in the Garden of Good and Evil,"Comedy,Crime,Drama,Mystery",0,0,0,0,0,1,1,0,1,0,0,0,0,1,0,0,0,0,0
313,Titanic,"Action,Drama,Romance",0,1,0,0,0,0,0,0,1,0,0,0,0,0,1,0,0,0,0
314,3 Ninjas: High Noon At Mega Mountain,"Action,Children's",0,1,0,0,1,0,0,0,0,0,0,0,0,0,0,0,0,0,0
315,Apt Pupil,"Drama,Thriller",0,0,0,0,0,0,0,0,1,0,0,0,0,0,0,0,1,0,0
316,As Good As It Gets,"Comedy,Drama",0,0,0,0,0,1,0,0,1,0,0,0,0,0,0,0,0,0,0
317,In the Name of the Father,Drama,0,0,0,0,0,0,0,0,1,0,0,0,0,0,0,0,0,0,0
318,Schindler's List,"Drama,War",0,0,0,0,0,0,0,0,1,0,0,0,0,0,0,0,0,1,0
319,Everyone Says I Love You,"Comedy,Musical,Romance",0,0,0,0,0,1,0,0,0,0,0,0,1,0,1,0,0,0,0
320,Paradise Lost: The Child Murders at Robin Hood Hills,Documentary,0,0,0,0,0,0,0,1,0,0,0,0,0,0,0,0,0,0,0
321,Mother,Comedy,0,0,0,0,0,1,0,0,0,0,0,0,0,0,0,0,0,0,0
322,Murder at 1600,"Mystery,Thriller",0,0,0,0,0,0,0,0,0,0,0,0,0,1,0,0,1,0,0
323,Dante's Peak,"Action,Thriller",0,1,0,0,0,0,0,0,0,0,0,0,0,0,0,0,1,0,0
324,Lost Highway,Mystery,0,0,0,0,0,0,0,0,0,0,0,0,0,1,0,0,0,0,0
325,Crash,"Drama,Thriller",0,0,0,0,0,0,0,0,1,0,0,0,0,0,0,0,1,0,0
326,G.I. Jane,"Action,Drama,War",0,1,0,0,0,0,0,0,1,0,0,0,0,0,0,0,0,1,0
327,Cop Land,"Crime,Drama,Mystery",0,0,0,0,0,0,1,0,1,0,0,0,0,1,0,0,0,0,0
328,Conspiracy Theory,"Action,Mystery,Romance,Thriller",0,1,0,0,0,0,0,0,0,0,0,0,0,1,1,0,1,0,0
329,Desperate Measures,"Crime,Drama,Thriller",0,0,0,0,0,0,1,0,1,0,0,0,0,0,0,0,1,0,0
330,187,Drama,0,0,0,0,0,0,0,0,1,0,0,0,0,0,0,0,0,0,0
331,"Edge, The","Adventure,Thriller",0,0,1,0,0,0,0,0,0,0,0,0,0,0,0,0,1,0,0
332,Kiss the Girls,"Crime,Drama,Thriller",0,0,0,0,0,0,1,0,1,0,0,0,0,0,0,0,1,0,0
333,"Game, The","Mystery,Thriller",0,0,0,0,0,0,0,0,0,0,0,0,0,1,0,0,1,0,0
334,U Turn,"Action,Crime,Mystery",0,1,0,0,0,0,1,0,0,0,0,0,0,1,0,0,0,0,0
335,How to Be a Player,Comedy,0,0,0,0,0,1,0,0,0,0,0,0,0,0,0,0,0,0,0
336,Playing God,"Crime,Thriller",0,0,0,0,0,0,1,0,0,0,0,0,0,0,0,0,1,0,0
337,"House of Yes, The","Comedy,Drama,Thriller",0,0,0,0,0,1,0,0,1,0,0,0,0,0,0,0,1,0,0
338,Bean,Comedy,0,0,0,0,0,1,0,0,0,0,0,0,0,0,0,0,0,0,0
339,Mad City,"Action,Drama",0,1,0,0,0,0,0,0,1,0,0,0,0,0,0,0,0,0,0
340,Boogie Nights,Drama,0,0,0,0,0,0,0,0,1,0,0,0,0,0,0,0,0,0,0
341,Critical Care,Comedy,0,0,0,0,0,1,0,0,0,0,0,0,0,0,0,0,0,0,0
342,"Man Who Knew Too Little, The","Comedy,Mystery",0,0,0,0,0,1,0,0,0,0,0,0,0,1,0,0,0,0,0
343,Alien: Resurrection,"Action,Horror,Sci-Fi",0,1,0,0,0,0,0,0,0,0,0,1,0,0,0,1,0,0,0
344,"Apostle, The",Drama,0,0,0,0,0,0,0,0,1,0,0,0,0,0,0,0,0,0,0
345,Deconstructing Harry,"Comedy,Drama",0,0,0,0,0,1,0,0,1,0,0,0,0,0,0,0,0,0,0
346,Jackie Brown,"Crime,Drama",0,0,0,0,0,0,1,0,1,0,0,0,0,0,0,0,0,0,0
347,Wag the Dog,"Comedy,Drama",0,0,0,0,0,1,0,0,1,0,0,0,0,0,0,0,0,0,0
348,Desperate Measures,"Crime,Drama,Thriller",0,0,0,0,0,0,1,0,1,0,0,0,0,0,0,0,1,0,0
349,Hard Rain,"Action,Thriller",0,1,0,0,0,0,0,0,0,0,0,0,0,0,0,0,1,0,0
350,Fallen,"Action,Mystery,Thriller",0,1,0,0,0,0,0,0,0,0,0,0,0,1,0,0,1,0,0
351,"Prophecy II, The",Horror,0,0,0,0,0,0,0,0,0,0,0,1,0,0,0,0,0,0,0
352,Spice World,"Comedy,Musical",0,0,0,0,0,1,0,0,0,0,0,0,1,0,0,0,0,0,0
353,Deep Rising,"Action,Horror,Sci-Fi",0,1,0,0,0,0,0,0,0,0,0,1,0,0,0,1,0,0,0
354,"Wedding Singer, The","Comedy,Romance",0,0,0,0,0,1,0,0,0,0,0,0,0,0,1,0,0,0,0
355,Sphere,"Adventure,Sci-Fi,Thriller",0,0,1,0,0,0,0,0,0,0,0,0,0,0,0,1,1,0,0
356,"Client, The","Drama,Mystery,Thriller",0,0,0,0,0,0,0,0,1,0,0,0,0,1,0,0,1,0,0
357,One Flew Over the Cuckoo's Nest,Drama,0,0,0,0,0,0,0,0,1,0,0,0,0,0,0,0,0,0,0
358,Spawn,"Action,Adventure,Sci-Fi,Thriller",0,1,1,0,0,0,0,0,0,0,0,0,0,0,0,1,1,0,0
359,"Assignment, The",Thriller,0,0,0,0,0,0,0,0,0,0,0,0,0,0,0,0,1,0,0
360,Wonderland,Documentary,0,0,0,0,0,0,0,1,0,0,0,0,0,0,0,0,0,0,0
361,Incognito,"Crime,Thriller",0,0,0,0,0,0,1,0,0,0,0,0,0,0,0,0,1,0,0
362,Blues Brothers 2000,"Action,Comedy,Musical",0,1,0,0,0,1,0,0,0,0,0,0,1,0,0,0,0,0,0
363,Sudden Death,Action,0,1,0,0,0,0,0,0,0,0,0,0,0,0,0,0,0,0,0
364,Ace Ventura: When Nature Calls,Comedy,0,0,0,0,0,1,0,0,0,0,0,0,0,0,0,0,0,0,0
365,Powder,Drama,0,0,0,0,0,0,0,0,1,0,0,0,0,0,0,0,0,0,0
366,Dangerous Minds,Drama,0,0,0,0,0,0,0,0,1,0,0,0,0,0,0,0,0,0,0
367,Clueless,Comedy,0,0,0,0,0,1,0,0,0,0,0,0,0,0,0,0,0,0,0
368,Bio-Dome,Comedy,0,0,0,0,0,1,0,0,0,0,0,0,0,0,0,0,0,0,0
369,Black Sheep,Comedy,0,0,0,0,0,1,0,0,0,0,0,0,0,0,0,0,0,0,0
370,Mary Reilly,"Drama,Thriller",0,0,0,0,0,0,0,0,1,0,0,0,0,0,0,0,1,0,0
371,"Bridges of Madison County, The","Drama,Romance",0,0,0,0,0,0,0,0,1,0,0,0,0,0,1,0,0,0,0
372,Jeffrey,Comedy,0,0,0,0,0,1,0,0,0,0,0,0,0,0,0,0,0,0,0
373,Judge Dredd,"Action,Adventure,Sci-Fi",0,1,1,0,0,0,0,0,0,0,0,0,0,0,0,1,0,0,0
374,Mighty Morphin Power Rangers: The Movie,"Action,Children's",0,1,0,0,1,0,0,0,0,0,0,0,0,0,0,0,0,0,0
375,Showgirls,Drama,0,0,0,0,0,0,0,0,1,0,0,0,0,0,0,0,0,0,0
376,Houseguest,Comedy,0,0,0,0,0,1,0,0,0,0,0,0,0,0,0,0,0,0,0
377,Heavyweights,"Children's,Comedy",0,0,0,0,1,1,0,0,0,0,0,0,0,0,0,0,0,0,0
378,Miracle on 34th Street,Drama,0,0,0,0,0,0,0,0,1,0,0,0,0,0,0,0,0,0,0
379,Tales From the Crypt Presents: Demon Knight,Horror,0,0,0,0,0,0,0,0,0,0,0,1,0,0,0,0,0,0,0
380,Star Trek: Generations,"Action,Adventure,Sci-Fi",0,1,1,0,0,0,0,0,0,0,0,0,0,0,0,1,0,0,0
381,Muriel's Wedding,"Comedy,Romance",0,0,0,0,0,1,0,0,0,0,0,0,0,0,1,0,0,0,0
382,"Adventures of Priscilla, Queen of the Desert, The","Comedy,Drama",0,0,0,0,0,1,0,0,1,0,0,0,0,0,0,0,0,0,0
383,"Flintstones, The","Children's,Comedy",0,0,0,0,1,1,0,0,0,0,0,0,0,0,0,0,0,0,0
384,Naked Gun 33 1/3: The Final Insult,Comedy,0,0,0,0,0,1,0,0,0,0,0,0,0,0,0,0,0,0,0
385,True Lies,"Action,Adventure,Comedy,Romance",0,1,1,0,0,1,0,0,0,0,0,0,0,0,1,0,0,0,0
386,Addams Family Values,Comedy,0,0,0,0,0,1,0,0,0,0,0,0,0,0,0,0,0,0,0
387,"Age of Innocence, The",Drama,0,0,0,0,0,0,0,0,1,0,0,0,0,0,0,0,0,0,0
388,Beverly Hills Cop III,"Action,Comedy",0,1,0,0,0,1,0,0,0,0,0,0,0,0,0,0,0,0,0
389,Black Beauty,"Adventure,Children's",0,0,1,0,1,0,0,0,0,0,0,0,0,0,0,0,0,0,0
390,Fear of a Black Hat,Comedy,0,0,0,0,0,1,0,0,0,0,0,0,0,0,0,0,0,0,0
391,Last Action Hero,"Action,Comedy",0,1,0,0,0,1,0,0,0,0,0,0,0,0,0,0,0,0,0
392,"Man Without a Face, The",Drama,0,0,0,0,0,0,0,0,1,0,0,0,0,0,0,0,0,0,0
393,Mrs. Doubtfire,Comedy,0,0,0,0,0,1,0,0,0,0,0,0,0,0,0,0,0,0,0
394,Radioland Murders,"Comedy,Mystery,Romance",0,0,0,0,0,1,0,0,0,0,0,0,0,1,1,0,0,0,0
395,Robin Hood: Men in Tights,Comedy,0,0,0,0,0,1,0,0,0,0,0,0,0,0,0,0,0,0,0
396,Serial Mom,"Comedy,Crime,Horror",0,0,0,0,0,1,1,0,0,0,0,1,0,0,0,0,0,0,0
397,Striking Distance,Action,0,1,0,0,0,0,0,0,0,0,0,0,0,0,0,0,0,0,0
398,Super Mario Bros.,"Action,Adventure,Children's,Sci-Fi",0,1,1,0,1,0,0,0,0,0,0,0,0,0,0,1,0,0,0
399,"Three Musketeers, The","Action,Adventure,Comedy",0,1,1,0,0,1,0,0,0,0,0,0,0,0,0,0,0,0,0
400,"Little Rascals, The","Children's,Comedy",0,0,0,0,1,1,0,0,0,0,0,0,0,0,0,0,0,0,0
401,"Brady Bunch Movie, The",Comedy,0,0,0,0,0,1,0,0,0,0,0,0,0,0,0,0,0,0,0
402,Ghost,"Comedy,Romance,Thriller",0,0,0,0,0,1,0,0,0,0,0,0,0,0,1,0,1,0,0
403,Batman,"Action,Adventure,Crime,Drama",0,1,1,0,0,0,1,0,1,0,0,0,0,0,0,0,0,0,0
404,Pinocchio,"Animation,Children's",0,0,0,1,1,0,0,0,0,0,0,0,0,0,0,0,0,0,0
405,Mission: Impossible,"Action,Adventure,Mystery",0,1,1,0,0,0,0,0,0,0,0,0,0,1,0,0,0,0,0
406,Thinner,"Horror,Thriller",0,0,0,0,0,0,0,0,0,0,0,1,0,0,0,0,1,0,0
407,Spy Hard,Comedy,0,0,0,0,0,1,0,0,0,0,0,0,0,0,0,0,0,0,0
408,"Close Shave, A","Animation,Comedy,Thriller",0,0,0,1,0,1,0,0,0,0,0,0,0,0,0,0,1,0,0
409,Jack,"Comedy,Drama",0,0,0,0,0,1,0,0,1,0,0,0,0,0,0,0,0,0,0
410,Kingpin,Comedy,0,0,0,0,0,1,0,0,0,0,0,0,0,0,0,0,0,0,0
411,"Nutty Professor, The","Comedy,Fantasy,Romance,Sci-Fi",0,0,0,0,0,1,0,0,0,1,0,0,0,0,1,1,0,0,0
412,"Very Brady Sequel, A",Comedy,0,0,0,0,0,1,0,0,0,0,0,0,0,0,0,0,0,0,0
413,Tales from the Crypt Presents: Bordello of Blood,Horror,0,0,0,0,0,0,0,0,0,0,0,1,0,0,0,0,0,0,0
414,My Favorite Year,Comedy,0,0,0,0,0,1,0,0,0,0,0,0,0,0,0,0,0,0,0
415,"Apple Dumpling Gang, The","Children's,Comedy,Western",0,0,0,0,1,1,0,0,0,0,0,0,0,0,0,0,0,0,1
416,Old Yeller,"Children's,Drama",0,0,0,0,1,0,0,0,1,0,0,0,0,0,0,0,0,0,0
417,"Parent Trap, The","Children's,Drama",0,0,0,0,1,0,0,0,1,0,0,0,0,0,0,0,0,0,0
418,Cinderella,"Animation,Children's,Musical",0,0,0,1,1,0,0,0,0,0,0,0,1,0,0,0,0,0,0
419,Mary Poppins,"Children's,Comedy,Musical",0,0,0,0,1,1,0,0,0,0,0,0,1,0,0,0,0,0,0
420,Alice in Wonderland,"Animation,Children's,Musical",0,0,0,1,1,0,0,0,0,0,0,0,1,0,0,0,0,0,0
421,William Shakespeare's Romeo and Juliet,"Drama,Romance",0,0,0,0,0,0,0,0,1,0,0,0,0,0,1,0,0,0,0
422,Aladdin and the King of Thieves,"Animation,Children's,Comedy",0,0,0,1,1,1,0,0,0,0,0,0,0,0,0,0,0,0,0
423,E.T. the Extra-Terrestrial,"Children's,Drama,Fantasy,Sci-Fi",0,0,0,0,1,0,0,0,1,1,0,0,0,0,0,1,0,0,0
424,Children of the Corn: The Gathering,Horror,0,0,0,0,0,0,0,0,0,0,0,1,0,0,0,0,0,0,0
425,Bob Roberts,Comedy,0,0,0,0,0,1,0,0,0,0,0,0,0,0,0,0,0,0,0
426,"Transformers: The Movie, The","Action,Animation,Children's,Sci-Fi,Thriller,War",0,1,0,1,1,0,0,0,0,0,0,0,0,0,0,1,1,1,0
427,To Kill a Mockingbird,Drama,0,0,0,0,0,0,0,0,1,0,0,0,0,0,0,0,0,0,0
428,Harold and Maude,Comedy,0,0,0,0,0,1,0,0,0,0,0,0,0,0,0,0,0,0,0
429,"Day the Earth Stood Still, The","Drama,Sci-Fi",0,0,0,0,0,0,0,0,1,0,0,0,0,0,0,1,0,0,0
430,Duck Soup,"Comedy,War",0,0,0,0,0,1,0,0,0,0,0,0,0,0,0,0,0,1,0
431,Highlander,"Action,Adventure",0,1,1,0,0,0,0,0,0,0,0,0,0,0,0,0,0,0,0
432,Fantasia,"Animation,Children's,Musical",0,0,0,1,1,0,0,0,0,0,0,0,1,0,0,0,0,0,0
433,Heathers,Comedy,0,0,0,0,0,1,0,0,0,0,0,0,0,0,0,0,0,0,0
434,Forbidden Planet,Sci-Fi,0,0,0,0,0,0,0,0,0,0,0,0,0,0,0,1,0,0,0
435,Butch Cassidy and the Sundance Kid,"Action,Comedy,Western",0,1,0,0,0,1,0,0,0,0,0,0,0,0,0,0,0,0,1
436,"American Werewolf in London, An",Horror,0,0,0,0,0,0,0,0,0,0,0,1,0,0,0,0,0,0,0
437,Amityville 1992: It's About Time,Horror,0,0,0,0,0,0,0,0,0,0,0,1,0,0,0,0,0,0,0
438,Amityville 3-D,Horror,0,0,0,0,0,0,0,0,0,0,0,1,0,0,0,0,0,0,0
439,Amityville: A New Generation,Horror,0,0,0,0,0,0,0,0,0,0,0,1,0,0,0,0,0,0,0
440,Amityville II: The Possession,Horror,0,0,0,0,0,0,0,0,0,0,0,1,0,0,0,0,0,0,0
441,"Amityville Horror, The",Horror,0,0,0,0,0,0,0,0,0,0,0,1,0,0,0,0,0,0,0
442,"Amityville Curse, The",Horror,0,0,0,0,0,0,0,0,0,0,0,1,0,0,0,0,0,0,0
443,"Birds, The",Horror,0,0,0,0,0,0,0,0,0,0,0,1,0,0,0,0,0,0,0
444,"Blob, The","Horror,Sci-Fi",0,0,0,0,0,0,0,0,0,0,0,1,0,0,0,1,0,0,0
445,"Body Snatcher, The",Horror,0,0,0,0,0,0,0,0,0,0,0,1,0,0,0,0,0,0,0
446,Burnt Offerings,Horror,0,0,0,0,0,0,0,0,0,0,0,1,0,0,0,0,0,0,0
447,Carrie,Horror,0,0,0,0,0,0,0,0,0,0,0,1,0,0,0,0,0,0,0
448,"Omen, The",Horror,0,0,0,0,0,0,0,0,0,0,0,1,0,0,0,0,0,0,0
449,Star Trek: The Motion Picture,"Action,Adventure,Sci-Fi",0,1,1,0,0,0,0,0,0,0,0,0,0,0,0,1,0,0,0
450,Star Trek V: The Final Frontier,"Action,Adventure,Sci-Fi",0,1,1,0,0,0,0,0,0,0,0,0,0,0,0,1,0,0,0
451,Grease,"Comedy,Musical,Romance",0,0,0,0,0,1,0,0,0,0,0,0,1,0,1,0,0,0,0
452,Jaws 2,"Action,Horror",0,1,0,0,0,0,0,0,0,0,0,1,0,0,0,0,0,0,0
453,Jaws 3-D,"Action,Horror",0,1,0,0,0,0,0,0,0,0,0,1,0,0,0,0,0,0,0
454,Bastard Out of Carolina,Drama,0,0,0,0,0,0,0,0,1,0,0,0,0,0,0,0,0,0,0
455,Jackie Chan's First Strike,Action,0,1,0,0,0,0,0,0,0,0,0,0,0,0,0,0,0,0,0
456,Beverly Hills Ninja,"Action,Comedy",0,1,0,0,0,1,0,0,0,0,0,0,0,0,0,0,0,0,0
457,Free Willy 3: The Rescue,"Adventure,Children's,Drama",0,0,1,0,1,0,0,0,1,0,0,0,0,0,0,0,0,0,0
458,Nixon,Drama,0,0,0,0,0,0,0,0,1,0,0,0,0,0,0,0,0,0,0
459,"Cry, the Beloved Country",Drama,0,0,0,0,0,0,0,0,1,0,0,0,0,0,0,0,0,0,0
460,"Crossing Guard, The",Drama,0,0,0,0,0,0,0,0,1,0,0,0,0,0,0,0,0,0,0
461,Smoke,Drama,0,0,0,0,0,0,0,0,1,0,0,0,0,0,0,0,0,0,0
462,Like Water For Chocolate (Como agua para chocolate),"Drama,Romance",0,0,0,0,0,0,0,0,1,0,0,0,0,0,1,0,0,0,0
463,"Secret of Roan Inish, The",Adventure,0,0,1,0,0,0,0,0,0,0,0,0,0,0,0,0,0,0,0
464,Vanya on 42nd Street,Drama,0,0,0,0,0,0,0,0,1,0,0,0,0,0,0,0,0,0,0
465,"Jungle Book, The","Adventure,Children's,Romance",0,0,1,0,1,0,0,0,0,0,0,0,0,0,1,0,0,0,0
466,Red Rock West,Thriller,0,0,0,0,0,0,0,0,0,0,0,0,0,0,0,0,1,0,0
467,"Bronx Tale, A",Drama,0,0,0,0,0,0,0,0,1,0,0,0,0,0,0,0,0,0,0
468,Rudy,Drama,0,0,0,0,0,0,0,0,1,0,0,0,0,0,0,0,0,0,0
469,Short Cuts,Drama,0,0,0,0,0,0,0,0,1,0,0,0,0,0,0,0,0,0,0
470,Tombstone,Western,0,0,0,0,0,0,0,0,0,0,0,0,0,0,0,0,0,0,1
471,Courage Under Fire,"Drama,War",0,0,0,0,0,0,0,0,1,0,0,0,0,0,0,0,0,1,0
472,Dragonheart,"Action,Adventure,Fantasy",0,1,1,0,0,0,0,0,0,1,0,0,0,0,0,0,0,0,0
473,James and the Giant Peach,"Animation,Children's,Musical",0,0,0,1,1,0,0,0,0,0,0,0,1,0,0,0,0,0,0
474,Dr. Strangelove or: How I Learned to Stop Worrying and Love the Bomb,"Sci-Fi,War",0,0,0,0,0,0,0,0,0,0,0,0,0,0,0,1,0,1,0
475,Trainspotting,Drama,0,0,0,0,0,0,0,0,1,0,0,0,0,0,0,0,0,0,0
476,"First Wives Club, The",Comedy,0,0,0,0,0,1,0,0,0,0,0,0,0,0,0,0,0,0,0
477,Matilda,"Children's,Comedy",0,0,0,0,1,1,0,0,0,0,0,0,0,0,0,0,0,0,0
478,"Philadelphia Story, The","Comedy,Romance",0,0,0,0,0,1,0,0,0,0,0,0,0,0,1,0,0,0,0
479,Vertigo,"Mystery,Thriller",0,0,0,0,0,0,0,0,0,0,0,0,0,1,0,0,1,0,0
480,North by Northwest,"Comedy,Thriller",0,0,0,0,0,1,0,0,0,0,0,0,0,0,0,0,1,0,0
481,"Apartment, The","Comedy,Drama",0,0,0,0,0,1,0,0,1,0,0,0,0,0,0,0,0,0,0
482,Some Like It Hot,"Comedy,Crime",0,0,0,0,0,1,1,0,0,0,0,0,0,0,0,0,0,0,0
483,Casablanca,"Drama,Romance,War",0,0,0,0,0,0,0,0,1,0,0,0,0,0,1,0,0,1,0
484,"Maltese Falcon, The","Film-Noir,Mystery",0,0,0,0,0,0,0,0,0,0,1,0,0,1,0,0,0,0,0
485,My Fair Lady,"Musical,Romance",0,0,0,0,0,0,0,0,0,0,0,0,1,0,1,0,0,0,0
486,Sabrina,"Comedy,Romance",0,0,0,0,0,1,0,0,0,0,0,0,0,0,1,0,0,0,0
487,Roman Holiday,"Comedy,Romance",0,0,0,0,0,1,0,0,0,0,0,0,0,0,1,0,0,0,0
488,Sunset Blvd.,Film-Noir,0,0,0,0,0,0,0,0,0,0,1,0,0,0,0,0,0,0,0
489,Notorious,"Film-Noir,Romance,Thriller",0,0,0,0,0,0,0,0,0,0,1,0,0,0,1,0,1,0,0
490,To Catch a Thief,"Comedy,Romance,Thriller",0,0,0,0,0,1,0,0,0,0,0,0,0,0,1,0,1,0,0
491,"Adventures of Robin Hood, The","Action,Adventure",0,1,1,0,0,0,0,0,0,0,0,0,0,0,0,0,0,0,0
492,East of Eden,Drama,0,0,0,0,0,0,0,0,1,0,0,0,0,0,0,0,0,0,0
493,"Thin Man, The",Mystery,0,0,0,0,0,0,0,0,0,0,0,0,0,1,0,0,0,0,0
494,His Girl Friday,Comedy,0,0,0,0,0,1,0,0,0,0,0,0,0,0,0,0,0,0,0
495,Around the World in 80 Days,"Adventure,Comedy",0,0,1,0,0,1,0,0,0,0,0,0,0,0,0,0,0,0,0
496,It's a Wonderful Life,Drama,0,0,0,0,0,0,0,0,1,0,0,0,0,0,0,0,0,0,0
497,Bringing Up Baby,Comedy,0,0,0,0,0,1,0,0,0,0,0,0,0,0,0,0,0,0,0
498,"African Queen, The","Action,Adventure,Romance,War",0,1,1,0,0,0,0,0,0,0,0,0,0,0,1,0,0,1,0
499,Cat on a Hot Tin Roof,Drama,0,0,0,0,0,0,0,0,1,0,0,0,0,0,0,0,0,0,0
500,Fly Away Home,"Adventure,Children's",0,0,1,0,1,0,0,0,0,0,0,0,0,0,0,0,0,0,0
501,Dumbo,"Animation,Children's,Musical",0,0,0,1,1,0,0,0,0,0,0,0,1,0,0,0,0,0,0
502,Bananas,"Comedy,War",0,0,0,0,0,1,0,0,0,0,0,0,0,0,0,0,0,1,0
503,"Candidate, The",Drama,0,0,0,0,0,0,0,0,1,0,0,0,0,0,0,0,0,0,0
504,Bonnie and Clyde,"Crime,Drama",0,0,0,0,0,0,1,0,1,0,0,0,0,0,0,0,0,0,0
505,Dial M for Murder,"Mystery,Thriller",0,0,0,0,0,0,0,0,0,0,0,0,0,1,0,0,1,0,0
506,Rebel Without a Cause,Drama,0,0,0,0,0,0,0,0,1,0,0,0,0,0,0,0,0,0,0
507,"Streetcar Named Desire, A",Drama,0,0,0,0,0,0,0,0,1,0,0,0,0,0,0,0,0,0,0
508,"People vs. Larry Flynt, The",Drama,0,0,0,0,0,0,0,0,1,0,0,0,0,0,0,0,0,0,0
509,My Left Foot,Drama,0,0,0,0,0,0,0,0,1,0,0,0,0,0,0,0,0,0,0
510,"Magnificent Seven, The","Action,Drama,Western",0,1,0,0,0,0,0,0,1,0,0,0,0,0,0,0,0,0,1
511,Lawrence of Arabia,"Adventure,War",0,0,1,0,0,0,0,0,0,0,0,0,0,0,0,0,0,1,0
512,Wings of Desire,"Comedy,Drama,Romance",0,0,0,0,0,1,0,0,1,0,0,0,0,0,1,0,0,0,0
513,"Third Man, The","Mystery,Thriller",0,0,0,0,0,0,0,0,0,0,0,0,0,1,0,0,1,0,0
514,Annie Hall,"Comedy,Romance",0,0,0,0,0,1,0,0,0,0,0,0,0,0,1,0,0,0,0
515,"Boot, Das","Action,Drama,War",0,1,0,0,0,0,0,0,1,0,0,0,0,0,0,0,0,1,0
516,Local Hero,Comedy,0,0,0,0,0,1,0,0,0,0,0,0,0,0,0,0,0,0,0
517,Manhattan,"Comedy,Drama,Romance",0,0,0,0,0,1,0,0,1,0,0,0,0,0,1,0,0,0,0
518,Miller's Crossing,Drama,0,0,0,0,0,0,0,0,1,0,0,0,0,0,0,0,0,0,0
519,"Treasure of the Sierra Madre, The",Adventure,0,0,1,0,0,0,0,0,0,0,0,0,0,0,0,0,0,0,0
520,"Great Escape, The","Adventure,War",0,0,1,0,0,0,0,0,0,0,0,0,0,0,0,0,0,1,0
521,"Deer Hunter, The","Drama,War",0,0,0,0,0,0,0,0,1,0,0,0,0,0,0,0,0,1,0
522,Down by Law,"Comedy,Drama",0,0,0,0,0,1,0,0,1,0,0,0,0,0,0,0,0,0,0
523,Cool Hand Luke,"Comedy,Drama",0,0,0,0,0,1,0,0,1,0,0,0,0,0,0,0,0,0,0
524,"Great Dictator, The",Comedy,0,0,0,0,0,1,0,0,0,0,0,0,0,0,0,0,0,0,0
525,"Big Sleep, The","Film-Noir,Mystery",0,0,0,0,0,0,0,0,0,0,1,0,0,1,0,0,0,0,0
526,Ben-Hur,"Action,Adventure,Drama",0,1,1,0,0,0,0,0,1,0,0,0,0,0,0,0,0,0,0
527,Gandhi,Drama,0,0,0,0,0,0,0,0,1,0,0,0,0,0,0,0,0,0,0
528,"Killing Fields, The","Drama,War",0,0,0,0,0,0,0,0,1,0,0,0,0,0,0,0,0,1,0
529,My Life as a Dog (Mitt liv som hund),Drama,0,0,0,0,0,0,0,0,1,0,0,0,0,0,0,0,0,0,0
530,"Man Who Would Be King, The",Adventure,0,0,1,0,0,0,0,0,0,0,0,0,0,0,0,0,0,0,0
531,Shine,"Drama,Romance",0,0,0,0,0,0,0,0,1,0,0,0,0,0,1,0,0,0,0
532,Kama Sutra: A Tale of Love,Romance,0,0,0,0,0,0,0,0,0,0,0,0,0,0,1,0,0,0,0
533,"Daytrippers, The",Mystery,0,0,0,0,0,0,0,0,0,0,0,0,0,1,0,0,0,0,0
534,Traveller,Drama,0,0,0,0,0,0,0,0,1,0,0,0,0,0,0,0,0,0,0
535,Addicted to Love,"Comedy,Romance",0,0,0,0,0,1,0,0,0,0,0,0,0,0,1,0,0,0,0
536,Ponette,Drama,0,0,0,0,0,0,0,0,1,0,0,0,0,0,0,0,0,0,0
537,My Own Private Idaho,Drama,0,0,0,0,0,0,0,0,1,0,0,0,0,0,0,0,0,0,0
538,Anastasia,"Animation,Children's,Musical",0,0,0,1,1,0,0,0,0,0,0,0,1,0,0,0,0,0,0
539,Mouse Hunt,"Children's,Comedy",0,0,0,0,1,1,0,0,0,0,0,0,0,0,0,0,0,0,0
540,Money Train,Action,0,1,0,0,0,0,0,0,0,0,0,0,0,0,0,0,0,0,0
541,Mortal Kombat,"Action,Adventure",0,1,1,0,0,0,0,0,0,0,0,0,0,0,0,0,0,0,0
542,Pocahontas,"Animation,Children's,Musical,Romance",0,0,0,1,1,0,0,0,0,0,0,0,1,0,1,0,0,0,0
543,"Misérables, Les","Drama,Musical",0,0,0,0,0,0,0,0,1,0,0,0,1,0,0,0,0,0,0
544,Things to Do in Denver when You're Dead,"Crime,Drama,Romance",0,0,0,0,0,0,1,0,1,0,0,0,0,0,1,0,0,0,0
545,Vampire in Brooklyn,"Comedy,Romance",0,0,0,0,0,1,0,0,0,0,0,0,0,0,1,0,0,0,0
546,Broken Arrow,"Action,Thriller",0,1,0,0,0,0,0,0,0,0,0,0,0,0,0,0,1,0,0
547,"Young Poisoner's Handbook, The",Crime,0,0,0,0,0,0,1,0,0,0,0,0,0,0,0,0,0,0,0
548,"NeverEnding Story III, The","Children's,Fantasy",0,0,0,0,1,0,0,0,0,1,0,0,0,0,0,0,0,0,0
549,Rob Roy,"Drama,Romance,War",0,0,0,0,0,0,0,0,1,0,0,0,0,0,1,0,0,1,0
550,Die Hard: With a Vengeance,"Action,Thriller",0,1,0,0,0,0,0,0,0,0,0,0,0,0,0,0,1,0,0
551,Lord of Illusions,Horror,0,0,0,0,0,0,0,0,0,0,0,1,0,0,0,0,0,0,0
552,Species,Sci-Fi,0,0,0,0,0,0,0,0,0,0,0,0,0,0,0,1,0,0,0
553,"Walk in the Clouds, A","Drama,Romance",0,0,0,0,0,0,0,0,1,0,0,0,0,0,1,0,0,0,0
554,Waterworld,"Action,Adventure",0,1,1,0,0,0,0,0,0,0,0,0,0,0,0,0,0,0,0
555,White Man's Burden,Drama,0,0,0,0,0,0,0,0,1,0,0,0,0,0,0,0,0,0,0
556,Wild Bill,Western,0,0,0,0,0,0,0,0,0,0,0,0,0,0,0,0,0,0,1
557,Farinelli: il castrato,"Drama,Musical",0,0,0,0,0,0,0,0,1,0,0,0,1,0,0,0,0,0,0
558,Heavenly Creatures,"Drama,Fantasy,Thriller",0,0,0,0,0,0,0,0,1,1,0,0,0,0,0,0,1,0,0
559,Interview with the Vampire,"Drama,Horror",0,0,0,0,0,0,0,0,1,0,0,1,0,0,0,0,0,0,0
560,"Kid in King Arthur's Court, A","Adventure,Children's,Comedy,Fantasy,Romance,Sci-Fi",0,0,1,0,1,1,0,0,0,1,0,0,0,0,1,1,0,0,0
561,Mary Shelley's Frankenstein,"Drama,Horror",0,0,0,0,0,0,0,0,1,0,0,1,0,0,0,0,0,0,0
562,"Quick and the Dead, The","Action,Adventure,Western",0,1,1,0,0,0,0,0,0,0,0,0,0,0,0,0,0,0,1
563,Stephen King's The Langoliers,Horror,0,0,0,0,0,0,0,0,0,0,0,1,0,0,0,0,0,0,0
564,Tales from the Hood,"Comedy,Horror",0,0,0,0,0,1,0,0,0,0,0,1,0,0,0,0,0,0,0
565,Village of the Damned,"Horror,Thriller",0,0,0,0,0,0,0,0,0,0,0,1,0,0,0,0,1,0,0
566,Clear and Present Danger,"Action,Adventure,Thriller",0,1,1,0,0,0,0,0,0,0,0,0,0,0,0,0,1,0,0
567,Wes Craven's New Nightmare,Horror,0,0,0,0,0,0,0,0,0,0,0,1,0,0,0,0,0,0,0
568,Speed,"Action,Romance,Thriller",0,1,0,0,0,0,0,0,0,0,0,0,0,0,1,0,1,0,0
569,Wolf,"Drama,Horror",0,0,0,0,0,0,0,0,1,0,0,1,0,0,0,0,0,0,0
570,Wyatt Earp,Western,0,0,0,0,0,0,0,0,0,0,0,0,0,0,0,0,0,0,1
571,Another Stakeout,"Comedy,Thriller",0,0,0,0,0,1,0,0,0,0,0,0,0,0,0,0,1,0,0
572,Blown Away,"Action,Thriller",0,1,0,0,0,0,0,0,0,0,0,0,0,0,0,0,1,0,0
573,Body Snatchers,"Horror,Sci-Fi,Thriller",0,0,0,0,0,0,0,0,0,0,0,1,0,0,0,1,1,0,0
574,Boxing Helena,"Mystery,Romance,Thriller",0,0,0,0,0,0,0,0,0,0,0,0,0,1,1,0,1,0,0
575,City Slickers II: The Legend of Curly's Gold,"Comedy,Western",0,0,0,0,0,1,0,0,0,0,0,0,0,0,0,0,0,0,1
576,Cliffhanger,"Action,Adventure,Crime",0,1,1,0,0,0,1,0,0,0,0,0,0,0,0,0,0,0,0
577,Coneheads,"Comedy,Sci-Fi",0,0,0,0,0,1,0,0,0,0,0,0,0,0,0,1,0,0,0
578,Demolition Man,"Action,Sci-Fi",0,1,0,0,0,0,0,0,0,0,0,0,0,0,0,1,0,0,0
579,Fatal Instinct,Comedy,0,0,0,0,0,1,0,0,0,0,0,0,0,0,0,0,0,0,0
580,"Englishman Who Went Up a Hill, But Came Down a Mountain, The","Comedy,Romance",0,0,0,0,0,1,0,0,0,0,0,0,0,0,1,0,0,0,0
581,Kalifornia,"Drama,Thriller",0,0,0,0,0,0,0,0,1,0,0,0,0,0,0,0,1,0,0
582,"Piano, The","Drama,Romance",0,0,0,0,0,0,0,0,1,0,0,0,0,0,1,0,0,0,0
583,Romeo Is Bleeding,"Crime,Thriller",0,0,0,0,0,0,1,0,0,0,0,0,0,0,0,0,1,0,0
584,"Secret Garden, The","Children's,Drama",0,0,0,0,1,0,0,0,1,0,0,0,0,0,0,0,0,0,0
585,Son in Law,Comedy,0,0,0,0,0,1,0,0,0,0,0,0,0,0,0,0,0,0,0
586,Terminal Velocity,Action,0,1,0,0,0,0,0,0,0,0,0,0,0,0,0,0,0,0,0
587,"Hour of the Pig, The","Drama,Mystery",0,0,0,0,0,0,0,0,1,0,0,0,0,1,0,0,0,0,0
588,Beauty and the Beast,"Animation,Children's,Musical",0,0,0,1,1,0,0,0,0,0,0,0,1,0,0,0,0,0,0
589,"Wild Bunch, The",Western,0,0,0,0,0,0,0,0,0,0,0,0,0,0,0,0,0,0,1
590,Hellraiser: Bloodline,"Action,Horror,Sci-Fi",0,1,0,0,0,0,0,0,0,0,0,1,0,0,0,1,0,0,0
591,Primal Fear,"Drama,Thriller",0,0,0,0,0,0,0,0,1,0,0,0,0,0,0,0,1,0,0
592,True Crime,"Mystery,Thriller",0,0,0,0,0,0,0,0,0,0,0,0,0,1,0,0,1,0,0
593,Stalingrad,War,0,0,0,0,0,0,0,0,0,0,0,0,0,0,0,0,0,1,0
594,Heavy,"Drama,Romance",0,0,0,0,0,0,0,0,1,0,0,0,0,0,1,0,0,0,0
595,"Fan, The",Thriller,0,0,0,0,0,0,0,0,0,0,0,0,0,0,0,0,1,0,0
596,"Hunchback of Notre Dame, The","Animation,Children's,Musical",0,0,0,1,1,0,0,0,0,0,0,0,1,0,0,0,0,0,0
597,Eraser,"Action,Thriller",0,1,0,0,0,0,0,0,0,0,0,0,0,0,0,0,1,0,0
598,"Big Squeeze, The","Comedy,Drama",0,0,0,0,0,1,0,0,1,0,0,0,0,0,0,0,0,0,0
599,Police Story 4: Project S (Chao ji ji hua),Action,0,1,0,0,0,0,0,0,0,0,0,0,0,0,0,0,0,0,0
600,Daniel Defoe's Robinson Crusoe,Children's,0,0,0,0,1,0,0,0,0,0,0,0,0,0,0,0,0,0,0
601,For Whom the Bell Tolls,"Adventure,War",0,0,1,0,0,0,0,0,0,0,0,0,0,0,0,0,0,1,0
602,"American in Paris, An","Musical,Romance",0,0,0,0,0,0,0,0,0,0,0,0,1,0,1,0,0,0,0
603,Rear Window,"Mystery,Thriller",0,0,0,0,0,0,0,0,0,0,0,0,0,1,0,0,1,0,0
604,It Happened One Night,Comedy,0,0,0,0,0,1,0,0,0,0,0,0,0,0,0,0,0,0,0
605,Meet Me in St. Louis,Musical,0,0,0,0,0,0,0,0,0,0,0,0,1,0,0,0,0,0,0
606,All About Eve,Drama,0,0,0,0,0,0,0,0,1,0,0,0,0,0,0,0,0,0,0
607,Rebecca,"Romance,Thriller",0,0,0,0,0,0,0,0,0,0,0,0,0,0,1,0,1,0,0
608,Spellbound,"Mystery,Romance,Thriller",0,0,0,0,0,0,0,0,0,0,0,0,0,1,1,0,1,0,0
609,Father of the Bride,Comedy,0,0,0,0,0,1,0,0,0,0,0,0,0,0,0,0,0,0,0
610,Gigi,Musical,0,0,0,0,0,0,0,0,0,0,0,0,1,0,0,0,0,0,0
611,Laura,"Crime,Film-Noir,Mystery",0,0,0,0,0,0,1,0,0,0,1,0,0,1,0,0,0,0,0
612,Lost Horizon,Drama,0,0,0,0,0,0,0,0,1,0,0,0,0,0,0,0,0,0,0
613,My Man Godfrey,Comedy,0,0,0,0,0,1,0,0,0,0,0,0,0,0,0,0,0,0,0
614,Giant,Drama,0,0,0,0,0,0,0,0,1,0,0,0,0,0,0,0,0,0,0
615,"39 Steps, The",Thriller,0,0,0,0,0,0,0,0,0,0,0,0,0,0,0,0,1,0,0
616,Night of the Living Dead,"Horror,Sci-Fi",0,0,0,0,0,0,0,0,0,0,0,1,0,0,0,1,0,0,0
617,"Blue Angel, The (Blaue Engel, Der)",Drama,0,0,0,0,0,0,0,0,1,0,0,0,0,0,0,0,0,0,0
618,Picnic,Drama,0,0,0,0,0,0,0,0,1,0,0,0,0,0,0,0,0,0,0
619,Extreme Measures,"Drama,Thriller",0,0,0,0,0,0,0,0,1,0,0,0,0,0,0,0,1,0,0
620,"Chamber, The",Drama,0,0,0,0,0,0,0,0,1,0,0,0,0,0,0,0,0,0,0
621,"Davy Crockett, King of the Wild Frontier",Western,0,0,0,0,0,0,0,0,0,0,0,0,0,0,0,0,0,0,1
622,Swiss Family Robinson,"Adventure,Children's",0,0,1,0,1,0,0,0,0,0,0,0,0,0,0,0,0,0,0
623,Angels in the Outfield,"Children's,Comedy",0,0,0,0,1,1,0,0,0,0,0,0,0,0,0,0,0,0,0
624,"Three Caballeros, The","Animation,Children's,Musical",0,0,0,1,1,0,0,0,0,0,0,0,1,0,0,0,0,0,0
625,"Sword in the Stone, The","Animation,Children's",0,0,0,1,1,0,0,0,0,0,0,0,0,0,0,0,0,0,0
626,So Dear to My Heart,"Children's,Drama",0,0,0,0,1,0,0,0,1,0,0,0,0,0,0,0,0,0,0
627,Robin Hood: Prince of Thieves,Drama,0,0,0,0,0,0,0,0,1,0,0,0,0,0,0,0,0,0,0
628,Sleepers,"Crime,Drama",0,0,0,0,0,0,1,0,1,0,0,0,0,0,0,0,0,0,0
629,Victor/Victoria,"Comedy,Musical",0,0,0,0,0,1,0,0,0,0,0,0,1,0,0,0,0,0,0
630,"Great Race, The","Comedy,Musical",0,0,0,0,0,1,0,0,0,0,0,0,1,0,0,0,0,0,0
631,"Crying Game, The","Action,Drama,Romance,War",0,1,0,0,0,0,0,0,1,0,0,0,0,0,1,0,0,1,0
632,Sophie's Choice,Drama,0,0,0,0,0,0,0,0,1,0,0,0,0,0,0,0,0,0,0
633,"Christmas Carol, A",Drama,0,0,0,0,0,0,0,0,1,0,0,0,0,0,0,0,0,0,0
634,Microcosmos: Le peuple de l'herbe,Documentary,0,0,0,0,0,0,0,1,0,0,0,0,0,0,0,0,0,0,0
635,"Fog, The",Horror,0,0,0,0,0,0,0,0,0,0,0,1,0,0,0,0,0,0,0
636,Escape from New York,"Action,Adventure,Sci-Fi,Thriller",0,1,1,0,0,0,0,0,0,0,0,0,0,0,0,1,1,0,0
637,"Howling, The","Comedy,Horror",0,0,0,0,0,1,0,0,0,0,0,1,0,0,0,0,0,0,0
638,"Return of Martin Guerre, The (Retour de Martin Guerre, Le)",Drama,0,0,0,0,0,0,0,0,1,0,0,0,0,0,0,0,0,0,0
639,"Tin Drum, The (Blechtrommel, Die)",Drama,0,0,0,0,0,0,0,0,1,0,0,0,0,0,0,0,0,0,0
640,"Cook the Thief His Wife & Her Lover, The",Drama,0,0,0,0,0,0,0,0,1,0,0,0,0,0,0,0,0,0,0
641,Paths of Glory,"Drama,War",0,0,0,0,0,0,0,0,1,0,0,0,0,0,0,0,0,1,0
642,"Grifters, The","Crime,Drama,Film-Noir",0,0,0,0,0,0,1,0,1,0,1,0,0,0,0,0,0,0,0
643,The Innocent,"Drama,Romance",0,0,0,0,0,0,0,0,1,0,0,0,0,0,1,0,0,0,0
644,"Thin Blue Line, The",Documentary,0,0,0,0,0,0,0,1,0,0,0,0,0,0,0,0,0,0,0
645,Paris Is Burning,Documentary,0,0,0,0,0,0,0,1,0,0,0,0,0,0,0,0,0,0,0
646,Once Upon a Time in the West,Western,0,0,0,0,0,0,0,0,0,0,0,0,0,0,0,0,0,0,1
647,Ran,"Drama,War",0,0,0,0,0,0,0,0,1,0,0,0,0,0,0,0,0,1,0
648,"Quiet Man, The","Comedy,Romance",0,0,0,0,0,1,0,0,0,0,0,0,0,0,1,0,0,0,0
649,Once Upon a Time in America,"Crime,Drama,Thriller",0,0,0,0,0,0,1,0,1,0,0,0,0,0,0,0,1,0,0
650,"Seventh Seal, The (Sjunde inseglet, Det)",Drama,0,0,0,0,0,0,0,0,1,0,0,0,0,0,0,0,0,0,0
651,Glory,"Action,Drama,War",0,1,0,0,0,0,0,0,1,0,0,0,0,0,0,0,0,1,0
652,Rosencrantz and Guildenstern Are Dead,"Comedy,Drama",0,0,0,0,0,1,0,0,1,0,0,0,0,0,0,0,0,0,0
653,Touch of Evil,"Crime,Film-Noir,Thriller",0,0,0,0,0,0,1,0,0,0,1,0,0,0,0,0,1,0,0
654,Chinatown,"Film-Noir,Mystery,Thriller",0,0,0,0,0,0,0,0,0,0,1,0,0,1,0,0,1,0,0
655,Stand by Me,"Adventure,Comedy,Drama",0,0,1,0,0,1,0,0,1,0,0,0,0,0,0,0,0,0,0
656,M,"Crime,Film-Noir,Thriller",0,0,0,0,0,0,1,0,0,0,1,0,0,0,0,0,1,0,0
657,"Manchurian Candidate, The","Film-Noir,Thriller",0,0,0,0,0,0,0,0,0,0,1,0,0,0,0,0,1,0,0
658,Pump Up the Volume,Drama,0,0,0,0,0,0,0,0,1,0,0,0,0,0,0,0,0,0,0
659,Arsenic and Old Lace,"Comedy,Mystery,Thriller",0,0,0,0,0,1,0,0,0,0,0,0,0,1,0,0,1,0,0
660,Fried Green Tomatoes,Drama,0,0,0,0,0,0,0,0,1,0,0,0,0,0,0,0,0,0,0
661,High Noon,Western,0,0,0,0,0,0,0,0,0,0,0,0,0,0,0,0,0,0,1
662,Somewhere in Time,"Drama,Romance",0,0,0,0,0,0,0,0,1,0,0,0,0,0,1,0,0,0,0
663,Being There,Comedy,0,0,0,0,0,1,0,0,0,0,0,0,0,0,0,0,0,0,0
664,"Paris, Texas",Drama,0,0,0,0,0,0,0,0,1,0,0,0,0,0,0,0,0,0,0
665,Alien 3,"Action,Horror,Sci-Fi,Thriller",0,1,0,0,0,0,0,0,0,0,0,1,0,0,0,1,1,0,0
666,Blood For Dracula (Andy Warhol's Dracula),Horror,0,0,0,0,0,0,0,0,0,0,0,1,0,0,0,0,0,0,0
667,Audrey Rose,Horror,0,0,0,0,0,0,0,0,0,0,0,1,0,0,0,0,0,0,0
668,Blood Beach,"Action,Horror",0,1,0,0,0,0,0,0,0,0,0,1,0,0,0,0,0,0,0
669,Body Parts,Horror,0,0,0,0,0,0,0,0,0,0,0,1,0,0,0,0,0,0,0
670,Body Snatchers,"Horror,Sci-Fi,Thriller",0,0,0,0,0,0,0,0,0,0,0,1,0,0,0,1,1,0,0
671,Bride of Frankenstein,Horror,0,0,0,0,0,0,0,0,0,0,0,1,0,0,0,0,0,0,0
672,Candyman,Horror,0,0,0,0,0,0,0,0,0,0,0,1,0,0,0,0,0,0,0
673,Cape Fear,"Film-Noir,Thriller",0,0,0,0,0,0,0,0,0,0,1,0,0,0,0,0,1,0,0
674,Cat People,Horror,0,0,0,0,0,0,0,0,0,0,0,1,0,0,0,0,0,0,0
675,"Nosferatu (Nosferatu, eine Symphonie des Grauens)",Horror,0,0,0,0,0,0,0,0,0,0,0,1,0,0,0,0,0,0,0
676,"Crucible, The",Drama,0,0,0,0,0,0,0,0,1,0,0,0,0,0,0,0,0,0,0
677,Fire on the Mountain,Documentary,0,0,0,0,0,0,0,1,0,0,0,0,0,0,0,0,0,0,0
678,Volcano,"Drama,Thriller",0,0,0,0,0,0,0,0,1,0,0,0,0,0,0,0,1,0,0
679,Conan the Barbarian,"Action,Adventure",0,1,1,0,0,0,0,0,0,0,0,0,0,0,0,0,0,0,0
680,Kull the Conqueror,"Action,Adventure",0,1,1,0,0,0,0,0,0,0,0,0,0,0,0,0,0,0,0
681,Wishmaster,Horror,0,0,0,0,0,0,0,0,0,0,0,1,0,0,0,0,0,0,0
682,I Know What You Did Last Summer,"Horror,Mystery,Thriller",0,0,0,0,0,0,0,0,0,0,0,1,0,1,0,0,1,0,0
683,Rocket Man,Comedy,0,0,0,0,0,1,0,0,0,0,0,0,0,0,0,0,0,0,0
684,In the Line of Fire,"Action,Thriller",0,1,0,0,0,0,0,0,0,0,0,0,0,0,0,0,1,0,0
685,Executive Decision,"Action,Thriller",0,1,0,0,0,0,0,0,0,0,0,0,0,0,0,0,1,0,0
686,"Perfect World, A","Action,Drama",0,1,0,0,0,0,0,0,1,0,0,0,0,0,0,0,0,0,0
687,McHale's Navy,"Comedy,War",0,0,0,0,0,1,0,0,0,0,0,0,0,0,0,0,0,1,0
688,Leave It to Beaver,Comedy,0,0,0,0,0,1,0,0,0,0,0,0,0,0,0,0,0,0,0
689,"Jackal, The","Action,Thriller",0,1,0,0,0,0,0,0,0,0,0,0,0,0,0,0,1,0,0
690,Seven Years in Tibet,"Drama,War",0,0,0,0,0,0,0,0,1,0,0,0,0,0,0,0,0,1,0
691,Dark City,"Film-Noir,Sci-Fi,Thriller",0,0,0,0,0,0,0,0,0,0,1,0,0,0,0,1,1,0,0
692,"American President, The","Comedy,Drama,Romance",0,0,0,0,0,1,0,0,1,0,0,0,0,0,1,0,0,0,0
693,Casino,Drama,0,0,0,0,0,0,0,0,1,0,0,0,0,0,0,0,0,0,0
694,Persuasion,Romance,0,0,0,0,0,0,0,0,0,0,0,0,0,0,1,0,0,0,0
695,Kicking and Screaming,"Comedy,Drama",0,0,0,0,0,1,0,0,1,0,0,0,0,0,0,0,0,0,0
696,City Hall,"Drama,Thriller",0,0,0,0,0,0,0,0,1,0,0,0,0,0,0,0,1,0,0
697,"Basketball Diaries, The",Drama,0,0,0,0,0,0,0,0,1,0,0,0,0,0,0,0,0,0,0
698,"Browning Version, The",Drama,0,0,0,0,0,0,0,0,1,0,0,0,0,0,0,0,0,0,0
699,Little Women,Drama,0,0,0,0,0,0,0,0,1,0,0,0,0,0,0,0,0,0,0
700,Miami Rhapsody,Comedy,0,0,0,0,0,1,0,0,0,0,0,0,0,0,0,0,0,0,0
701,"Wonderful, Horrible Life of Leni Riefenstahl, The",Documentary,0,0,0,0,0,0,0,1,0,0,0,0,0,0,0,0,0,0,0
702,Barcelona,"Comedy,Romance",0,0,0,0,0,1,0,0,0,0,0,0,0,0,1,0,0,0,0
703,Widows' Peak,Drama,0,0,0,0,0,0,0,0,1,0,0,0,0,0,0,0,0,0,0
704,"House of the Spirits, The","Drama,Romance",0,0,0,0,0,0,0,0,1,0,0,0,0,0,1,0,0,0,0
705,Singin' in the Rain,"Musical,Romance",0,0,0,0,0,0,0,0,0,0,0,0,1,0,1,0,0,0,0
706,Bad Moon,Horror,0,0,0,0,0,0,0,0,0,0,0,1,0,0,0,0,0,0,0
707,Enchanted April,Drama,0,0,0,0,0,0,0,0,1,0,0,0,0,0,0,0,0,0,0
708,"Sex, Lies, and Videotape",Drama,0,0,0,0,0,0,0,0,1,0,0,0,0,0,0,0,0,0,0
709,Strictly Ballroom,"Comedy,Romance",0,0,0,0,0,1,0,0,0,0,0,0,0,0,1,0,0,0,0
710,Better Off Dead...,Comedy,0,0,0,0,0,1,0,0,0,0,0,0,0,0,0,0,0,0,0
711,"Substance of Fire, The",Drama,0,0,0,0,0,0,0,0,1,0,0,0,0,0,0,0,0,0,0
712,Tin Men,"Comedy,Drama",0,0,0,0,0,1,0,0,1,0,0,0,0,0,0,0,0,0,0
713,Othello,Drama,0,0,0,0,0,0,0,0,1,0,0,0,0,0,0,0,0,0,0
714,Carrington,"Drama,Romance",0,0,0,0,0,0,0,0,1,0,0,0,0,0,1,0,0,0,0
715,To Die For,"Comedy,Drama",0,0,0,0,0,1,0,0,1,0,0,0,0,0,0,0,0,0,0
716,Home for the Holidays,"Drama,Romance",0,0,0,0,0,0,0,0,1,0,0,0,0,0,1,0,0,0,0
717,"Juror, The","Drama,Thriller",0,0,0,0,0,0,0,0,1,0,0,0,0,0,0,0,1,0,0
718,In the Bleak Midwinter,Comedy,0,0,0,0,0,1,0,0,0,0,0,0,0,0,0,0,0,0,0
719,Canadian Bacon,"Comedy,War",0,0,0,0,0,1,0,0,0,0,0,0,0,0,0,0,0,1,0
720,First Knight,"Action,Adventure,Drama,Romance",0,1,1,0,0,0,0,0,1,0,0,0,0,0,1,0,0,0,0
721,Mallrats,Comedy,0,0,0,0,0,1,0,0,0,0,0,0,0,0,0,0,0,0,0
722,Nine Months,Comedy,0,0,0,0,0,1,0,0,0,0,0,0,0,0,0,0,0,0,0
723,Boys on the Side,"Comedy,Drama",0,0,0,0,0,1,0,0,1,0,0,0,0,0,0,0,0,0,0
724,Circle of Friends,"Drama,Romance",0,0,0,0,0,0,0,0,1,0,0,0,0,0,1,0,0,0,0
725,Exit to Eden,Comedy,0,0,0,0,0,1,0,0,0,0,0,0,0,0,0,0,0,0,0
726,Fluke,"Children's,Drama",0,0,0,0,1,0,0,0,1,0,0,0,0,0,0,0,0,0,0
727,Immortal Beloved,"Drama,Romance",0,0,0,0,0,0,0,0,1,0,0,0,0,0,1,0,0,0,0
728,Junior,"Comedy,Sci-Fi",0,0,0,0,0,1,0,0,0,0,0,0,0,0,0,1,0,0,0
729,Nell,Drama,0,0,0,0,0,0,0,0,1,0,0,0,0,0,0,0,0,0,0
730,"Queen Margot (Reine Margot, La)","Drama,Romance",0,0,0,0,0,0,0,0,1,0,0,0,0,0,1,0,0,0,0
731,"Corrina, Corrina","Comedy,Drama,Romance",0,0,0,0,0,1,0,0,1,0,0,0,0,0,1,0,0,0,0
732,Dave,"Comedy,Romance",0,0,0,0,0,1,0,0,0,0,0,0,0,0,1,0,0,0,0
733,Go Fish,"Drama,Romance",0,0,0,0,0,0,0,0,1,0,0,0,0,0,1,0,0,0,0
734,Made in America,Comedy,0,0,0,0,0,1,0,0,0,0,0,0,0,0,0,0,0,0,0
735,Philadelphia,Drama,0,0,0,0,0,0,0,0,1,0,0,0,0,0,0,0,0,0,0
736,Shadowlands,"Drama,Romance",0,0,0,0,0,0,0,0,1,0,0,0,0,0,1,0,0,0,0
737,Sirens,"Comedy,Drama",0,0,0,0,0,1,0,0,1,0,0,0,0,0,0,0,0,0,0
738,Threesome,"Comedy,Romance",0,0,0,0,0,1,0,0,0,0,0,0,0,0,1,0,0,0,0
739,Pretty Woman,"Comedy,Romance",0,0,0,0,0,1,0,0,0,0,0,0,0,0,1,0,0,0,0
740,Jane Eyre,"Drama,Romance",0,0,0,0,0,0,0,0,1,0,0,0,0,0,1,0,0,0,0
741,"Last Supper, The","Drama,Thriller",0,0,0,0,0,0,0,0,1,0,0,0,0,0,0,0,1,0,0
742,Ransom,"Drama,Thriller",0,0,0,0,0,0,0,0,1,0,0,0,0,0,0,0,1,0,0
743,"Crow: City of Angels, The","Action,Thriller",0,1,0,0,0,0,0,0,0,0,0,0,0,0,0,0,1,0,0
744,Michael Collins,"Drama,War",0,0,0,0,0,0,0,0,1,0,0,0,0,0,0,0,0,1,0
745,"Ruling Class, The",Comedy,0,0,0,0,0,1,0,0,0,0,0,0,0,0,0,0,0,0,0
746,Real Genius,Comedy,0,0,0,0,0,1,0,0,0,0,0,0,0,0,0,0,0,0,0
747,Benny & Joon,"Comedy,Romance",0,0,0,0,0,1,0,0,0,0,0,0,0,0,1,0,0,0,0
748,"Saint, The","Action,Romance,Thriller",0,1,0,0,0,0,0,0,0,0,0,0,0,0,1,0,1,0,0
749,"MatchMaker, The","Comedy,Romance",0,0,0,0,0,1,0,0,0,0,0,0,0,0,1,0,0,0,0
750,Amistad,Drama,0,0,0,0,0,0,0,0,1,0,0,0,0,0,0,0,0,0,0
751,Tomorrow Never Dies,"Action,Romance,Thriller",0,1,0,0,0,0,0,0,0,0,0,0,0,0,1,0,1,0,0
752,"Replacement Killers, The","Action,Thriller",0,1,0,0,0,0,0,0,0,0,0,0,0,0,0,0,1,0,0
753,Burnt By the Sun,Drama,0,0,0,0,0,0,0,0,1,0,0,0,0,0,0,0,0,0,0
754,Red Corner,"Crime,Thriller",0,0,0,0,0,0,1,0,0,0,0,0,0,0,0,0,1,0,0
755,Jumanji,"Action,Adventure,Children's,Fantasy,Sci-Fi",0,1,1,0,1,0,0,0,0,1,0,0,0,0,0,1,0,0,0
756,Father of the Bride Part II,Comedy,0,0,0,0,0,1,0,0,0,0,0,0,0,0,0,0,0,0,0
757,Across the Sea of Time,Documentary,0,0,0,0,0,0,0,1,0,0,0,0,0,0,0,0,0,0,0
758,Lawnmower Man 2: Beyond Cyberspace,"Sci-Fi,Thriller",0,0,0,0,0,0,0,0,0,0,0,0,0,0,0,1,1,0,0
759,Fair Game,Action,0,1,0,0,0,0,0,0,0,0,0,0,0,0,0,0,0,0,0
760,Screamers,Sci-Fi,0,0,0,0,0,0,0,0,0,0,0,0,0,0,0,1,0,0,0
761,Nick of Time,"Action,Thriller",0,1,0,0,0,0,0,0,0,0,0,0,0,0,0,0,1,0,0
762,Beautiful Girls,Drama,0,0,0,0,0,0,0,0,1,0,0,0,0,0,0,0,0,0,0
763,Happy Gilmore,Comedy,0,0,0,0,0,1,0,0,0,0,0,0,0,0,0,0,0,0,0
764,If Lucy Fell,"Comedy,Romance",0,0,0,0,0,1,0,0,0,0,0,0,0,0,1,0,0,0,0
765,Boomerang,"Comedy,Romance",0,0,0,0,0,1,0,0,0,0,0,0,0,0,1,0,0,0,0
766,Man of the Year,Documentary,0,0,0,0,0,0,0,1,0,0,0,0,0,0,0,0,0,0,0
767,"Addiction, The",Horror,0,0,0,0,0,0,0,0,0,0,0,1,0,0,0,0,0,0,0
768,Casper,"Adventure,Children's",0,0,1,0,1,0,0,0,0,0,0,0,0,0,0,0,0,0,0
769,Congo,"Action,Adventure,Mystery,Sci-Fi",0,1,1,0,0,0,0,0,0,0,0,0,0,1,0,1,0,0,0
770,Devil in a Blue Dress,"Crime,Film-Noir,Mystery,Thriller",0,0,0,0,0,0,1,0,0,0,1,0,0,1,0,0,1,0,0
771,Johnny Mnemonic,"Action,Sci-Fi,Thriller",0,1,0,0,0,0,0,0,0,0,0,0,0,0,0,1,1,0,0
772,Kids,Drama,0,0,0,0,0,0,0,0,1,0,0,0,0,0,0,0,0,0,0
773,Mute Witness,Thriller,0,0,0,0,0,0,0,0,0,0,0,0,0,0,0,0,1,0,0
774,"Prophecy, The",Horror,0,0,0,0,0,0,0,0,0,0,0,1,0,0,0,0,0,0,0
775,Something to Talk About,"Comedy,Drama,Romance",0,0,0,0,0,1,0,0,1,0,0,0,0,0,1,0,0,0,0
776,Three Wishes,Drama,0,0,0,0,0,0,0,0,1,0,0,0,0,0,0,0,0,0,0
777,Castle Freak,Horror,0,0,0,0,0,0,0,0,0,0,0,1,0,0,0,0,0,0,0
778,Don Juan DeMarco,"Comedy,Drama,Romance",0,0,0,0,0,1,0,0,1,0,0,0,0,0,1,0,0,0,0
779,Drop Zone,Action,0,1,0,0,0,0,0,0,0,0,0,0,0,0,0,0,0,0,0
780,Dumb & Dumber,Comedy,0,0,0,0,0,1,0,0,0,0,0,0,0,0,0,0,0,0,0
781,French Kiss,"Comedy,Romance",0,0,0,0,0,1,0,0,0,0,0,0,0,0,1,0,0,0,0
782,Little Odessa,Drama,0,0,0,0,0,0,0,0,1,0,0,0,0,0,0,0,0,0,0
783,Milk Money,"Comedy,Romance",0,0,0,0,0,1,0,0,0,0,0,0,0,0,1,0,0,0,0
784,Beyond Bedlam,"Drama,Horror",0,0,0,0,0,0,0,0,1,0,0,1,0,0,0,0,0,0,0
785,Only You,"Comedy,Romance",0,0,0,0,0,1,0,0,0,0,0,0,0,0,1,0,0,0,0
786,"Perez Family, The","Comedy,Romance",0,0,0,0,0,1,0,0,0,0,0,0,0,0,1,0,0,0,0
787,Roommates,"Comedy,Drama",0,0,0,0,0,1,0,0,1,0,0,0,0,0,0,0,0,0,0
788,Relative Fear,"Horror,Thriller",0,0,0,0,0,0,0,0,0,0,0,1,0,0,0,0,1,0,0
789,Swimming with Sharks,"Comedy,Drama",0,0,0,0,0,1,0,0,1,0,0,0,0,0,0,0,0,0,0
790,Tommy Boy,Comedy,0,0,0,0,0,1,0,0,0,0,0,0,0,0,0,0,0,0,0
791,"Baby-Sitters Club, The",Children's,0,0,0,0,1,0,0,0,0,0,0,0,0,0,0,0,0,0,0
792,Bullets Over Broadway,Comedy,0,0,0,0,0,1,0,0,0,0,0,0,0,0,0,0,0,0,0
793,Crooklyn,Comedy,0,0,0,0,0,1,0,0,0,0,0,0,0,0,0,0,0,0,0
794,It Could Happen to You,"Drama,Romance",0,0,0,0,0,0,0,0,1,0,0,0,0,0,1,0,0,0,0
795,Richie Rich,"Children's,Comedy",0,0,0,0,1,1,0,0,0,0,0,0,0,0,0,0,0,0,0
796,Speechless,"Comedy,Romance",0,0,0,0,0,1,0,0,0,0,0,0,0,0,1,0,0,0,0
797,Timecop,"Action,Sci-Fi",0,1,0,0,0,0,0,0,0,0,0,0,0,0,0,1,0,0,0
798,Bad Company,Action,0,1,0,0,0,0,0,0,0,0,0,0,0,0,0,0,0,0,0
799,Boys Life,Drama,0,0,0,0,0,0,0,0,1,0,0,0,0,0,0,0,0,0,0
800,In the Mouth of Madness,"Horror,Thriller",0,0,0,0,0,0,0,0,0,0,0,1,0,0,0,0,1,0,0
801,"Air Up There, The",Comedy,0,0,0,0,0,1,0,0,0,0,0,0,0,0,0,0,0,0,0
802,Hard Target,"Action,Adventure,Crime,Thriller",0,1,1,0,0,0,1,0,0,0,0,0,0,0,0,0,1,0,0
803,Heaven & Earth,"Action,Drama,War",0,1,0,0,0,0,0,0,1,0,0,0,0,0,0,0,0,1,0
804,Jimmy Hollywood,Comedy,0,0,0,0,0,1,0,0,0,0,0,0,0,0,0,0,0,0,0
805,Manhattan Murder Mystery,"Comedy,Mystery",0,0,0,0,0,1,0,0,0,0,0,0,0,1,0,0,0,0,0
806,Menace II Society,"Action,Crime,Drama",0,1,0,0,0,0,1,0,1,0,0,0,0,0,0,0,0,0,0
807,Poetic Justice,Drama,0,0,0,0,0,0,0,0,1,0,0,0,0,0,0,0,0,0,0
808,"Program, The","Action,Drama",0,1,0,0,0,0,0,0,1,0,0,0,0,0,0,0,0,0,0
809,Rising Sun,"Action,Drama,Mystery",0,1,0,0,0,0,0,0,1,0,0,0,0,1,0,0,0,0,0
810,"Shadow, The",Action,0,1,0,0,0,0,0,0,0,0,0,0,0,0,0,0,0,0,0
811,Thirty-Two Short Films About Glenn Gould,Documentary,0,0,0,0,0,0,0,1,0,0,0,0,0,0,0,0,0,0,0
812,Andre,"Adventure,Children's",0,0,1,0,1,0,0,0,0,0,0,0,0,0,0,0,0,0,0
813,"Celluloid Closet, The",Documentary,0,0,0,0,0,0,0,1,0,0,0,0,0,0,0,0,0,0,0
814,"Great Day in Harlem, A",Documentary,0,0,0,0,0,0,0,1,0,0,0,0,0,0,0,0,0,0,0
815,One Fine Day,"Drama,Romance",0,0,0,0,0,0,0,0,1,0,0,0,0,0,1,0,0,0,0
816,Candyman: Farewell to the Flesh,Horror,0,0,0,0,0,0,0,0,0,0,0,1,0,0,0,0,0,0,0
817,Frisk,Drama,0,0,0,0,0,0,0,0,1,0,0,0,0,0,0,0,0,0,0
818,Girl 6,Comedy,0,0,0,0,0,1,0,0,0,0,0,0,0,0,0,0,0,0,0
819,Eddie,Comedy,0,0,0,0,0,1,0,0,0,0,0,0,0,0,0,0,0,0,0
820,Space Jam,"Adventure,Animation,Children's,Comedy,Fantasy",0,0,1,1,1,1,0,0,0,1,0,0,0,0,0,0,0,0,0
821,Mrs. Winterbourne,"Comedy,Romance",0,0,0,0,0,1,0,0,0,0,0,0,0,0,1,0,0,0,0
822,Faces,Drama,0,0,0,0,0,0,0,0,1,0,0,0,0,0,0,0,0,0,0
823,Mulholland Falls,"Crime,Film-Noir,Thriller",0,0,0,0,0,0,1,0,0,0,1,0,0,0,0,0,1,0,0
824,"Great White Hype, The",Comedy,0,0,0,0,0,1,0,0,0,0,0,0,0,0,0,0,0,0,0
825,"Arrival, The","Action,Sci-Fi,Thriller",0,1,0,0,0,0,0,0,0,0,0,0,0,0,0,1,1,0,0
826,"Phantom, The",Adventure,0,0,1,0,0,0,0,0,0,0,0,0,0,0,0,0,0,0,0
827,Daylight,"Action,Adventure,Thriller",0,1,1,0,0,0,0,0,0,0,0,0,0,0,0,0,1,0,0
828,Alaska,"Adventure,Children's",0,0,1,0,1,0,0,0,0,0,0,0,0,0,0,0,0,0,0
829,Fled,"Action,Adventure",0,1,1,0,0,0,0,0,0,0,0,0,0,0,0,0,0,0,0
830,Power 98,"Action,Mystery,Thriller",0,1,0,0,0,0,0,0,0,0,0,0,0,1,0,0,1,0,0
831,Escape from L.A.,"Action,Adventure,Sci-Fi,Thriller",0,1,1,0,0,0,0,0,0,0,0,0,0,0,0,1,1,0,0
832,Bogus,"Children's,Drama,Fantasy",0,0,0,0,1,0,0,0,1,1,0,0,0,0,0,0,0,0,0
833,Bulletproof,Action,0,1,0,0,0,0,0,0,0,0,0,0,0,0,0,0,0,0,0
834,Halloween: The Curse of Michael Myers,"Horror,Thriller",0,0,0,0,0,0,0,0,0,0,0,1,0,0,0,0,1,0,0
835,"Gay Divorcee, The","Comedy,Musical,Romance",0,0,0,0,0,1,0,0,0,0,0,0,1,0,1,0,0,0,0
836,Ninotchka,"Comedy,Romance",0,0,0,0,0,1,0,0,0,0,0,0,0,0,1,0,0,0,0
837,Meet John Doe,Drama,0,0,0,0,0,0,0,0,1,0,0,0,0,0,0,0,0,0,0
838,In the Line of Duty 2,Action,0,1,0,0,0,0,0,0,0,0,0,0,0,0,0,0,0,0,0
839,Loch Ness,"Horror,Thriller",0,0,0,0,0,0,0,0,0,0,0,1,0,0,0,0,1,0,0
840,Last Man Standing,"Action,Drama,Western",0,1,0,0,0,0,0,0,1,0,0,0,0,0,0,0,0,0,1
841,"Glimmer Man, The","Action,Thriller",0,1,0,0,0,0,0,0,0,0,0,0,0,0,0,0,1,0,0
842,Pollyanna,"Children's,Comedy,Drama",0,0,0,0,1,1,0,0,1,0,0,0,0,0,0,0,0,0,0
843,"Shaggy Dog, The","Children's,Comedy",0,0,0,0,1,1,0,0,0,0,0,0,0,0,0,0,0,0,0
844,Freeway,Crime,0,0,0,0,0,0,1,0,0,0,0,0,0,0,0,0,0,0,0
845,That Thing You Do!,Comedy,0,0,0,0,0,1,0,0,0,0,0,0,0,0,0,0,0,0,0
846,To Gillian on Her 37th Birthday,"Drama,Romance",0,0,0,0,0,0,0,0,1,0,0,0,0,0,1,0,0,0,0
847,Looking for Richard,"Documentary,Drama",0,0,0,0,0,0,0,1,1,0,0,0,0,0,0,0,0,0,0
848,"Murder, My Sweet","Film-Noir,Thriller",0,0,0,0,0,0,0,0,0,0,1,0,0,0,0,0,1,0,0
849,Days of Thunder,"Action,Romance",0,1,0,0,0,0,0,0,0,0,0,0,0,0,1,0,0,0,0
850,"Perfect Candidate, A",Documentary,0,0,0,0,0,0,0,1,0,0,0,0,0,0,0,0,0,0,0
851,Two or Three Things I Know About Her,Drama,0,0,0,0,0,0,0,0,1,0,0,0,0,0,0,0,0,0,0
852,"Bloody Child, The","Drama,Thriller",0,0,0,0,0,0,0,0,1,0,0,0,0,0,0,0,1,0,0
853,Braindead,"Comedy,Horror",0,0,0,0,0,1,0,0,0,0,0,1,0,0,0,0,0,0,0
854,Bad Taste,"Comedy,Horror",0,0,0,0,0,1,0,0,0,0,0,1,0,0,0,0,0,0,0
855,Diva,"Action,Drama,Mystery,Romance,Thriller",0,1,0,0,0,0,0,0,1,0,0,0,0,1,1,0,1,0,0
856,Night on Earth,"Comedy,Drama",0,0,0,0,0,1,0,0,1,0,0,0,0,0,0,0,0,0,0
857,Paris Was a Woman,Documentary,0,0,0,0,0,0,0,1,0,0,0,0,0,0,0,0,0,0,0
858,Amityville: Dollhouse,Horror,0,0,0,0,0,0,0,0,0,0,0,1,0,0,0,0,0,0,0
859,April Fool's Day,"Comedy,Horror",0,0,0,0,0,1,0,0,0,0,0,1,0,0,0,0,0,0,0
860,"Believers, The","Horror,Thriller",0,0,0,0,0,0,0,0,0,0,0,1,0,0,0,0,1,0,0
861,Nosferatu a Venezia,Horror,0,0,0,0,0,0,0,0,0,0,0,1,0,0,0,0,0,0,0
862,Jingle All the Way,"Adventure,Children's,Comedy",0,0,1,0,1,1,0,0,0,0,0,0,0,0,0,0,0,0,0
863,"Garden of Finzi-Contini, The (Giardino dei Finzi-Contini, Il)",Drama,0,0,0,0,0,0,0,0,1,0,0,0,0,0,0,0,0,0,0
864,My Fellow Americans,Comedy,0,0,0,0,0,1,0,0,0,0,0,0,0,0,0,0,0,0,0
865,"Ice Storm, The",Drama,0,0,0,0,0,0,0,0,1,0,0,0,0,0,0,0,0,0,0
866,Michael,"Comedy,Romance",0,0,0,0,0,1,0,0,0,0,0,0,0,0,1,0,0,0,0
867,"Whole Wide World, The",Drama,0,0,0,0,0,0,0,0,1,0,0,0,0,0,0,0,0,0,0
868,Hearts and Minds,Drama,0,0,0,0,0,0,0,0,1,0,0,0,0,0,0,0,0,0,0
869,Fools Rush In,"Comedy,Romance",0,0,0,0,0,1,0,0,0,0,0,0,0,0,1,0,0,0,0
870,Touch,Romance,0,0,0,0,0,0,0,0,0,0,0,0,0,0,1,0,0,0,0
871,Vegas Vacation,Comedy,0,0,0,0,0,1,0,0,0,0,0,0,0,0,0,0,0,0,0
872,Love Jones,Romance,0,0,0,0,0,0,0,0,0,0,0,0,0,0,1,0,0,0,0
873,Picture Perfect,"Comedy,Romance",0,0,0,0,0,1,0,0,0,0,0,0,0,0,1,0,0,0,0
874,Career Girls,Drama,0,0,0,0,0,0,0,0,1,0,0,0,0,0,0,0,0,0,0
875,She's So Lovely,"Drama,Romance",0,0,0,0,0,0,0,0,1,0,0,0,0,0,1,0,0,0,0
876,Money Talks,"Action,Comedy",0,1,0,0,0,1,0,0,0,0,0,0,0,0,0,0,0,0,0
877,Excess Baggage,"Adventure,Romance",0,0,1,0,0,0,0,0,0,0,0,0,0,0,1,0,0,0,0
878,That Darn Cat!,"Children's,Comedy,Mystery",0,0,0,0,1,1,0,0,0,0,0,0,0,1,0,0,0,0,0
879,"Peacemaker, The","Action,Thriller,War",0,1,0,0,0,0,0,0,0,0,0,0,0,0,0,0,1,1,0
880,Soul Food,Drama,0,0,0,0,0,0,0,0,1,0,0,0,0,0,0,0,0,0,0
881,Money Talks,"Action,Comedy",0,1,0,0,0,1,0,0,0,0,0,0,0,0,0,0,0,0,0
882,Washington Square,Drama,0,0,0,0,0,0,0,0,1,0,0,0,0,0,0,0,0,0,0
883,Telling Lies in America,Drama,0,0,0,0,0,0,0,0,1,0,0,0,0,0,0,0,0,0,0
884,Year of the Horse,Documentary,0,0,0,0,0,0,0,1,0,0,0,0,0,0,0,0,0,0,0
885,Phantoms,Horror,0,0,0,0,0,0,0,0,0,0,0,1,0,0,0,0,0,0,0
886,"Life Less Ordinary, A","Romance,Thriller",0,0,0,0,0,0,0,0,0,0,0,0,0,0,1,0,1,0,0
887,Eve's Bayou,Drama,0,0,0,0,0,0,0,0,1,0,0,0,0,0,0,0,0,0,0
888,One Night Stand,Drama,0,0,0,0,0,0,0,0,1,0,0,0,0,0,0,0,0,0,0
889,"Tango Lesson, The",Romance,0,0,0,0,0,0,0,0,0,0,0,0,0,0,1,0,0,0,0
890,Mortal Kombat: Annihilation,"Action,Adventure",0,1,1,0,0,0,0,0,0,0,0,0,0,0,0,0,0,0,0
891,Bent,"Drama,War",0,0,0,0,0,0,0,0,1,0,0,0,0,0,0,0,0,1,0
892,Flubber,"Children's,Comedy,Fantasy",0,0,0,0,1,1,0,0,0,1,0,0,0,0,0,0,0,0,0
893,For Richer or Poorer,Comedy,0,0,0,0,0,1,0,0,0,0,0,0,0,0,0,0,0,0,0
894,Home Alone 3,"Children's,Comedy",0,0,0,0,1,1,0,0,0,0,0,0,0,0,0,0,0,0,0
895,Scream 2,"Horror,Thriller",0,0,0,0,0,0,0,0,0,0,0,1,0,0,0,0,1,0,0
896,"Sweet Hereafter, The",Drama,0,0,0,0,0,0,0,0,1,0,0,0,0,0,0,0,0,0,0
897,Time Tracers,"Action,Adventure,Sci-Fi",0,1,1,0,0,0,0,0,0,0,0,0,0,0,0,1,0,0,0
898,"Postman, The",Drama,0,0,0,0,0,0,0,0,1,0,0,0,0,0,0,0,0,0,0
899,"Winter Guest, The",Drama,0,0,0,0,0,0,0,0,1,0,0,0,0,0,0,0,0,0,0
900,Kundun,Drama,0,0,0,0,0,0,0,0,1,0,0,0,0,0,0,0,0,0,0
901,Mr. Magoo,Comedy,0,0,0,0,0,1,0,0,0,0,0,0,0,0,0,0,0,0,0
902,"Big Lebowski, The","Comedy,Crime,Mystery,Thriller",0,0,0,0,0,1,1,0,0,0,0,0,0,1,0,0,1,0,0
903,Afterglow,"Drama,Romance",0,0,0,0,0,0,0,0,1,0,0,0,0,0,1,0,0,0,0
904,Ma vie en rose (My Life in Pink),"Comedy,Drama",0,0,0,0,0,1,0,0,1,0,0,0,0,0,0,0,0,0,0
905,Great Expectations,"Drama,Romance",0,0,0,0,0,0,0,0,1,0,0,0,0,0,1,0,0,0,0
906,Oscar & Lucinda,"Drama,Romance",0,0,0,0,0,0,0,0,1,0,0,0,0,0,1,0,0,0,0
907,Vermin,Comedy,0,0,0,0,0,1,0,0,0,0,0,0,0,0,0,0,0,0,0
908,Half Baked,Comedy,0,0,0,0,0,1,0,0,0,0,0,0,0,0,0,0,0,0,0
909,Dangerous Beauty,Drama,0,0,0,0,0,0,0,0,1,0,0,0,0,0,0,0,0,0,0
910,Nil By Mouth,Drama,0,0,0,0,0,0,0,0,1,0,0,0,0,0,0,0,0,0,0
911,Twilight,"Crime,Drama",0,0,0,0,0,0,1,0,1,0,0,0,0,0,0,0,0,0,0
912,U.S. Marshalls,"Action,Thriller",0,1,0,0,0,0,0,0,0,0,0,0,0,0,0,0,1,0,0
913,Love and Death on Long Island,Comedy,0,0,0,0,0,1,0,0,0,0,0,0,0,0,0,0,0,0,0
914,Wild Things,"Crime,Drama,Mystery,Thriller",0,0,0,0,0,0,1,0,1,0,0,0,0,1,0,0,1,0,0
915,Primary Colors,Drama,0,0,0,0,0,0,0,0,1,0,0,0,0,0,0,0,0,0,0
916,Lost in Space,"Action,Sci-Fi,Thriller",0,1,0,0,0,0,0,0,0,0,0,0,0,0,0,1,1,0,0
917,Mercury Rising,"Action,Drama,Thriller",0,1,0,0,0,0,0,0,1,0,0,0,0,0,0,0,1,0,0
918,City of Angels,Romance,0,0,0,0,0,0,0,0,0,0,0,0,0,0,1,0,0,0,0
919,"City of Lost Children, The","Adventure,Sci-Fi",0,0,1,0,0,0,0,0,0,0,0,0,0,0,0,1,0,0,0
920,Two Bits,Drama,0,0,0,0,0,0,0,0,1,0,0,0,0,0,0,0,0,0,0
921,Farewell My Concubine,"Drama,Romance",0,0,0,0,0,0,0,0,1,0,0,0,0,0,1,0,0,0,0
922,Dead Man,Western,0,0,0,0,0,0,0,0,0,0,0,0,0,0,0,0,0,0,1
923,Raise the Red Lantern,Drama,0,0,0,0,0,0,0,0,1,0,0,0,0,0,0,0,0,0,0
924,White Squall,"Adventure,Drama",0,0,1,0,0,0,0,0,1,0,0,0,0,0,0,0,0,0,0
925,Unforgettable,"Sci-Fi,Thriller",0,0,0,0,0,0,0,0,0,0,0,0,0,0,0,1,1,0,0
926,Down Periscope,Comedy,0,0,0,0,0,1,0,0,0,0,0,0,0,0,0,0,0,0,0
927,"Flower of My Secret, The (Flor de mi secreto, La)",Drama,0,0,0,0,0,0,0,0,1,0,0,0,0,0,0,0,0,0,0
928,"Craft, The","Drama,Horror",0,0,0,0,0,0,0,0,1,0,0,1,0,0,0,0,0,0,0
929,Harriet the Spy,"Children's,Comedy",0,0,0,0,1,1,0,0,0,0,0,0,0,0,0,0,0,0,0
930,Chain Reaction,"Action,Adventure,Thriller",0,1,1,0,0,0,0,0,0,0,0,0,0,0,0,0,1,0,0
931,"Island of Dr. Moreau, The","Sci-Fi,Thriller",0,0,0,0,0,0,0,0,0,0,0,0,0,0,0,1,1,0,0
932,First Kid,"Children's,Comedy",0,0,0,0,1,1,0,0,0,0,0,0,0,0,0,0,0,0,0
933,"Funeral, The",Drama,0,0,0,0,0,0,0,0,1,0,0,0,0,0,0,0,0,0,0
934,"Preacher's Wife, The",Drama,0,0,0,0,0,0,0,0,1,0,0,0,0,0,0,0,0,0,0
935,Paradise Road,"Drama,War",0,0,0,0,0,0,0,0,1,0,0,0,0,0,0,0,0,1,0
936,Brassed Off,"Comedy,Drama,Romance",0,0,0,0,0,1,0,0,1,0,0,0,0,0,1,0,0,0,0
937,"Thousand Acres, A",Drama,0,0,0,0,0,0,0,0,1,0,0,0,0,0,0,0,0,0,0
938,"Smile Like Yours, A","Comedy,Romance",0,0,0,0,0,1,0,0,0,0,0,0,0,0,1,0,0,0,0
939,Murder in the First,"Drama,Thriller",0,0,0,0,0,0,0,0,1,0,0,0,0,0,0,0,1,0,0
940,Airheads,Comedy,0,0,0,0,0,1,0,0,0,0,0,0,0,0,0,0,0,0,0
941,With Honors,"Comedy,Drama",0,0,0,0,0,1,0,0,1,0,0,0,0,0,0,0,0,0,0
942,What's Love Got to Do with It,Drama,0,0,0,0,0,0,0,0,1,0,0,0,0,0,0,0,0,0,0
943,Killing Zoe,Thriller,0,0,0,0,0,0,0,0,0,0,0,0,0,0,0,0,1,0,0
944,Renaissance Man,"Comedy,Drama,War",0,0,0,0,0,1,0,0,1,0,0,0,0,0,0,0,0,1,0
945,Charade,"Comedy,Mystery,Romance,Thriller",0,0,0,0,0,1,0,0,0,0,0,0,0,1,1,0,1,0,0
946,"Fox and the Hound, The","Animation,Children's",0,0,0,1,1,0,0,0,0,0,0,0,0,0,0,0,0,0,0
947,"Big Blue, The (Grand bleu, Le)","Adventure,Romance",0,0,1,0,0,0,0,0,0,0,0,0,0,0,1,0,0,0,0
948,Booty Call,"Comedy,Romance",0,0,0,0,0,1,0,0,0,0,0,0,0,0,1,0,0,0,0
949,How to Make an American Quilt,"Drama,Romance",0,0,0,0,0,0,0,0,1,0,0,0,0,0,1,0,0,0,0
950,Georgia,Drama,0,0,0,0,0,0,0,0,1,0,0,0,0,0,0,0,0,0,0
951,"Indian in the Cupboard, The","Adventure,Children's,Fantasy",0,0,1,0,1,0,0,0,0,1,0,0,0,0,0,0,0,0,0
952,Blue in the Face,Comedy,0,0,0,0,0,1,0,0,0,0,0,0,0,0,0,0,0,0,0
953,Unstrung Heroes,"Comedy,Drama",0,0,0,0,0,1,0,0,1,0,0,0,0,0,0,0,0,0,0
954,Unzipped,Documentary,0,0,0,0,0,0,0,1,0,0,0,0,0,0,0,0,0,0,0
955,Before Sunrise,"Drama,Romance",0,0,0,0,0,0,0,0,1,0,0,0,0,0,1,0,0,0,0
956,Nobody's Fool,Drama,0,0,0,0,0,0,0,0,1,0,0,0,0,0,0,0,0,0,0
957,Pushing Hands,Comedy,0,0,0,0,0,1,0,0,0,0,0,0,0,0,0,0,0,0,0
958,To Live (Huozhe),Drama,0,0,0,0,0,0,0,0,1,0,0,0,0,0,0,0,0,0,0
959,Dazed and Confused,Comedy,0,0,0,0,0,1,0,0,0,0,0,0,0,0,0,0,0,0,0
960,Naked,Drama,0,0,0,0,0,0,0,0,1,0,0,0,0,0,0,0,0,0,0
961,Orlando,Drama,0,0,0,0,0,0,0,0,1,0,0,0,0,0,0,0,0,0,0
962,Ruby in Paradise,Drama,0,0,0,0,0,0,0,0,1,0,0,0,0,0,0,0,0,0,0
963,Some Folks Call It a Sling Blade,"Drama,Thriller",0,0,0,0,0,0,0,0,1,0,0,0,0,0,0,0,1,0,0
964,"Month by the Lake, A","Comedy,Drama",0,0,0,0,0,1,0,0,1,0,0,0,0,0,0,0,0,0,0
965,Funny Face,"Comedy,Musical",0,0,0,0,0,1,0,0,0,0,0,0,1,0,0,0,0,0,0
966,"Affair to Remember, An",Romance,0,0,0,0,0,0,0,0,0,0,0,0,0,0,1,0,0,0,0
967,Little Lord Fauntleroy,Drama,0,0,0,0,0,0,0,0,1,0,0,0,0,0,0,0,0,0,0
968,"Inspector General, The",Musical,0,0,0,0,0,0,0,0,0,0,0,0,1,0,0,0,0,0,0
969,Winnie the Pooh and the Blustery Day,"Animation,Children's",0,0,0,1,1,0,0,0,0,0,0,0,0,0,0,0,0,0,0
970,Hear My Song,Comedy,0,0,0,0,0,1,0,0,0,0,0,0,0,0,0,0,0,0,0
971,Mediterraneo,"Comedy,War",0,0,0,0,0,1,0,0,0,0,0,0,0,0,0,0,0,1,0
972,Passion Fish,Drama,0,0,0,0,0,0,0,0,1,0,0,0,0,0,0,0,0,0,0
973,Grateful Dead,Documentary,0,0,0,0,0,0,0,1,0,0,0,0,0,0,0,0,0,0,0
974,Eye for an Eye,"Drama,Thriller",0,0,0,0,0,0,0,0,1,0,0,0,0,0,0,0,1,0,0
975,Fear,Thriller,0,0,0,0,0,0,0,0,0,0,0,0,0,0,0,0,1,0,0
976,Solo,"Action,Sci-Fi,Thriller",0,1,0,0,0,0,0,0,0,0,0,0,0,0,0,1,1,0,0
977,"Substitute, The",Action,0,1,0,0,0,0,0,0,0,0,0,0,0,0,0,0,0,0,0
978,Heaven's Prisoners,"Mystery,Thriller",0,0,0,0,0,0,0,0,0,0,0,0,0,1,0,0,1,0,0
979,"Trigger Effect, The","Drama,Thriller",0,0,0,0,0,0,0,0,1,0,0,0,0,0,0,0,1,0,0
980,Mother Night,Drama,0,0,0,0,0,0,0,0,1,0,0,0,0,0,0,0,0,0,0
981,Dangerous Ground,Drama,0,0,0,0,0,0,0,0,1,0,0,0,0,0,0,0,0,0,0
982,Maximum Risk,"Action,Adventure,Thriller",0,1,1,0,0,0,0,0,0,0,0,0,0,0,0,0,1,0,0
983,"Rich Man's Wife, The",Thriller,0,0,0,0,0,0,0,0,0,0,0,0,0,0,0,0,1,0,0
984,Shadow Conspiracy,Thriller,0,0,0,0,0,0,0,0,0,0,0,0,0,0,0,0,1,0,0
985,Blood & Wine,Drama,0,0,0,0,0,0,0,0,1,0,0,0,0,0,0,0,0,0,0
986,Turbulence,Thriller,0,0,0,0,0,0,0,0,0,0,0,0,0,0,0,0,1,0,0
987,Underworld,Thriller,0,0,0,0,0,0,0,0,0,0,0,0,0,0,0,0,1,0,0
988,"Beautician and the Beast, The","Comedy,Romance",0,0,0,0,0,1,0,0,0,0,0,0,0,0,1,0,0,0,0
989,Cats Don't Dance,"Animation,Children's,Musical",0,0,0,1,1,0,0,0,0,0,0,0,1,0,0,0,0,0,0
990,Anna Karenina,"Drama,Romance",0,0,0,0,0,0,0,0,1,0,0,0,0,0,1,0,0,0,0
991,Keys to Tulsa,Crime,0,0,0,0,0,0,1,0,0,0,0,0,0,0,0,0,0,0,0
992,Head Above Water,"Comedy,Thriller",0,0,0,0,0,1,0,0,0,0,0,0,0,0,0,0,1,0,0
993,Hercules,"Adventure,Animation,Children's,Comedy,Musical",0,0,1,1,1,1,0,0,0,0,0,0,1,0,0,0,0,0,0
994,"Last Time I Committed Suicide, The",Drama,0,0,0,0,0,0,0,0,1,0,0,0,0,0,0,0,0,0,0
995,"Kiss Me, Guido",Comedy,0,0,0,0,0,1,0,0,0,0,0,0,0,0,0,0,0,0,0
996,"Big Green, The","Children's,Comedy",0,0,0,0,1,1,0,0,0,0,0,0,0,0,0,0,0,0,0
997,Stuart Saves His Family,Comedy,0,0,0,0,0,1,0,0,0,0,0,0,0,0,0,0,0,0,0
998,Cabin Boy,Comedy,0,0,0,0,0,1,0,0,0,0,0,0,0,0,0,0,0,0,0
999,Clean Slate,Comedy,0,0,0,0,0,1,0,0,0,0,0,0,0,0,0,0,0,0,0
1000,Lightning Jack,"Comedy,Western",0,0,0,0,0,1,0,0,0,0,0,0,0,0,0,0,0,0,1
1001,"Stupids, The",Comedy,0,0,0,0,0,1,0,0,0,0,0,0,0,0,0,0,0,0,0
1002,"Pest, The",Comedy,0,0,0,0,0,1,0,0,0,0,0,0,0,0,0,0,0,0,0
1003,That Darn Cat!,"Children's,Comedy,Mystery",0,0,0,0,1,1,0,0,0,0,0,0,0,1,0,0,0,0,0
1004,Geronimo: An American Legend,"Drama,Western",0,0,0,0,0,0,0,0,1,0,0,0,0,0,0,0,0,0,1
1005,"Double vie de Véronique, La (Double Life of Veronique, The)",Drama,0,0,0,0,0,0,0,0,1,0,0,0,0,0,0,0,0,0,0
1006,Until the End of the World (Bis ans Ende der Welt),"Drama,Sci-Fi",0,0,0,0,0,0,0,0,1,0,0,0,0,0,0,1,0,0,0
1007,Waiting for Guffman,Comedy,0,0,0,0,0,1,0,0,0,0,0,0,0,0,0,0,0,0,0
1008,I Shot Andy Warhol,Drama,0,0,0,0,0,0,0,0,1,0,0,0,0,0,0,0,0,0,0
1009,Stealing Beauty,Drama,0,0,0,0,0,0,0,0,1,0,0,0,0,0,0,0,0,0,0
1010,Basquiat,Drama,0,0,0,0,0,0,0,0,1,0,0,0,0,0,0,0,0,0,0
1011,2 Days in the Valley,Crime,0,0,0,0,0,0,1,0,0,0,0,0,0,0,0,0,0,0,0
1012,Private Parts,"Comedy,Drama",0,0,0,0,0,1,0,0,1,0,0,0,0,0,0,0,0,0,0
1013,Anaconda,"Action,Adventure,Thriller",0,1,1,0,0,0,0,0,0,0,0,0,0,0,0,0,1,0,0
1014,Romy and Michele's High School Reunion,Comedy,0,0,0,0,0,1,0,0,0,0,0,0,0,0,0,0,0,0,0
1015,Shiloh,"Children's,Drama",0,0,0,0,1,0,0,0,1,0,0,0,0,0,0,0,0,0,0
1016,Con Air,"Action,Adventure,Thriller",0,1,1,0,0,0,0,0,0,0,0,0,0,0,0,0,1,0,0
1017,Trees Lounge,Drama,0,0,0,0,0,0,0,0,1,0,0,0,0,0,0,0,0,0,0
1018,Tie Me Up! Tie Me Down!,Drama,0,0,0,0,0,0,0,0,1,0,0,0,0,0,0,0,0,0,0
1019,"Die xue shuang xiong (Killer, The)","Action,Thriller",0,1,0,0,0,0,0,0,0,0,0,0,0,0,0,0,1,0,0
1020,Gaslight,"Mystery,Thriller",0,0,0,0,0,0,0,0,0,0,0,0,0,1,0,0,1,0,0
1021,8 1/2,Drama,0,0,0,0,0,0,0,0,1,0,0,0,0,0,0,0,0,0,0
1022,"Fast, Cheap & Out of Control",Documentary,0,0,0,0,0,0,0,1,0,0,0,0,0,0,0,0,0,0,0
1023,Fathers' Day,Comedy,0,0,0,0,0,1,0,0,0,0,0,0,0,0,0,0,0,0,0
1024,Mrs. Dalloway,Romance,0,0,0,0,0,0,0,0,0,0,0,0,0,0,1,0,0,0,0
1025,Fire Down Below,"Action,Drama,Thriller",0,1,0,0,0,0,0,0,1,0,0,0,0,0,0,0,1,0,0
1026,"Lay of the Land, The","Comedy,Drama",0,0,0,0,0,1,0,0,1,0,0,0,0,0,0,0,0,0,0
1027,"Shooter, The",Action,0,1,0,0,0,0,0,0,0,0,0,0,0,0,0,0,0,0,0
1028,Grumpier Old Men,"Comedy,Romance",0,0,0,0,0,1,0,0,0,0,0,0,0,0,1,0,0,0,0
1029,Jury Duty,Comedy,0,0,0,0,0,1,0,0,0,0,0,0,0,0,0,0,0,0,0
1030,"Beverly Hillbillies, The",Comedy,0,0,0,0,0,1,0,0,0,0,0,0,0,0,0,0,0,0,0
1031,Lassie,"Adventure,Children's",0,0,1,0,1,0,0,0,0,0,0,0,0,0,0,0,0,0,0
1032,Little Big League,"Children's,Comedy",0,0,0,0,1,1,0,0,0,0,0,0,0,0,0,0,0,0,0
1033,Homeward Bound II: Lost in San Francisco,"Adventure,Children's",0,0,1,0,1,0,0,0,0,0,0,0,0,0,0,0,0,0,0
1034,"Quest, The","Action,Adventure",0,1,1,0,0,0,0,0,0,0,0,0,0,0,0,0,0,0,0
1035,Cool Runnings,Comedy,0,0,0,0,0,1,0,0,0,0,0,0,0,0,0,0,0,0,0
1036,Drop Dead Fred,"Comedy,Fantasy",0,0,0,0,0,1,0,0,0,1,0,0,0,0,0,0,0,0,0
1037,Grease 2,"Comedy,Musical,Romance",0,0,0,0,0,1,0,0,0,0,0,0,1,0,1,0,0,0,0
1038,Switchback,Thriller,0,0,0,0,0,0,0,0,0,0,0,0,0,0,0,0,1,0,0
1039,Hamlet,Drama,0,0,0,0,0,0,0,0,1,0,0,0,0,0,0,0,0,0,0
1040,Two if by Sea,"Comedy,Romance",0,0,0,0,0,1,0,0,0,0,0,0,0,0,1,0,0,0,0
1041,Forget Paris,"Comedy,Romance",0,0,0,0,0,1,0,0,0,0,0,0,0,0,1,0,0,0,0
1042,Just Cause,"Mystery,Thriller",0,0,0,0,0,0,0,0,0,0,0,0,0,1,0,0,1,0,0
1043,Rent-a-Kid,Comedy,0,0,0,0,0,1,0,0,0,0,0,0,0,0,0,0,0,0,0
1044,"Paper, The","Comedy,Drama",0,0,0,0,0,1,0,0,1,0,0,0,0,0,0,0,0,0,0
1045,Fearless,Drama,0,0,0,0,0,0,0,0,1,0,0,0,0,0,0,0,0,0,0
1046,Malice,Thriller,0,0,0,0,0,0,0,0,0,0,0,0,0,0,0,0,1,0,0
1047,Multiplicity,Comedy,0,0,0,0,0,1,0,0,0,0,0,0,0,0,0,0,0,0,0
1048,She's the One,"Comedy,Romance",0,0,0,0,0,1,0,0,0,0,0,0,0,0,1,0,0,0,0
1049,House Arrest,Comedy,0,0,0,0,0,1,0,0,0,0,0,0,0,0,0,0,0,0,0
1050,"Ghost and Mrs. Muir, The","Drama,Romance",0,0,0,0,0,0,0,0,1,0,0,0,0,0,1,0,0,0,0
1051,"Associate, The",Comedy,0,0,0,0,0,1,0,0,0,0,0,0,0,0,0,0,0,0,0
1052,Dracula: Dead and Loving It,"Comedy,Horror",0,0,0,0,0,1,0,0,0,0,0,1,0,0,0,0,0,0,0
1053,Now and Then,Drama,0,0,0,0,0,0,0,0,1,0,0,0,0,0,0,0,0,0,0
1054,Mr. Wrong,Comedy,0,0,0,0,0,1,0,0,0,0,0,0,0,0,0,0,0,0,0
1055,"Simple Twist of Fate, A",Drama,0,0,0,0,0,0,0,0,1,0,0,0,0,0,0,0,0,0,0
1056,Cronos,Horror,0,0,0,0,0,0,0,0,0,0,0,1,0,0,0,0,0,0,0
1057,"Pallbearer, The",Comedy,0,0,0,0,0,1,0,0,0,0,0,0,0,0,0,0,0,0,0
1058,"War, The","Adventure,Drama",0,0,1,0,0,0,0,0,1,0,0,0,0,0,0,0,0,0,0
1059,Don't Be a Menace to South Central While Drinking Your Juice in the Hood,Comedy,0,0,0,0,0,1,0,0,0,0,0,0,0,0,0,0,0,0,0
1060,"Adventures of Pinocchio, The","Adventure,Children's",0,0,1,0,1,0,0,0,0,0,0,0,0,0,0,0,0,0,0
1061,"Evening Star, The","Comedy,Drama",0,0,0,0,0,1,0,0,1,0,0,0,0,0,0,0,0,0,0
1062,Four Days in September,Drama,0,0,0,0,0,0,0,0,1,0,0,0,0,0,0,0,0,0,0
1063,"Little Princess, A","Children's,Drama",0,0,0,0,1,0,0,0,1,0,0,0,0,0,0,0,0,0,0
1064,Crossfire,"Crime,Film-Noir",0,0,0,0,0,0,1,0,0,0,1,0,0,0,0,0,0,0,0
1065,Koyaanisqatsi,"Documentary,War",0,0,0,0,0,0,0,1,0,0,0,0,0,0,0,0,0,1,0
1066,Balto,"Animation,Children's",0,0,0,1,1,0,0,0,0,0,0,0,0,0,0,0,0,0,0
1067,Bottle Rocket,Comedy,0,0,0,0,0,1,0,0,0,0,0,0,0,0,0,0,0,0,0
1068,"Star Maker, The (Uomo delle stelle, L')",Drama,0,0,0,0,0,0,0,0,1,0,0,0,0,0,0,0,0,0,0
1069,Amateur,"Crime,Drama,Thriller",0,0,0,0,0,0,1,0,1,0,0,0,0,0,0,0,1,0,0
1070,Living in Oblivion,Comedy,0,0,0,0,0,1,0,0,0,0,0,0,0,0,0,0,0,0,0
1071,Party Girl,Comedy,0,0,0,0,0,1,0,0,0,0,0,0,0,0,0,0,0,0,0
1072,"Pyromaniac's Love Story, A","Comedy,Romance",0,0,0,0,0,1,0,0,0,0,0,0,0,0,1,0,0,0,0
1073,Shallow Grave,Thriller,0,0,0,0,0,0,0,0,0,0,0,0,0,0,0,0,1,0,0
1074,Reality Bites,"Comedy,Drama",0,0,0,0,0,1,0,0,1,0,0,0,0,0,0,0,0,0,0
1075,"Man of No Importance, A",Drama,0,0,0,0,0,0,0,0,1,0,0,0,0,0,0,0,0,0,0
1076,"Pagemaster, The","Action,Adventure,Animation,Children's,Fantasy",0,1,1,1,1,0,0,0,0,1,0,0,0,0,0,0,0,0,0
1077,Love and a .45,Thriller,0,0,0,0,0,0,0,0,0,0,0,0,0,0,0,0,1,0,0
1078,Oliver & Company,"Animation,Children's",0,0,0,1,1,0,0,0,0,0,0,0,0,0,0,0,0,0,0
1079,Joe's Apartment,"Comedy,Musical",0,0,0,0,0,1,0,0,0,0,0,0,1,0,0,0,0,0,0
1080,Celestial Clockwork,Comedy,0,0,0,0,0,1,0,0,0,0,0,0,0,0,0,0,0,0,0
1081,Curdled,Crime,0,0,0,0,0,0,1,0,0,0,0,0,0,0,0,0,0,0,0
1082,Female Perversions,Drama,0,0,0,0,0,0,0,0,1,0,0,0,0,0,0,0,0,0,0
1083,Albino Alligator,"Crime,Thriller",0,0,0,0,0,0,1,0,0,0,0,0,0,0,0,0,1,0,0
1084,Anne Frank Remembered,Documentary,0,0,0,0,0,0,0,1,0,0,0,0,0,0,0,0,0,0,0
1085,Carried Away,"Drama,Romance",0,0,0,0,0,0,0,0,1,0,0,0,0,0,1,0,0,0,0
1086,It's My Party,Drama,0,0,0,0,0,0,0,0,1,0,0,0,0,0,0,0,0,0,0
1087,Bloodsport 2,Action,0,1,0,0,0,0,0,0,0,0,0,0,0,0,0,0,0,0,0
1088,Double Team,Action,0,1,0,0,0,0,0,0,0,0,0,0,0,0,0,0,0,0,0
1089,Speed 2: Cruise Control,"Action,Romance,Thriller",0,1,0,0,0,0,0,0,0,0,0,0,0,0,1,0,1,0,0
1090,Sliver,Thriller,0,0,0,0,0,0,0,0,0,0,0,0,0,0,0,0,1,0,0
1091,Pete's Dragon,"Adventure,Animation,Children's,Musical",0,0,1,1,1,0,0,0,0,0,0,0,1,0,0,0,0,0,0
1092,Dear God,Comedy,0,0,0,0,0,1,0,0,0,0,0,0,0,0,0,0,0,0,0
1093,Live Nude Girls,Comedy,0,0,0,0,0,1,0,0,0,0,0,0,0,0,0,0,0,0,0
1094,"Thin Line Between Love and Hate, A",Comedy,0,0,0,0,0,1,0,0,0,0,0,0,0,0,0,0,0,0,0
1095,High School High,Comedy,0,0,0,0,0,1,0,0,0,0,0,0,0,0,0,0,0,0,0
1096,Commandments,Romance,0,0,0,0,0,0,0,0,0,0,0,0,0,0,1,0,0,0,0
1097,"Hate (Haine, La)",Drama,0,0,0,0,0,0,0,0,1,0,0,0,0,0,0,0,0,0,0
1098,Flirting With Disaster,Comedy,0,0,0,0,0,1,0,0,0,0,0,0,0,0,0,0,0,0,0
1099,"Red Firecracker, Green Firecracker",Drama,0,0,0,0,0,0,0,0,1,0,0,0,0,0,0,0,0,0,0
1100,What Happened Was...,"Comedy,Drama,Romance",0,0,0,0,0,1,0,0,1,0,0,0,0,0,1,0,0,0,0
1101,Six Degrees of Separation,"Drama,Mystery",0,0,0,0,0,0,0,0,1,0,0,0,0,1,0,0,0,0,0
1102,Two Much,"Comedy,Romance",0,0,0,0,0,1,0,0,0,0,0,0,0,0,1,0,0,0,0
1103,Trust,"Comedy,Drama",0,0,0,0,0,1,0,0,1,0,0,0,0,0,0,0,0,0,0
1104,C'est arrivé près de chez vous,"Comedy,Crime,Drama",0,0,0,0,0,1,1,0,1,0,0,0,0,0,0,0,0,0,0
1105,Firestorm,"Action,Adventure,Thriller",0,1,1,0,0,0,0,0,0,0,0,0,0,0,0,0,1,0,0
1106,"Newton Boys, The","Crime,Drama",0,0,0,0,0,0,1,0,1,0,0,0,0,0,0,0,0,0,0
1107,Beyond Rangoon,Drama,0,0,0,0,0,0,0,0,1,0,0,0,0,0,0,0,0,0,0
1108,Feast of July,Drama,0,0,0,0,0,0,0,0,1,0,0,0,0,0,0,0,0,0,0
1109,Death and the Maiden,"Drama,Thriller",0,0,0,0,0,0,0,0,1,0,0,0,0,0,0,0,1,0,0
1110,Tank Girl,"Action,Comedy,Musical,Sci-Fi",0,1,0,0,0,1,0,0,0,0,0,0,1,0,0,1,0,0,0
1111,Double Happiness,Drama,0,0,0,0,0,0,0,0,1,0,0,0,0,0,0,0,0,0,0
1112,Cobb,Drama,0,0,0,0,0,0,0,0,1,0,0,0,0,0,0,0,0,0,0
1113,Mrs. Parker and the Vicious Circle,Drama,0,0,0,0,0,0,0,0,1,0,0,0,0,0,0,0,0,0,0
1114,Faithful,Comedy,0,0,0,0,0,1,0,0,0,0,0,0,0,0,0,0,0,0,0
1115,Twelfth Night,"Comedy,Drama,Romance",0,0,0,0,0,1,0,0,1,0,0,0,0,0,1,0,0,0,0
1116,"Mark of Zorro, The",Adventure,0,0,1,0,0,0,0,0,0,0,0,0,0,0,0,0,0,0,0
1117,Surviving Picasso,Drama,0,0,0,0,0,0,0,0,1,0,0,0,0,0,0,0,0,0,0
1118,Up in Smoke,Comedy,0,0,0,0,0,1,0,0,0,0,0,0,0,0,0,0,0,0,0
1119,Some Kind of Wonderful,"Drama,Romance",0,0,0,0,0,0,0,0,1,0,0,0,0,0,1,0,0,0,0
1120,I'm Not Rappaport,Comedy,0,0,0,0,0,1,0,0,0,0,0,0,0,0,0,0,0,0,0
1121,"Umbrellas of Cherbourg, The (Parapluies de Cherbourg, Les)","Drama,Musical",0,0,0,0,0,0,0,0,1,0,0,0,1,0,0,0,0,0,0
1122,They Made Me a Criminal,"Crime,Drama",0,0,0,0,0,0,1,0,1,0,0,0,0,0,0,0,0,0,0
1123,"Last Time I Saw Paris, The",Drama,0,0,0,0,0,0,0,0,1,0,0,0,0,0,0,0,0,0,0
1124,"Farewell to Arms, A","Romance,War",0,0,0,0,0,0,0,0,0,0,0,0,0,0,1,0,0,1,0
1125,"Innocents, The",Thriller,0,0,0,0,0,0,0,0,0,0,0,0,0,0,0,0,1,0,0
1126,"Old Man and the Sea, The","Adventure,Drama",0,0,1,0,0,0,0,0,1,0,0,0,0,0,0,0,0,0,0
1127,"Truman Show, The",Drama,0,0,0,0,0,0,0,0,1,0,0,0,0,0,0,0,0,0,0
1128,Heidi Fleiss: Hollywood Madam (1995) ,Documentary,0,0,0,0,0,0,0,1,0,0,0,0,0,0,0,0,0,0,0
1129,Chungking Express,"Drama,Mystery,Romance",0,0,0,0,0,0,0,0,1,0,0,0,0,1,1,0,0,0,0
1130,Jupiter's Wife,Documentary,0,0,0,0,0,0,0,1,0,0,0,0,0,0,0,0,0,0,0
1131,Safe,Thriller,0,0,0,0,0,0,0,0,0,0,0,0,0,0,0,0,1,0,0
1132,Feeling Minnesota,"Drama,Romance",0,0,0,0,0,0,0,0,1,0,0,0,0,0,1,0,0,0,0
1133,Escape to Witch Mountain,"Adventure,Children's,Fantasy",0,0,1,0,1,0,0,0,0,1,0,0,0,0,0,0,0,0,0
1134,Get on the Bus,Drama,0,0,0,0,0,0,0,0,1,0,0,0,0,0,0,0,0,0,0
1135,"Doors, The","Drama,Musical",0,0,0,0,0,0,0,0,1,0,0,0,1,0,0,0,0,0,0
1136,Ghosts of Mississippi,Drama,0,0,0,0,0,0,0,0,1,0,0,0,0,0,0,0,0,0,0
1137,Beautiful Thing,"Drama,Romance",0,0,0,0,0,0,0,0,1,0,0,0,0,0,1,0,0,0,0
1138,Best Men,"Action,Comedy,Crime,Drama",0,1,0,0,0,1,1,0,1,0,0,0,0,0,0,0,0,0,0
1139,Hackers,"Action,Crime,Thriller",0,1,0,0,0,0,1,0,0,0,0,0,0,0,0,0,1,0,0
1140,"Road to Wellville, The",Comedy,0,0,0,0,0,1,0,0,0,0,0,0,0,0,0,0,0,0,0
1141,"War Room, The",Documentary,0,0,0,0,0,0,0,1,0,0,0,0,0,0,0,0,0,0,0
1142,When We Were Kings,Documentary,0,0,0,0,0,0,0,1,0,0,0,0,0,0,0,0,0,0,0
1143,Hard Eight,"Crime,Thriller",0,0,0,0,0,0,1,0,0,0,0,0,0,0,0,0,1,0,0
1144,"Quiet Room, The",Drama,0,0,0,0,0,0,0,0,1,0,0,0,0,0,0,0,0,0,0
1145,Blue Chips,Drama,0,0,0,0,0,0,0,0,1,0,0,0,0,0,0,0,0,0,0
1146,Calendar Girl,Drama,0,0,0,0,0,0,0,0,1,0,0,0,0,0,0,0,0,0,0
1147,My Family,Drama,0,0,0,0,0,0,0,0,1,0,0,0,0,0,0,0,0,0,0
1148,Tom & Viv,Drama,0,0,0,0,0,0,0,0,1,0,0,0,0,0,0,0,0,0,0
1149,Walkabout,Drama,0,0,0,0,0,0,0,0,1,0,0,0,0,0,0,0,0,0,0
1150,Last Dance,Drama,0,0,0,0,0,0,0,0,1,0,0,0,0,0,0,0,0,0,0
1151,Original Gangstas,Crime,0,0,0,0,0,0,1,0,0,0,0,0,0,0,0,0,0,0,0
1152,In Love and War,"Romance,War",0,0,0,0,0,0,0,0,0,0,0,0,0,0,1,0,0,1,0
1153,Backbeat,"Drama,Musical",0,0,0,0,0,0,0,0,1,0,0,0,1,0,0,0,0,0,0
1154,Alphaville,Sci-Fi,0,0,0,0,0,0,0,0,0,0,0,0,0,0,0,1,0,0,0
1155,"Rendezvous in Paris (Rendez-vous de Paris, Les)","Comedy,Romance",0,0,0,0,0,1,0,0,0,0,0,0,0,0,1,0,0,0,0
1156,Cyclo,"Crime,Drama",0,0,0,0,0,0,1,0,1,0,0,0,0,0,0,0,0,0,0
1157,"Relic, The",Horror,0,0,0,0,0,0,0,0,0,0,0,1,0,0,0,0,0,0,0
1158,"Fille seule, La (A Single Girl)",Drama,0,0,0,0,0,0,0,0,1,0,0,0,0,0,0,0,0,0,0
1159,Stalker,"Mystery,Sci-Fi",0,0,0,0,0,0,0,0,0,0,0,0,0,1,0,1,0,0,0
1160,Love! Valour! Compassion!,"Drama,Romance",0,0,0,0,0,0,0,0,1,0,0,0,0,0,1,0,0,0,0
1161,Palookaville,"Action,Drama",0,1,0,0,0,0,0,0,1,0,0,0,0,0,0,0,0,0,0
1162,Phat Beach,Comedy,0,0,0,0,0,1,0,0,0,0,0,0,0,0,0,0,0,0,0
1163,"Portrait of a Lady, The",Drama,0,0,0,0,0,0,0,0,1,0,0,0,0,0,0,0,0,0,0
1164,Zeus and Roxanne,Children's,0,0,0,0,1,0,0,0,0,0,0,0,0,0,0,0,0,0,0
1165,Big Bully,"Comedy,Drama",0,0,0,0,0,1,0,0,1,0,0,0,0,0,0,0,0,0,0
1166,Love & Human Remains,Comedy,0,0,0,0,0,1,0,0,0,0,0,0,0,0,0,0,0,0,0
1167,"Sum of Us, The",Comedy,0,0,0,0,0,1,0,0,0,0,0,0,0,0,0,0,0,0,0
1168,Little Buddha,Drama,0,0,0,0,0,0,0,0,1,0,0,0,0,0,0,0,0,0,0
1169,Fresh,Drama,0,0,0,0,0,0,0,0,1,0,0,0,0,0,0,0,0,0,0
1170,Spanking the Monkey,"Comedy,Drama",0,0,0,0,0,1,0,0,1,0,0,0,0,0,0,0,0,0,0
1171,Wild Reeds,Drama,0,0,0,0,0,0,0,0,1,0,0,0,0,0,0,0,0,0,0
1172,"Women, The",Comedy,0,0,0,0,0,1,0,0,0,0,0,0,0,0,0,0,0,0,0
1173,Bliss,"Drama,Romance",0,0,0,0,0,0,0,0,1,0,0,0,0,0,1,0,0,0,0
1174,Caught,"Drama,Thriller",0,0,0,0,0,0,0,0,1,0,0,0,0,0,0,0,1,0,0
1175,Hugo Pool,Romance,0,0,0,0,0,0,0,0,0,0,0,0,0,0,1,0,0,0,0
1176,Welcome To Sarajevo,"Drama,War",0,0,0,0,0,0,0,0,1,0,0,0,0,0,0,0,0,1,0
1177,Dunston Checks In,Comedy,0,0,0,0,0,1,0,0,0,0,0,0,0,0,0,0,0,0,0
1178,Major Payne,Comedy,0,0,0,0,0,1,0,0,0,0,0,0,0,0,0,0,0,0,0
1179,Man of the House,Comedy,0,0,0,0,0,1,0,0,0,0,0,0,0,0,0,0,0,0,0
1180,I Love Trouble,"Action,Comedy",0,1,0,0,0,1,0,0,0,0,0,0,0,0,0,0,0,0,0
1181,"Low Down Dirty Shame, A","Action,Comedy",0,1,0,0,0,1,0,0,0,0,0,0,0,0,0,0,0,0,0
1182,Cops and Robbersons,Comedy,0,0,0,0,0,1,0,0,0,0,0,0,0,0,0,0,0,0,0
1183,"Cowboy Way, The","Action,Comedy",0,1,0,0,0,1,0,0,0,0,0,0,0,0,0,0,0,0,0
1184,"Endless Summer 2, The",Documentary,0,0,0,0,0,0,0,1,0,0,0,0,0,0,0,0,0,0,0
1185,In the Army Now,"Comedy,War",0,0,0,0,0,1,0,0,0,0,0,0,0,0,0,0,0,1,0
1186,"Inkwell, The","Comedy,Drama",0,0,0,0,0,1,0,0,1,0,0,0,0,0,0,0,0,0,0
1187,Switchblade Sisters,Crime,0,0,0,0,0,0,1,0,0,0,0,0,0,0,0,0,0,0,0
1188,Young Guns II,"Action,Comedy,Western",0,1,0,0,0,1,0,0,0,0,0,0,0,0,0,0,0,0,1
1189,Prefontaine,Drama,0,0,0,0,0,0,0,0,1,0,0,0,0,0,0,0,0,0,0
1190,That Old Feeling,"Comedy,Romance",0,0,0,0,0,1,0,0,0,0,0,0,0,0,1,0,0,0,0
1191,"Letter From Death Row, A","Crime,Drama",0,0,0,0,0,0,1,0,1,0,0,0,0,0,0,0,0,0,0
1192,"Boys of St. Vincent, The",Drama,0,0,0,0,0,0,0,0,1,0,0,0,0,0,0,0,0,0,0
1193,Before the Rain (Pred dozhdot),Drama,0,0,0,0,0,0,0,0,1,0,0,0,0,0,0,0,0,0,0
1194,Once Were Warriors,"Crime,Drama",0,0,0,0,0,0,1,0,1,0,0,0,0,0,0,0,0,0,0
1195,Strawberry and Chocolate (Fresa y chocolate),Drama,0,0,0,0,0,0,0,0,1,0,0,0,0,0,0,0,0,0,0
1196,"Savage Nights (Nuits fauves, Les)",Drama,0,0,0,0,0,0,0,0,1,0,0,0,0,0,0,0,0,0,0
1197,"Family Thing, A","Comedy,Drama",0,0,0,0,0,1,0,0,1,0,0,0,0,0,0,0,0,0,0
1198,Purple Noon,"Crime,Thriller",0,0,0,0,0,0,1,0,0,0,0,0,0,0,0,0,1,0,0
1199,Cemetery Man (Dellamorte Dellamore),"Comedy,Horror",0,0,0,0,0,1,0,0,0,0,0,1,0,0,0,0,0,0,0
1200,Kim,"Children's,Drama",0,0,0,0,1,0,0,0,1,0,0,0,0,0,0,0,0,0,0
1201,Marlene Dietrich: Shadow and Light (1996) ,Documentary,0,0,0,0,0,0,0,1,0,0,0,0,0,0,0,0,0,0,0
1202,"Maybe, Maybe Not (Bewegte Mann, Der)",Comedy,0,0,0,0,0,1,0,0,0,0,0,0,0,0,0,0,0,0,0
1203,Top Hat,"Comedy,Musical,Romance",0,0,0,0,0,1,0,0,0,0,0,0,1,0,1,0,0,0,0
1204,To Be or Not to Be,"Comedy,Drama,War",0,0,0,0,0,1,0,0,1,0,0,0,0,0,0,0,0,1,0
1205,"Secret Agent, The",Drama,0,0,0,0,0,0,0,0,1,0,0,0,0,0,0,0,0,0,0
1206,Amos & Andrew,Comedy,0,0,0,0,0,1,0,0,0,0,0,0,0,0,0,0,0,0,0
1207,Jade,Thriller,0,0,0,0,0,0,0,0,0,0,0,0,0,0,0,0,1,0,0
1208,Kiss of Death,"Crime,Drama,Thriller",0,0,0,0,0,0,1,0,1,0,0,0,0,0,0,0,1,0,0
1209,Mixed Nuts,Comedy,0,0,0,0,0,1,0,0,0,0,0,0,0,0,0,0,0,0,0
1210,Virtuosity,"Sci-Fi,Thriller",0,0,0,0,0,0,0,0,0,0,0,0,0,0,0,1,1,0,0
1211,Blue Sky,"Drama,Romance",0,0,0,0,0,0,0,0,1,0,0,0,0,0,1,0,0,0,0
1212,Flesh and Bone,"Drama,Mystery,Romance",0,0,0,0,0,0,0,0,1,0,0,0,0,1,1,0,0,0,0
1213,Guilty as Sin,"Crime,Drama,Thriller",0,0,0,0,0,0,1,0,1,0,0,0,0,0,0,0,1,0,0
1214,In the Realm of the Senses (Ai no corrida),Drama,0,0,0,0,0,0,0,0,1,0,0,0,0,0,0,0,0,0,0
1215,Barb Wire,"Action,Sci-Fi",0,1,0,0,0,0,0,0,0,0,0,0,0,0,0,1,0,0,0
1216,Kissed,Romance,0,0,0,0,0,0,0,0,0,0,0,0,0,0,1,0,0,0,0
1217,Assassins,Thriller,0,0,0,0,0,0,0,0,0,0,0,0,0,0,0,0,1,0,0
1218,Friday,Comedy,0,0,0,0,0,1,0,0,0,0,0,0,0,0,0,0,0,0,0
1219,"Goofy Movie, A","Animation,Children's,Comedy,Romance",0,0,0,1,1,1,0,0,0,0,0,0,0,0,1,0,0,0,0
1220,Higher Learning,Drama,0,0,0,0,0,0,0,0,1,0,0,0,0,0,0,0,0,0,0
1221,When a Man Loves a Woman,Drama,0,0,0,0,0,0,0,0,1,0,0,0,0,0,0,0,0,0,0
1222,Judgment Night,Action,0,1,0,0,0,0,0,0,0,0,0,0,0,0,0,0,0,0,0
1223,King of the Hill,Drama,0,0,0,0,0,0,0,0,1,0,0,0,0,0,0,0,0,0,0
1224,"Scout, The",Drama,0,0,0,0,0,0,0,0,1,0,0,0,0,0,0,0,0,0,0
1225,Angus,Comedy,0,0,0,0,0,1,0,0,0,0,0,0,0,0,0,0,0,0,0
1226,Night Falls on Manhattan,"Crime,Drama",0,0,0,0,0,0,1,0,1,0,0,0,0,0,0,0,0,0,0
1227,"Awfully Big Adventure, An",Drama,0,0,0,0,0,0,0,0,1,0,0,0,0,0,0,0,0,0,0
1228,Under Siege 2: Dark Territory,Action,0,1,0,0,0,0,0,0,0,0,0,0,0,0,0,0,0,0,0
1229,Poison Ivy II,"Drama,Thriller",0,0,0,0,0,0,0,0,1,0,0,0,0,0,0,0,1,0,0
1230,Ready to Wear (Pret-A-Porter),Comedy,0,0,0,0,0,1,0,0,0,0,0,0,0,0,0,0,0,0,0
1231,Marked for Death,"Action,Drama",0,1,0,0,0,0,0,0,1,0,0,0,0,0,0,0,0,0,0
1232,Madonna: Truth or Dare,Documentary,0,0,0,0,0,0,0,1,0,0,0,0,0,0,0,0,0,0,0
1233,Nénette et Boni,Drama,0,0,0,0,0,0,0,0,1,0,0,0,0,0,0,0,0,0,0
1234,Chairman of the Board,Comedy,0,0,0,0,0,1,0,0,0,0,0,0,0,0,0,0,0,0,0
1235,"Big Bang Theory, The",Crime,0,0,0,0,0,0,1,0,0,0,0,0,0,0,0,0,0,0,0
1236,"Other Voices, Other Rooms",Drama,0,0,0,0,0,0,0,0,1,0,0,0,0,0,0,0,0,0,0
1237,Twisted,"Comedy,Drama",0,0,0,0,0,1,0,0,1,0,0,0,0,0,0,0,0,0,0
1238,Full Speed,Drama,0,0,0,0,0,0,0,0,1,0,0,0,0,0,0,0,0,0,0
1239,Cutthroat Island,"Action,Adventure,Romance",0,1,1,0,0,0,0,0,0,0,0,0,0,0,1,0,0,0,0
1240,Ghost in the Shell (Kokaku kidotai),"Animation,Sci-Fi",0,0,0,1,0,0,0,0,0,0,0,0,0,0,0,1,0,0,0
1241,"Van, The","Comedy,Drama",0,0,0,0,0,1,0,0,1,0,0,0,0,0,0,0,0,0,0
1242,"Old Lady Who Walked in the Sea, The (Vieille qui marchait dans la mer, La)",Comedy,0,0,0,0,0,1,0,0,0,0,0,0,0,0,0,0,0,0,0
1243,Night Flier,Horror,0,0,0,0,0,0,0,0,0,0,0,1,0,0,0,0,0,0,0
1244,Metro,Action,0,1,0,0,0,0,0,0,0,0,0,0,0,0,0,0,0,0,0
1245,Gridlock'd,Crime,0,0,0,0,0,0,1,0,0,0,0,0,0,0,0,0,0,0,0
1246,Bushwhacked,Comedy,0,0,0,0,0,1,0,0,0,0,0,0,0,0,0,0,0,0,0
1247,Bad Girls,Western,0,0,0,0,0,0,0,0,0,0,0,0,0,0,0,0,0,0,1
1248,Blink,Thriller,0,0,0,0,0,0,0,0,0,0,0,0,0,0,0,0,1,0,0
1249,For Love or Money,Comedy,0,0,0,0,0,1,0,0,0,0,0,0,0,0,0,0,0,0,0
1250,Best of the Best 3: No Turning Back,Action,0,1,0,0,0,0,0,0,0,0,0,0,0,0,0,0,0,0,0
1251,A Chef in Love,Comedy,0,0,0,0,0,1,0,0,0,0,0,0,0,0,0,0,0,0,0
1252,"Contempt (Mépris, Le)",Drama,0,0,0,0,0,0,0,0,1,0,0,0,0,0,0,0,0,0,0
1253,"Tie That Binds, The",Thriller,0,0,0,0,0,0,0,0,0,0,0,0,0,0,0,0,1,0,0
1254,Gone Fishin',Comedy,0,0,0,0,0,1,0,0,0,0,0,0,0,0,0,0,0,0,0
1255,Broken English,Drama,0,0,0,0,0,0,0,0,1,0,0,0,0,0,0,0,0,0,0
1256,"Designated Mourner, The",Drama,0,0,0,0,0,0,0,0,1,0,0,0,0,0,0,0,0,0,0
1257,"Designated Mourner, The",Drama,0,0,0,0,0,0,0,0,1,0,0,0,0,0,0,0,0,0,0
1258,Trial and Error,"Comedy,Romance",0,0,0,0,0,1,0,0,0,0,0,0,0,0,1,0,0,0,0
1259,Pie in the Sky,"Comedy,Romance",0,0,0,0,0,1,0,0,0,0,0,0,0,0,1,0,0,0,0
1260,Total Eclipse,Drama,0,0,0,0,0,0,0,0,1,0,0,0,0,0,0,0,0,0,0
1261,"Run of the Country, The",Drama,0,0,0,0,0,0,0,0,1,0,0,0,0,0,0,0,0,0,0
1262,Walking and Talking,Romance,0,0,0,0,0,0,0,0,0,0,0,0,0,0,1,0,0,0,0
1263,Foxfire,Drama,0,0,0,0,0,0,0,0,1,0,0,0,0,0,0,0,0,0,0
1264,Nothing to Lose,Drama,0,0,0,0,0,0,0,0,1,0,0,0,0,0,0,0,0,0,0
1265,Star Maps,Drama,0,0,0,0,0,0,0,0,1,0,0,0,0,0,0,0,0,0,0
1266,Bread and Chocolate (Pane e cioccolata),Drama,0,0,0,0,0,0,0,0,1,0,0,0,0,0,0,0,0,0,0
1267,Clockers,Drama,0,0,0,0,0,0,0,0,1,0,0,0,0,0,0,0,0,0,0
1268,Bitter Moon,Drama,0,0,0,0,0,0,0,0,1,0,0,0,0,0,0,0,0,0,0
1269,Love in the Afternoon,"Comedy,Romance",0,0,0,0,0,1,0,0,0,0,0,0,0,0,1,0,0,0,0
1270,Life with Mikey,Comedy,0,0,0,0,0,1,0,0,0,0,0,0,0,0,0,0,0,0,0
1271,North,Comedy,0,0,0,0,0,1,0,0,0,0,0,0,0,0,0,0,0,0,0
1272,Talking About Sex,"Comedy,Drama",0,0,0,0,0,1,0,0,1,0,0,0,0,0,0,0,0,0,0
1273,Color of Night,"Drama,Thriller",0,0,0,0,0,0,0,0,1,0,0,0,0,0,0,0,1,0,0
1274,Robocop 3,"Sci-Fi,Thriller",0,0,0,0,0,0,0,0,0,0,0,0,0,0,0,1,1,0,0
1275,Killer (Bulletproof Heart),Thriller,0,0,0,0,0,0,0,0,0,0,0,0,0,0,0,0,1,0,0
1276,Sunset Park,Drama,0,0,0,0,0,0,0,0,1,0,0,0,0,0,0,0,0,0,0
1277,Set It Off,"Action,Crime",0,1,0,0,0,0,1,0,0,0,0,0,0,0,0,0,0,0,0
1278,Selena,"Drama,Musical",0,0,0,0,0,0,0,0,1,0,0,0,1,0,0,0,0,0,0
1279,Wild America,"Adventure,Children's",0,0,1,0,1,0,0,0,0,0,0,0,0,0,0,0,0,0,0
1280,Gang Related,Crime,0,0,0,0,0,0,1,0,0,0,0,0,0,0,0,0,0,0,0
1281,Manny & Lo,Drama,0,0,0,0,0,0,0,0,1,0,0,0,0,0,0,0,0,0,0
1282,"Grass Harp, The",Drama,0,0,0,0,0,0,0,0,1,0,0,0,0,0,0,0,0,0,0
1283,Out to Sea,Comedy,0,0,0,0,0,1,0,0,0,0,0,0,0,0,0,0,0,0,0
1284,Before and After,"Drama,Mystery",0,0,0,0,0,0,0,0,1,0,0,0,0,1,0,0,0,0,0
1285,Princess Caraboo,Drama,0,0,0,0,0,0,0,0,1,0,0,0,0,0,0,0,0,0,0
1286,Shall We Dance?,"Comedy,Musical,Romance",0,0,0,0,0,1,0,0,0,0,0,0,1,0,1,0,0,0,0
1287,Ed,Comedy,0,0,0,0,0,1,0,0,0,0,0,0,0,0,0,0,0,0,0
1288,Denise Calls Up,Comedy,0,0,0,0,0,1,0,0,0,0,0,0,0,0,0,0,0,0,0
1289,Jack and Sarah,Romance,0,0,0,0,0,0,0,0,0,0,0,0,0,0,1,0,0,0,0
1290,Country Life,"Drama,Romance",0,0,0,0,0,0,0,0,1,0,0,0,0,0,1,0,0,0,0
1291,Celtic Pride,Comedy,0,0,0,0,0,1,0,0,0,0,0,0,0,0,0,0,0,0,0
1292,"Simple Wish, A","Children's,Fantasy",0,0,0,0,1,0,0,0,0,1,0,0,0,0,0,0,0,0,0
1293,Star Kid,"Adventure,Children's,Fantasy,Sci-Fi",0,0,1,0,1,0,0,0,0,1,0,0,0,0,0,1,0,0,0
1294,Ayn Rand: A Sense of Life,Documentary,0,0,0,0,0,0,0,1,0,0,0,0,0,0,0,0,0,0,0
1295,Kicked in the Head,"Comedy,Drama",0,0,0,0,0,1,0,0,1,0,0,0,0,0,0,0,0,0,0
1296,Indian Summer,"Comedy,Drama",0,0,0,0,0,1,0,0,1,0,0,0,0,0,0,0,0,0,0
1297,Love Affair,"Drama,Romance",0,0,0,0,0,0,0,0,1,0,0,0,0,0,1,0,0,0,0
1298,"Band Wagon, The","Comedy,Musical",0,0,0,0,0,1,0,0,0,0,0,0,1,0,0,0,0,0,0
1299,Penny Serenade,"Drama,Romance",0,0,0,0,0,0,0,0,1,0,0,0,0,0,1,0,0,0,0
1300,'Til There Was You,"Drama,Romance",0,0,0,0,0,0,0,0,1,0,0,0,0,0,1,0,0,0,0
1301,Stripes,Comedy,0,0,0,0,0,1,0,0,0,0,0,0,0,0,0,0,0,0,0
1302,Late Bloomers,Comedy,0,0,0,0,0,1,0,0,0,0,0,0,0,0,0,0,0,0,0
1303,"Getaway, The",Action,0,1,0,0,0,0,0,0,0,0,0,0,0,0,0,0,0,0,0
1304,New York Cop,"Action,Crime",0,1,0,0,0,0,1,0,0,0,0,0,0,0,0,0,0,0,0
1305,National Lampoon's Senior Trip,Comedy,0,0,0,0,0,1,0,0,0,0,0,0,0,0,0,0,0,0,0
1306,Delta of Venus,Drama,0,0,0,0,0,0,0,0,1,0,0,0,0,0,0,0,0,0,0
1307,Carmen Miranda: Bananas Is My Business,Documentary,0,0,0,0,0,0,0,1,0,0,0,0,0,0,0,0,0,0,0
1308,Babyfever,"Comedy,Drama",0,0,0,0,0,1,0,0,1,0,0,0,0,0,0,0,0,0,0
1309,"Very Natural Thing, A",Drama,0,0,0,0,0,0,0,0,1,0,0,0,0,0,0,0,0,0,0
1310,"Walk in the Sun, A",Drama,0,0,0,0,0,0,0,0,1,0,0,0,0,0,0,0,0,0,0
1311,Waiting to Exhale,"Comedy,Drama",0,0,0,0,0,1,0,0,1,0,0,0,0,0,0,0,0,0,0
1312,"Pompatus of Love, The","Comedy,Drama",0,0,0,0,0,1,0,0,1,0,0,0,0,0,0,0,0,0,0
1313,Palmetto,"Film-Noir,Mystery,Thriller",0,0,0,0,0,0,0,0,0,0,1,0,0,1,0,0,1,0,0
1314,Surviving the Game,"Action,Adventure,Thriller",0,1,1,0,0,0,0,0,0,0,0,0,0,0,0,0,1,0,0
1315,Inventing the Abbotts,"Drama,Romance",0,0,0,0,0,0,0,0,1,0,0,0,0,0,1,0,0,0,0
1316,"Horse Whisperer, The",Drama,0,0,0,0,0,0,0,0,1,0,0,0,0,0,0,0,0,0,0
1317,"Journey of August King, The",Drama,0,0,0,0,0,0,0,0,1,0,0,0,0,0,0,0,0,0,0
1318,Catwalk,Documentary,0,0,0,0,0,0,0,1,0,0,0,0,0,0,0,0,0,0,0
1319,"Neon Bible, The",Drama,0,0,0,0,0,0,0,0,1,0,0,0,0,0,0,0,0,0,0
1320,Homage,Drama,0,0,0,0,0,0,0,0,1,0,0,0,0,0,0,0,0,0,0
1321,Open Season,Comedy,0,0,0,0,0,1,0,0,0,0,0,0,0,0,0,0,0,0,0
1322,Metisse (Café au Lait),Comedy,0,0,0,0,0,1,0,0,0,0,0,0,0,0,0,0,0,0,0
1323,"Wooden Man's Bride, The (Wu Kui)",Drama,0,0,0,0,0,0,0,0,1,0,0,0,0,0,0,0,0,0,0
1324,Loaded,"Drama,Thriller",0,0,0,0,0,0,0,0,1,0,0,0,0,0,0,0,1,0,0
1325,August,Drama,0,0,0,0,0,0,0,0,1,0,0,0,0,0,0,0,0,0,0
1326,Boys,Drama,0,0,0,0,0,0,0,0,1,0,0,0,0,0,0,0,0,0,0
1327,Captives,Drama,0,0,0,0,0,0,0,0,1,0,0,0,0,0,0,0,0,0,0
1328,Of Love and Shadows,Drama,0,0,0,0,0,0,0,0,1,0,0,0,0,0,0,0,0,0,0
1329,"Low Life, The",Drama,0,0,0,0,0,0,0,0,1,0,0,0,0,0,0,0,0,0,0
1330,An Unforgettable Summer,Drama,0,0,0,0,0,0,0,0,1,0,0,0,0,0,0,0,0,0,0
1331,"Last Klezmer: Leopold Kozlowski, His Life and Music, The",Documentary,0,0,0,0,0,0,0,1,0,0,0,0,0,0,0,0,0,0,0
1332,My Life and Times With Antonin Artaud (En compagnie d'Antonin Artaud),Drama,0,0,0,0,0,0,0,0,1,0,0,0,0,0,0,0,0,0,0
1333,Midnight Dancers (Sibak),"Comedy,Drama",0,0,0,0,0,1,0,0,1,0,0,0,0,0,0,0,0,0,0
1334,Somebody to Love,Drama,0,0,0,0,0,0,0,0,1,0,0,0,0,0,0,0,0,0,0
1335,American Buffalo,Drama,0,0,0,0,0,0,0,0,1,0,0,0,0,0,0,0,0,0,0
1336,Kazaam,"Children's,Comedy,Fantasy",0,0,0,0,1,1,0,0,0,1,0,0,0,0,0,0,0,0,0
1337,Larger Than Life,Comedy,0,0,0,0,0,1,0,0,0,0,0,0,0,0,0,0,0,0,0
1338,Two Deaths,Drama,0,0,0,0,0,0,0,0,1,0,0,0,0,0,0,0,0,0,0
1339,Stefano Quantestorie,"Comedy,Drama",0,0,0,0,0,1,0,0,1,0,0,0,0,0,0,0,0,0,0
1340,"Crude Oasis, The",Romance,0,0,0,0,0,0,0,0,0,0,0,0,0,0,1,0,0,0,0
1341,Hedd Wyn,Drama,0,0,0,0,0,0,0,0,1,0,0,0,0,0,0,0,0,0,0
1342,"Convent, The (Convento, O)",Drama,0,0,0,0,0,0,0,0,1,0,0,0,0,0,0,0,0,0,0
1343,Lotto Land,Drama,0,0,0,0,0,0,0,0,1,0,0,0,0,0,0,0,0,0,0
1344,"Story of Xinghua, The",Drama,0,0,0,0,0,0,0,0,1,0,0,0,0,0,0,0,0,0,0
1345,"Day the Sun Turned Cold, The (Tianguo niezi)",Drama,0,0,0,0,0,0,0,0,1,0,0,0,0,0,0,0,0,0,0
1346,Dingo,Drama,0,0,0,0,0,0,0,0,1,0,0,0,0,0,0,0,0,0,0
1347,"Ballad of Narayama, The (Narayama Bushiko)",Drama,0,0,0,0,0,0,0,0,1,0,0,0,0,0,0,0,0,0,0
1348,Every Other Weekend,Drama,0,0,0,0,0,0,0,0,1,0,0,0,0,0,0,0,0,0,0
1349,Mille bolle blu,Comedy,0,0,0,0,0,1,0,0,0,0,0,0,0,0,0,0,0,0,0
1350,Crows and Sparrows,Drama,0,0,0,0,0,0,0,0,1,0,0,0,0,0,0,0,0,0,0
1351,Lover's Knot,Comedy,0,0,0,0,0,1,0,0,0,0,0,0,0,0,0,0,0,0,0
1352,Shadow of Angels (Schatten der Engel),Drama,0,0,0,0,0,0,0,0,1,0,0,0,0,0,0,0,0,0,0
1353,1-900,Romance,0,0,0,0,0,0,0,0,0,0,0,0,0,0,1,0,0,0,0
1354,Venice/Venice,Drama,0,0,0,0,0,0,0,0,1,0,0,0,0,0,0,0,0,0,0
1355,Infinity,Drama,0,0,0,0,0,0,0,0,1,0,0,0,0,0,0,0,0,0,0
1356,Ed's Next Move,Comedy,0,0,0,0,0,1,0,0,0,0,0,0,0,0,0,0,0,0,0
1357,For the Moment,"Romance,War",0,0,0,0,0,0,0,0,0,0,0,0,0,0,1,0,0,1,0
1358,The Deadly Cure,Action,0,1,0,0,0,0,0,0,0,0,0,0,0,0,0,0,0,0,0
1359,Boys in Venice,Drama,0,0,0,0,0,0,0,0,1,0,0,0,0,0,0,0,0,0,0
1360,"Sexual Life of the Belgians, The",Comedy,0,0,0,0,0,1,0,0,0,0,0,0,0,0,0,0,0,0,0
1361,"Search for One-eye Jimmy, The",Comedy,0,0,0,0,0,1,0,0,0,0,0,0,0,0,0,0,0,0,0
1362,American Strays,Action,0,1,0,0,0,0,0,0,0,0,0,0,0,0,0,0,0,0,0
1363,"Leopard Son, The",Documentary,0,0,0,0,0,0,0,1,0,0,0,0,0,0,0,0,0,0,0
1364,Bird of Prey,Action,0,1,0,0,0,0,0,0,0,0,0,0,0,0,0,0,0,0,0
1365,Johnny 100 Pesos,"Action,Drama",0,1,0,0,0,0,0,0,1,0,0,0,0,0,0,0,0,0,0
1366,JLG/JLG - autoportrait de décembre,"Documentary,Drama",0,0,0,0,0,0,0,1,1,0,0,0,0,0,0,0,0,0,0
1367,Faust,Animation,0,0,0,1,0,0,0,0,0,0,0,0,0,0,0,0,0,0,0
1368,Mina Tannenbaum,Drama,0,0,0,0,0,0,0,0,1,0,0,0,0,0,0,0,0,0,0
1369,"Forbidden Christ, The (Cristo proibito, Il)",Drama,0,0,0,0,0,0,0,0,1,0,0,0,0,0,0,0,0,0,0
1370,I Can't Sleep (J'ai pas sommeil),"Drama,Thriller",0,0,0,0,0,0,0,0,1,0,0,0,0,0,0,0,1,0,0
1371,"Machine, The","Comedy,Horror",0,0,0,0,0,1,0,0,0,0,0,1,0,0,0,0,0,0,0
1372,"Stranger, The",Action,0,1,0,0,0,0,0,0,0,0,0,0,0,0,0,0,0,0,0
1373,Good Morning,unknown,1,0,0,0,0,0,0,0,0,0,0,0,0,0,0,0,0,0,0
1374,Falling in Love Again,Comedy,0,0,0,0,0,1,0,0,0,0,0,0,0,0,0,0,0,0,0
1375,"Cement Garden, The",Drama,0,0,0,0,0,0,0,0,1,0,0,0,0,0,0,0,0,0,0
1376,Meet Wally Sparks,Comedy,0,0,0,0,0,1,0,0,0,0,0,0,0,0,0,0,0,0,0
1377,Hotel de Love,"Comedy,Romance",0,0,0,0,0,1,0,0,0,0,0,0,0,0,1,0,0,0,0
1378,Rhyme & Reason,Documentary,0,0,0,0,0,0,0,1,0,0,0,0,0,0,0,0,0,0,0
1379,Love and Other Catastrophes,Romance,0,0,0,0,0,0,0,0,0,0,0,0,0,0,1,0,0,0,0
1380,Hollow Reed,Drama,0,0,0,0,0,0,0,0,1,0,0,0,0,0,0,0,0,0,0
1381,Losing Chase,Drama,0,0,0,0,0,0,0,0,1,0,0,0,0,0,0,0,0,0,0
1382,"Bonheur, Le",Drama,0,0,0,0,0,0,0,0,1,0,0,0,0,0,0,0,0,0,0
1383,"Second Jungle Book: Mowgli & Baloo, The","Adventure,Children's",0,0,1,0,1,0,0,0,0,0,0,0,0,0,0,0,0,0,0
1384,Squeeze,Drama,0,0,0,0,0,0,0,0,1,0,0,0,0,0,0,0,0,0,0
1385,Roseanna's Grave (For Roseanna),"Comedy,Romance",0,0,0,0,0,1,0,0,0,0,0,0,0,0,1,0,0,0,0
1386,Tetsuo II: Body Hammer,Sci-Fi,0,0,0,0,0,0,0,0,0,0,0,0,0,0,0,1,0,0,0
1387,Fall,Romance,0,0,0,0,0,0,0,0,0,0,0,0,0,0,1,0,0,0,0
1388,Gabbeh,Drama,0,0,0,0,0,0,0,0,1,0,0,0,0,0,0,0,0,0,0
1389,Mondo,Drama,0,0,0,0,0,0,0,0,1,0,0,0,0,0,0,0,0,0,0
1390,"Innocent Sleep, The",Crime,0,0,0,0,0,0,1,0,0,0,0,0,0,0,0,0,0,0,0
1391,For Ever Mozart,Drama,0,0,0,0,0,0,0,0,1,0,0,0,0,0,0,0,0,0,0
1392,"Locusts, The",Drama,0,0,0,0,0,0,0,0,1,0,0,0,0,0,0,0,0,0,0
1393,Stag,"Action,Thriller",0,1,0,0,0,0,0,0,0,0,0,0,0,0,0,0,1,0,0
1394,Swept from the Sea,Romance,0,0,0,0,0,0,0,0,0,0,0,0,0,0,1,0,0,0,0
1395,Hurricane Streets,Drama,0,0,0,0,0,0,0,0,1,0,0,0,0,0,0,0,0,0,0
1396,Stonewall,Drama,0,0,0,0,0,0,0,0,1,0,0,0,0,0,0,0,0,0,0
1397,Of Human Bondage,Drama,0,0,0,0,0,0,0,0,1,0,0,0,0,0,0,0,0,0,0
1398,Anna,Drama,0,0,0,0,0,0,0,0,1,0,0,0,0,0,0,0,0,0,0
1399,Stranger in the House,Thriller,0,0,0,0,0,0,0,0,0,0,0,0,0,0,0,0,1,0,0
1400,Picture Bride,"Drama,Romance",0,0,0,0,0,0,0,0,1,0,0,0,0,0,1,0,0,0,0
1401,M. Butterfly,Drama,0,0,0,0,0,0,0,0,1,0,0,0,0,0,0,0,0,0,0
1402,"Ciao, Professore!",Drama,0,0,0,0,0,0,0,0,1,0,0,0,0,0,0,0,0,0,0
1403,Caro Diario (Dear Diary),"Comedy,Drama",0,0,0,0,0,1,0,0,1,0,0,0,0,0,0,0,0,0,0
1404,Withnail and I,Comedy,0,0,0,0,0,1,0,0,0,0,0,0,0,0,0,0,0,0,0
1405,Boy's Life 2,Drama,0,0,0,0,0,0,0,0,1,0,0,0,0,0,0,0,0,0,0
1406,When Night Is Falling,"Drama,Romance",0,0,0,0,0,0,0,0,1,0,0,0,0,0,1,0,0,0,0
1407,"Specialist, The",Action,0,1,0,0,0,0,0,0,0,0,0,0,0,0,0,0,0,0,0
1408,Gordy,Comedy,0,0,0,0,0,1,0,0,0,0,0,0,0,0,0,0,0,0,0
1409,"Swan Princess, The","Animation,Children's",0,0,0,1,1,0,0,0,0,0,0,0,0,0,0,0,0,0,0
1410,Harlem,Drama,0,0,0,0,0,0,0,0,1,0,0,0,0,0,0,0,0,0,0
1411,Barbarella,"Adventure,Sci-Fi",0,0,1,0,0,0,0,0,0,0,0,0,0,0,0,1,0,0,0
1412,Land Before Time III: The Time of the Great Giving (1995) (V),"Animation,Children's",0,0,0,1,1,0,0,0,0,0,0,0,0,0,0,0,0,0,0
1413,Street Fighter,Action,0,1,0,0,0,0,0,0,0,0,0,0,0,0,0,0,0,0,0
1414,Coldblooded,Action,0,1,0,0,0,0,0,0,0,0,0,0,0,0,0,0,0,0,0
1415,"Next Karate Kid, The","Action,Children's",0,1,0,0,1,0,0,0,0,0,0,0,0,0,0,0,0,0,0
1416,No Escape,"Action,Sci-Fi",0,1,0,0,0,0,0,0,0,0,0,0,0,0,0,1,0,0,0
1417,"Turning, The",Drama,0,0,0,0,0,0,0,0,1,0,0,0,0,0,0,0,0,0,0
1418,"Joy Luck Club, The",Drama,0,0,0,0,0,0,0,0,1,0,0,0,0,0,0,0,0,0,0
1419,Highlander III: The Sorcerer,"Action,Sci-Fi",0,1,0,0,0,0,0,0,0,0,0,0,0,0,0,1,0,0,0
1420,Gilligan's Island: The Movie,Comedy,0,0,0,0,0,1,0,0,0,0,0,0,0,0,0,0,0,0,0
1421,My Crazy Life (Mi vida loca),Drama,0,0,0,0,0,0,0,0,1,0,0,0,0,0,0,0,0,0,0
1422,Suture,"Film-Noir,Thriller",0,0,0,0,0,0,0,0,0,0,1,0,0,0,0,0,1,0,0
1423,"Walking Dead, The","Drama,War",0,0,0,0,0,0,0,0,1,0,0,0,0,0,0,0,0,1,0
1424,I Like It Like That,"Comedy,Drama,Romance",0,0,0,0,0,1,0,0,1,0,0,0,0,0,1,0,0,0,0
1425,I'll Do Anything,"Comedy,Drama",0,0,0,0,0,1,0,0,1,0,0,0,0,0,0,0,0,0,0
1426,Grace of My Heart,"Comedy,Drama",0,0,0,0,0,1,0,0,1,0,0,0,0,0,0,0,0,0,0
1427,Drunks,Drama,0,0,0,0,0,0,0,0,1,0,0,0,0,0,0,0,0,0,0
1428,SubUrbia,Comedy,0,0,0,0,0,1,0,0,0,0,0,0,0,0,0,0,0,0,0
1429,Sliding Doors,"Drama,Romance",0,0,0,0,0,0,0,0,1,0,0,0,0,0,1,0,0,0,0
1430,Ill Gotten Gains,Drama,0,0,0,0,0,0,0,0,1,0,0,0,0,0,0,0,0,0,0
1431,Legal Deceit,Thriller,0,0,0,0,0,0,0,0,0,0,0,0,0,0,0,0,1,0,0
1432,"Mighty, The",Drama,0,0,0,0,0,0,0,0,1,0,0,0,0,0,0,0,0,0,0
1433,Men of Means,"Action,Drama",0,1,0,0,0,0,0,0,1,0,0,0,0,0,0,0,0,0,0
1434,Shooting Fish,Romance,0,0,0,0,0,0,0,0,0,0,0,0,0,0,1,0,0,0,0
1435,"Steal Big, Steal Little",Comedy,0,0,0,0,0,1,0,0,0,0,0,0,0,0,0,0,0,0,0
1436,Mr. Jones,"Drama,Romance",0,0,0,0,0,0,0,0,1,0,0,0,0,0,1,0,0,0,0
1437,House Party 3,Comedy,0,0,0,0,0,1,0,0,0,0,0,0,0,0,0,0,0,0,0
1438,Panther,Drama,0,0,0,0,0,0,0,0,1,0,0,0,0,0,0,0,0,0,0
1439,Jason's Lyric,"Crime,Drama",0,0,0,0,0,0,1,0,1,0,0,0,0,0,0,0,0,0,0
1440,Above the Rim,Drama,0,0,0,0,0,0,0,0,1,0,0,0,0,0,0,0,0,0,0
1441,Moonlight and Valentino,"Drama,Romance",0,0,0,0,0,0,0,0,1,0,0,0,0,0,1,0,0,0,0
1442,"Scarlet Letter, The",Drama,0,0,0,0,0,0,0,0,1,0,0,0,0,0,0,0,0,0,0
1443,8 Seconds,Drama,0,0,0,0,0,0,0,0,1,0,0,0,0,0,0,0,0,0,0
1444,That Darn Cat!,"Children's,Comedy,Mystery",0,0,0,0,1,1,0,0,0,0,0,0,0,1,0,0,0,0,0
1445,Ladybird Ladybird,Drama,0,0,0,0,0,0,0,0,1,0,0,0,0,0,0,0,0,0,0
1446,"Bye Bye, Love",Comedy,0,0,0,0,0,1,0,0,0,0,0,0,0,0,0,0,0,0,0
1447,Century,Drama,0,0,0,0,0,0,0,0,1,0,0,0,0,0,0,0,0,0,0
1448,My Favorite Season,Drama,0,0,0,0,0,0,0,0,1,0,0,0,0,0,0,0,0,0,0
1449,Pather Panchali,Drama,0,0,0,0,0,0,0,0,1,0,0,0,0,0,0,0,0,0,0
1450,Golden Earrings,"Adventure,Romance",0,0,1,0,0,0,0,0,0,0,0,0,0,0,1,0,0,0,0
1451,Foreign Correspondent,Thriller,0,0,0,0,0,0,0,0,0,0,0,0,0,0,0,0,1,0,0
1452,Lady of Burlesque,"Comedy,Mystery",0,0,0,0,0,1,0,0,0,0,0,0,0,1,0,0,0,0,0
1453,Angel on My Shoulder,"Crime,Drama",0,0,0,0,0,0,1,0,1,0,0,0,0,0,0,0,0,0,0
1454,Angel and the Badman,Western,0,0,0,0,0,0,0,0,0,0,0,0,0,0,0,0,0,0,1
1455,"Outlaw, The",Western,0,0,0,0,0,0,0,0,0,0,0,0,0,0,0,0,0,0,1
1456,Beat the Devil,"Comedy,Drama",0,0,0,0,0,1,0,0,1,0,0,0,0,0,0,0,0,0,0
1457,Love Is All There Is,"Comedy,Drama",0,0,0,0,0,1,0,0,1,0,0,0,0,0,0,0,0,0,0
1458,"Damsel in Distress, A","Comedy,Musical,Romance",0,0,0,0,0,1,0,0,0,0,0,0,1,0,1,0,0,0,0
1459,Madame Butterfly,Musical,0,0,0,0,0,0,0,0,0,0,0,0,1,0,0,0,0,0,0
1460,Sleepover,"Comedy,Drama",0,0,0,0,0,1,0,0,1,0,0,0,0,0,0,0,0,0,0
1461,Here Comes Cookie,Comedy,0,0,0,0,0,1,0,0,0,0,0,0,0,0,0,0,0,0,0
1462,"Thieves (Voleurs, Les)","Crime,Drama,Romance",0,0,0,0,0,0,1,0,1,0,0,0,0,0,1,0,0,0,0
1463,"Boys, Les",Comedy,0,0,0,0,0,1,0,0,0,0,0,0,0,0,0,0,0,0,0
1464,"Stars Fell on Henrietta, The",Drama,0,0,0,0,0,0,0,0,1,0,0,0,0,0,0,0,0,0,0
1465,Last Summer in the Hamptons,"Comedy,Drama",0,0,0,0,0,1,0,0,1,0,0,0,0,0,0,0,0,0,0
1466,Margaret's Museum,Drama,0,0,0,0,0,0,0,0,1,0,0,0,0,0,0,0,0,0,0
1467,"Saint of Fort Washington, The",Drama,0,0,0,0,0,0,0,0,1,0,0,0,0,0,0,0,0,0,0
1468,"Cure, The",Drama,0,0,0,0,0,0,0,0,1,0,0,0,0,0,0,0,0,0,0
1469,Tom and Huck,"Adventure,Children's",0,0,1,0,1,0,0,0,0,0,0,0,0,0,0,0,0,0,0
1470,Gumby: The Movie,"Animation,Children's",0,0,0,1,1,0,0,0,0,0,0,0,0,0,0,0,0,0,0
1471,Hideaway,Thriller,0,0,0,0,0,0,0,0,0,0,0,0,0,0,0,0,1,0,0
1472,"Visitors, The (Visiteurs, Les)","Comedy,Sci-Fi",0,0,0,0,0,1,0,0,0,0,0,0,0,0,0,1,0,0,0
1473,"Little Princess, The","Children's,Drama",0,0,0,0,1,0,0,0,1,0,0,0,0,0,0,0,0,0,0
1474,Nina Takes a Lover,"Comedy,Romance",0,0,0,0,0,1,0,0,0,0,0,0,0,0,1,0,0,0,0
1475,Bhaji on the Beach,"Comedy,Drama",0,0,0,0,0,1,0,0,1,0,0,0,0,0,0,0,0,0,0
1476,Raw Deal,Film-Noir,0,0,0,0,0,0,0,0,0,0,1,0,0,0,0,0,0,0,0
1477,Nightwatch,"Horror,Thriller",0,0,0,0,0,0,0,0,0,0,0,1,0,0,0,0,1,0,0
1478,Dead Presidents,"Action,Crime,Drama",0,1,0,0,0,0,1,0,1,0,0,0,0,0,0,0,0,0,0
1479,Reckless,Comedy,0,0,0,0,0,1,0,0,0,0,0,0,0,0,0,0,0,0,0
1480,Herbie Rides Again,"Adventure,Children's,Comedy",0,0,1,0,1,1,0,0,0,0,0,0,0,0,0,0,0,0,0
1481,S.F.W.,Drama,0,0,0,0,0,0,0,0,1,0,0,0,0,0,0,0,0,0,0
1482,"Gate of Heavenly Peace, The",Documentary,0,0,0,0,0,0,0,1,0,0,0,0,0,0,0,0,0,0,0
1483,"Man in the Iron Mask, The","Action,Drama,Romance",0,1,0,0,0,0,0,0,1,0,0,0,0,0,1,0,0,0,0
1484,"Jerky Boys, The","Action,Comedy",0,1,0,0,0,1,0,0,0,0,0,0,0,0,0,0,0,0,0
1485,"Colonel Chabert, Le","Drama,Romance,War",0,0,0,0,0,0,0,0,1,0,0,0,0,0,1,0,0,1,0
1486,Girl in the Cadillac,Drama,0,0,0,0,0,0,0,0,1,0,0,0,0,0,0,0,0,0,0
1487,Even Cowgirls Get the Blues,"Comedy,Romance",0,0,0,0,0,1,0,0,0,0,0,0,0,0,1,0,0,0,0
1488,Germinal,Drama,0,0,0,0,0,0,0,0,1,0,0,0,0,0,0,0,0,0,0
1489,Chasers,Comedy,0,0,0,0,0,1,0,0,0,0,0,0,0,0,0,0,0,0,0
1490,Fausto,Comedy,0,0,0,0,0,1,0,0,0,0,0,0,0,0,0,0,0,0,0
1491,Tough and Deadly,"Action,Drama,Thriller",0,1,0,0,0,0,0,0,1,0,0,0,0,0,0,0,1,0,0
1492,Window to Paris,Comedy,0,0,0,0,0,1,0,0,0,0,0,0,0,0,0,0,0,0,0
1493,"Modern Affair, A",Romance,0,0,0,0,0,0,0,0,0,0,0,0,0,0,1,0,0,0,0
1494,"Mostro, Il",Comedy,0,0,0,0,0,1,0,0,0,0,0,0,0,0,0,0,0,0,0
1495,Flirt,Drama,0,0,0,0,0,0,0,0,1,0,0,0,0,0,0,0,0,0,0
1496,Carpool,"Comedy,Crime",0,0,0,0,0,1,1,0,0,0,0,0,0,0,0,0,0,0,0
1497,"Line King: Al Hirschfeld, The",Documentary,0,0,0,0,0,0,0,1,0,0,0,0,0,0,0,0,0,0,0
1498,Farmer & Chase,Comedy,0,0,0,0,0,1,0,0,0,0,0,0,0,0,0,0,0,0,0
1499,Grosse Fatigue,Comedy,0,0,0,0,0,1,0,0,0,0,0,0,0,0,0,0,0,0,0
1500,Santa with Muscles,Comedy,0,0,0,0,0,1,0,0,0,0,0,0,0,0,0,0,0,0,0
1501,Prisoner of the Mountains (Kavkazsky Plennik),War,0,0,0,0,0,0,0,0,0,0,0,0,0,0,0,0,0,1,0
1502,Naked in New York,"Comedy,Romance",0,0,0,0,0,1,0,0,0,0,0,0,0,0,1,0,0,0,0
1503,Gold Diggers: The Secret of Bear Mountain,"Adventure,Children's",0,0,1,0,1,0,0,0,0,0,0,0,0,0,0,0,0,0,0
1504,"Bewegte Mann, Der",Comedy,0,0,0,0,0,1,0,0,0,0,0,0,0,0,0,0,0,0,0
1505,Killer: A Journal of Murder,"Crime,Drama",0,0,0,0,0,0,1,0,1,0,0,0,0,0,0,0,0,0,0
1506,Nelly & Monsieur Arnaud,Drama,0,0,0,0,0,0,0,0,1,0,0,0,0,0,0,0,0,0,0
1507,Three Lives and Only One Death,Comedy,0,0,0,0,0,1,0,0,0,0,0,0,0,0,0,0,0,0,0
1508,"Babysitter, The","Drama,Thriller",0,0,0,0,0,0,0,0,1,0,0,0,0,0,0,0,1,0,0
1509,Getting Even with Dad,Comedy,0,0,0,0,0,1,0,0,0,0,0,0,0,0,0,0,0,0,0
1510,Mad Dog Time,Crime,0,0,0,0,0,0,1,0,0,0,0,0,0,0,0,0,0,0,0
1511,Children of the Revolution,Comedy,0,0,0,0,0,1,0,0,0,0,0,0,0,0,0,0,0,0,0
1512,"World of Apu, The (Apur Sansar)",Drama,0,0,0,0,0,0,0,0,1,0,0,0,0,0,0,0,0,0,0
1513,Sprung,Comedy,0,0,0,0,0,1,0,0,0,0,0,0,0,0,0,0,0,0,0
1514,Dream With the Fishes,Drama,0,0,0,0,0,0,0,0,1,0,0,0,0,0,0,0,0,0,0
1515,Wings of Courage,"Adventure,Romance",0,0,1,0,0,0,0,0,0,0,0,0,0,0,1,0,0,0,0
1516,"Wedding Gift, The",Drama,0,0,0,0,0,0,0,0,1,0,0,0,0,0,0,0,0,0,0
1517,Race the Sun,Drama,0,0,0,0,0,0,0,0,1,0,0,0,0,0,0,0,0,0,0
1518,Losing Isaiah,Drama,0,0,0,0,0,0,0,0,1,0,0,0,0,0,0,0,0,0,0
1519,New Jersey Drive,"Crime,Drama",0,0,0,0,0,0,1,0,1,0,0,0,0,0,0,0,0,0,0
1520,"Fear, The",Horror,0,0,0,0,0,0,0,0,0,0,0,1,0,0,0,0,0,0,0
1521,Mr. Wonderful,"Comedy,Romance",0,0,0,0,0,1,0,0,0,0,0,0,0,0,1,0,0,0,0
1522,Trial by Jury,Thriller,0,0,0,0,0,0,0,0,0,0,0,0,0,0,0,0,1,0,0
1523,"Good Man in Africa, A","Action,Adventure",0,1,1,0,0,0,0,0,0,0,0,0,0,0,0,0,0,0,0
1524,Kaspar Hauser,Drama,0,0,0,0,0,0,0,0,1,0,0,0,0,0,0,0,0,0,0
1525,"Object of My Affection, The","Comedy,Romance",0,0,0,0,0,1,0,0,0,0,0,0,0,0,1,0,0,0,0
1526,Witness,"Drama,Romance,Thriller",0,0,0,0,0,0,0,0,1,0,0,0,0,0,1,0,1,0,0
1527,Senseless,Comedy,0,0,0,0,0,1,0,0,0,0,0,0,0,0,0,0,0,0,0
1528,Nowhere,Drama,0,0,0,0,0,0,0,0,1,0,0,0,0,0,0,0,0,0,0
1529,Underground,War,0,0,0,0,0,0,0,0,0,0,0,0,0,0,0,0,0,1,0
1530,Jefferson in Paris,Drama,0,0,0,0,0,0,0,0,1,0,0,0,0,0,0,0,0,0,0
1531,Far From Home: The Adventures of Yellow Dog,"Adventure,Children's",0,0,1,0,1,0,0,0,0,0,0,0,0,0,0,0,0,0,0
1532,Foreign Student,Drama,0,0,0,0,0,0,0,0,1,0,0,0,0,0,0,0,0,0,0
1533,I Don't Want to Talk About It (De eso no se habla),Drama,0,0,0,0,0,0,0,0,1,0,0,0,0,0,0,0,0,0,0
1534,Twin Town,"Comedy,Crime",0,0,0,0,0,1,1,0,0,0,0,0,0,0,0,0,0,0,0
1535,"Enfer, L'",Drama,0,0,0,0,0,0,0,0,1,0,0,0,0,0,0,0,0,0,0
1536,Aiqing wansui,Drama,0,0,0,0,0,0,0,0,1,0,0,0,0,0,0,0,0,0,0
1537,Cosi,Comedy,0,0,0,0,0,1,0,0,0,0,0,0,0,0,0,0,0,0,0
1538,All Over Me,Drama,0,0,0,0,0,0,0,0,1,0,0,0,0,0,0,0,0,0,0
1539,Being Human,Drama,0,0,0,0,0,0,0,0,1,0,0,0,0,0,0,0,0,0,0
1540,"Amazing Panda Adventure, The","Adventure,Children's",0,0,1,0,1,0,0,0,0,0,0,0,0,0,0,0,0,0,0
1541,"Beans of Egypt, Maine, The",Drama,0,0,0,0,0,0,0,0,1,0,0,0,0,0,0,0,0,0,0
1542,"Scarlet Letter, The",Drama,0,0,0,0,0,0,0,0,1,0,0,0,0,0,0,0,0,0,0
1543,Johns,Drama,0,0,0,0,0,0,0,0,1,0,0,0,0,0,0,0,0,0,0
1544,It Takes Two,Comedy,0,0,0,0,0,1,0,0,0,0,0,0,0,0,0,0,0,0,0
1545,Frankie Starlight,"Drama,Romance",0,0,0,0,0,0,0,0,1,0,0,0,0,0,1,0,0,0,0
1546,Shadows (Cienie),Drama,0,0,0,0,0,0,0,0,1,0,0,0,0,0,0,0,0,0,0
1547,"Show, The",Documentary,0,0,0,0,0,0,0,1,0,0,0,0,0,0,0,0,0,0,0
1548,The Courtyard,"Action,Thriller",0,1,0,0,0,0,0,0,0,0,0,0,0,0,0,0,1,0,0
1549,Dream Man,Thriller,0,0,0,0,0,0,0,0,0,0,0,0,0,0,0,0,1,0,0
1550,Destiny Turns on the Radio,Comedy,0,0,0,0,0,1,0,0,0,0,0,0,0,0,0,0,0,0,0
1551,"Glass Shield, The",Drama,0,0,0,0,0,0,0,0,1,0,0,0,0,0,0,0,0,0,0
1552,"Hunted, The",Action,0,1,0,0,0,0,0,0,0,0,0,0,0,0,0,0,0,0,0
1553,"Underneath, The","Mystery,Thriller",0,0,0,0,0,0,0,0,0,0,0,0,0,1,0,0,1,0,0
1554,Safe Passage,Drama,0,0,0,0,0,0,0,0,1,0,0,0,0,0,0,0,0,0,0
1555,"Secret Adventures of Tom Thumb, The","Adventure,Children's",0,0,1,0,1,0,0,0,0,0,0,0,0,0,0,0,0,0,0
1556,Condition Red,"Action,Drama,Thriller",0,1,0,0,0,0,0,0,1,0,0,0,0,0,0,0,1,0,0
1557,Yankee Zulu,"Comedy,Drama",0,0,0,0,0,1,0,0,1,0,0,0,0,0,0,0,0,0,0
1558,Aparajito,Drama,0,0,0,0,0,0,0,0,1,0,0,0,0,0,0,0,0,0,0
1559,Hostile Intentions,"Action,Drama,Thriller",0,1,0,0,0,0,0,0,1,0,0,0,0,0,0,0,1,0,0
1560,Clean Slate (Coup de Torchon),Crime,0,0,0,0,0,0,1,0,0,0,0,0,0,0,0,0,0,0,0
1561,Tigrero: A Film That Was Never Made,"Documentary,Drama",0,0,0,0,0,0,0,1,1,0,0,0,0,0,0,0,0,0,0
1562,"Eye of Vichy, The (Oeil de Vichy, L')",Documentary,0,0,0,0,0,0,0,1,0,0,0,0,0,0,0,0,0,0,0
1563,"Promise, The (Versprechen, Das)",Romance,0,0,0,0,0,0,0,0,0,0,0,0,0,0,1,0,0,0,0
1564,To Cross the Rubicon,Drama,0,0,0,0,0,0,0,0,1,0,0,0,0,0,0,0,0,0,0
1565,Daens,Drama,0,0,0,0,0,0,0,0,1,0,0,0,0,0,0,0,0,0,0
1566,"Man from Down Under, The",Drama,0,0,0,0,0,0,0,0,1,0,0,0,0,0,0,0,0,0,0
1567,Careful,Comedy,0,0,0,0,0,1,0,0,0,0,0,0,0,0,0,0,0,0,0
1568,Vermont Is For Lovers,"Comedy,Romance",0,0,0,0,0,1,0,0,0,0,0,0,0,0,1,0,0,0,0
1569,"Vie est belle, La (Life is Rosey)","Comedy,Drama",0,0,0,0,0,1,0,0,1,0,0,0,0,0,0,0,0,0,0
1570,Quartier Mozart,Comedy,0,0,0,0,0,1,0,0,0,0,0,0,0,0,0,0,0,0,0
1571,Touki Bouki (Journey of the Hyena),Drama,0,0,0,0,0,0,0,0,1,0,0,0,0,0,0,0,0,0,0
1572,Wend Kuuni (God's Gift),Drama,0,0,0,0,0,0,0,0,1,0,0,0,0,0,0,0,0,0,0
1573,Spirits of the Dead (Tre passi nel delirio),Horror,0,0,0,0,0,0,0,0,0,0,0,1,0,0,0,0,0,0,0
1574,Pharaoh's Army,War,0,0,0,0,0,0,0,0,0,0,0,0,0,0,0,0,0,1,0
1575,"I, Worst of All (Yo, la peor de todas)",Drama,0,0,0,0,0,0,0,0,1,0,0,0,0,0,0,0,0,0,0
1576,"Hungarian Fairy Tale, A",Fantasy,0,0,0,0,0,0,0,0,0,1,0,0,0,0,0,0,0,0,0
1577,"Death in the Garden (Mort en ce jardin, La)",Drama,0,0,0,0,0,0,0,0,1,0,0,0,0,0,0,0,0,0,0
1578,"Collectionneuse, La",Drama,0,0,0,0,0,0,0,0,1,0,0,0,0,0,0,0,0,0,0
1579,Baton Rouge,Thriller,0,0,0,0,0,0,0,0,0,0,0,0,0,0,0,0,1,0,0
1580,Liebelei,Romance,0,0,0,0,0,0,0,0,0,0,0,0,0,0,1,0,0,0,0
1581,"Woman in Question, The",Mystery,0,0,0,0,0,0,0,0,0,0,0,0,0,1,0,0,0,0,0
1582,T-Men,Film-Noir,0,0,0,0,0,0,0,0,0,0,1,0,0,0,0,0,0,0,0
1583,"Invitation, The (Zaproszenie)",Drama,0,0,0,0,0,0,0,0,1,0,0,0,0,0,0,0,0,0,0
1584,"Symphonie pastorale, La",Drama,0,0,0,0,0,0,0,0,1,0,0,0,0,0,0,0,0,0,0
1585,American Dream,Documentary,0,0,0,0,0,0,0,1,0,0,0,0,0,0,0,0,0,0,0
1586,Lashou shentan,"Action,Crime,Drama",0,1,0,0,0,0,1,0,1,0,0,0,0,0,0,0,0,0,0
1587,Terror in a Texas Town,Western,0,0,0,0,0,0,0,0,0,0,0,0,0,0,0,0,0,0,1
1588,Salut cousin!,"Comedy,Drama",0,0,0,0,0,1,0,0,1,0,0,0,0,0,0,0,0,0,0
1589,Schizopolis,Comedy,0,0,0,0,0,1,0,0,0,0,0,0,0,0,0,0,0,0,0
1590,"To Have, or Not",Drama,0,0,0,0,0,0,0,0,1,0,0,0,0,0,0,0,0,0,0
1591,Duoluo tianshi,Drama,0,0,0,0,0,0,0,0,1,0,0,0,0,0,0,0,0,0,0
1592,"Magic Hour, The",Drama,0,0,0,0,0,0,0,0,1,0,0,0,0,0,0,0,0,0,0
1593,Death in Brunswick,Comedy,0,0,0,0,0,1,0,0,0,0,0,0,0,0,0,0,0,0,0
1594,Everest,Documentary,0,0,0,0,0,0,0,1,0,0,0,0,0,0,0,0,0,0,0
1595,Shopping,"Action,Thriller",0,1,0,0,0,0,0,0,0,0,0,0,0,0,0,0,1,0,0
1596,Nemesis 2: Nebula,"Action,Sci-Fi,Thriller",0,1,0,0,0,0,0,0,0,0,0,0,0,0,0,1,1,0,0
1597,Romper Stomper,"Action,Drama",0,1,0,0,0,0,0,0,1,0,0,0,0,0,0,0,0,0,0
1598,City of Industry,"Crime,Thriller",0,0,0,0,0,0,1,0,0,0,0,0,0,0,0,0,1,0,0
1599,Someone Else's America,Drama,0,0,0,0,0,0,0,0,1,0,0,0,0,0,0,0,0,0,0
1600,Guantanamera,Comedy,0,0,0,0,0,1,0,0,0,0,0,0,0,0,0,0,0,0,0
1601,Office Killer,Thriller,0,0,0,0,0,0,0,0,0,0,0,0,0,0,0,0,1,0,0
1602,"Price Above Rubies, A",Drama,0,0,0,0,0,0,0,0,1,0,0,0,0,0,0,0,0,0,0
1603,Angela,Drama,0,0,0,0,0,0,0,0,1,0,0,0,0,0,0,0,0,0,0
1604,He Walked by Night,"Crime,Film-Noir,Thriller",0,0,0,0,0,0,1,0,0,0,1,0,0,0,0,0,1,0,0
1605,Love Serenade,Comedy,0,0,0,0,0,1,0,0,0,0,0,0,0,0,0,0,0,0,0
1606,Deceiver,Crime,0,0,0,0,0,0,1,0,0,0,0,0,0,0,0,0,0,0,0
1607,Hurricane Streets,Drama,0,0,0,0,0,0,0,0,1,0,0,0,0,0,0,0,0,0,0
1608,Buddy,"Adventure,Children's,Drama",0,0,1,0,1,0,0,0,1,0,0,0,0,0,0,0,0,0,0
1609,B*A*P*S,Comedy,0,0,0,0,0,1,0,0,0,0,0,0,0,0,0,0,0,0,0
1610,"Truth or Consequences, N.M.","Action,Crime,Romance",0,1,0,0,0,0,1,0,0,0,0,0,0,0,1,0,0,0,0
1611,Intimate Relations,Comedy,0,0,0,0,0,1,0,0,0,0,0,0,0,0,0,0,0,0,0
1612,"Leading Man, The",Romance,0,0,0,0,0,0,0,0,0,0,0,0,0,0,1,0,0,0,0
1613,Tokyo Fist,"Action,Drama",0,1,0,0,0,0,0,0,1,0,0,0,0,0,0,0,0,0,0
1614,"Reluctant Debutante, The","Comedy,Drama",0,0,0,0,0,1,0,0,1,0,0,0,0,0,0,0,0,0,0
1615,Warriors of Virtue,"Action,Adventure,Children's,Fantasy",0,1,1,0,1,0,0,0,0,1,0,0,0,0,0,0,0,0,0
1616,Desert Winds,Drama,0,0,0,0,0,0,0,0,1,0,0,0,0,0,0,0,0,0,0
1617,Hugo Pool,Romance,0,0,0,0,0,0,0,0,0,0,0,0,0,0,1,0,0,0,0
1618,King of New York,"Action,Crime",0,1,0,0,0,0,1,0,0,0,0,0,0,0,0,0,0,0,0
1619,All Things Fair,Drama,0,0,0,0,0,0,0,0,1,0,0,0,0,0,0,0,0,0,0
1620,"Sixth Man, The",Comedy,0,0,0,0,0,1,0,0,0,0,0,0,0,0,0,0,0,0,0
1621,Butterfly Kiss,Thriller,0,0,0,0,0,0,0,0,0,0,0,0,0,0,0,0,1,0,0
1622,"Paris, France",Comedy,0,0,0,0,0,1,0,0,0,0,0,0,0,0,0,0,0,0,0
1623,"Cérémonie, La",Drama,0,0,0,0,0,0,0,0,1,0,0,0,0,0,0,0,0,0,0
1624,Hush,Thriller,0,0,0,0,0,0,0,0,0,0,0,0,0,0,0,0,1,0,0
1625,Nightwatch,"Horror,Thriller",0,0,0,0,0,0,0,0,0,0,0,1,0,0,0,0,1,0,0
1626,Nobody Loves Me (Keiner liebt mich),"Comedy,Drama",0,0,0,0,0,1,0,0,1,0,0,0,0,0,0,0,0,0,0
1627,"Wife, The","Comedy,Drama",0,0,0,0,0,1,0,0,1,0,0,0,0,0,0,0,0,0,0
1628,Lamerica,Drama,0,0,0,0,0,0,0,0,1,0,0,0,0,0,0,0,0,0,0
1629,Nico Icon,Documentary,0,0,0,0,0,0,0,1,0,0,0,0,0,0,0,0,0,0,0
1630,"Silence of the Palace, The (Saimt el Qusur)",Drama,0,0,0,0,0,0,0,0,1,0,0,0,0,0,0,0,0,0,0
1631,"Slingshot, The","Comedy,Drama",0,0,0,0,0,1,0,0,1,0,0,0,0,0,0,0,0,0,0
1632,Land and Freedom (Tierra y libertad),War,0,0,0,0,0,0,0,0,0,0,0,0,0,0,0,0,0,1,0
1633,Á köldum klaka (Cold Fever),"Comedy,Drama",0,0,0,0,0,1,0,0,1,0,0,0,0,0,0,0,0,0,0
1634,Etz Hadomim Tafus (Under the Domin Tree),Drama,0,0,0,0,0,0,0,0,1,0,0,0,0,0,0,0,0,0,0
1635,Two Friends (1986) ,Drama,0,0,0,0,0,0,0,0,1,0,0,0,0,0,0,0,0,0,0
1636,Brothers in Trouble,Drama,0,0,0,0,0,0,0,0,1,0,0,0,0,0,0,0,0,0,0
1637,Girls Town,Drama,0,0,0,0,0,0,0,0,1,0,0,0,0,0,0,0,0,0,0
1638,Normal Life,"Crime,Drama",0,0,0,0,0,0,1,0,1,0,0,0,0,0,0,0,0,0,0
1639,Bitter Sugar (Azucar Amargo),Drama,0,0,0,0,0,0,0,0,1,0,0,0,0,0,0,0,0,0,0
1640,"Eighth Day, The",Drama,0,0,0,0,0,0,0,0,1,0,0,0,0,0,0,0,0,0,0
1641,Dadetown,Documentary,0,0,0,0,0,0,0,1,0,0,0,0,0,0,0,0,0,0,0
1642,Some Mother's Son,Drama,0,0,0,0,0,0,0,0,1,0,0,0,0,0,0,0,0,0,0
1643,Angel Baby,Drama,0,0,0,0,0,0,0,0,1,0,0,0,0,0,0,0,0,0,0
1644,Sudden Manhattan,Comedy,0,0,0,0,0,1,0,0,0,0,0,0,0,0,0,0,0,0,0
1645,"Butcher Boy, The",Drama,0,0,0,0,0,0,0,0,1,0,0,0,0,0,0,0,0,0,0
1646,Men With Guns,"Action,Drama",0,1,0,0,0,0,0,0,1,0,0,0,0,0,0,0,0,0,0
1647,Hana-bi,"Comedy,Crime,Drama",0,0,0,0,0,1,1,0,1,0,0,0,0,0,0,0,0,0,0
1648,"Niagara, Niagara",Drama,0,0,0,0,0,0,0,0,1,0,0,0,0,0,0,0,0,0,0
1649,"Big One, The","Comedy,Documentary",0,0,0,0,0,1,0,1,0,0,0,0,0,0,0,0,0,0,0
1650,"Butcher Boy, The",Drama,0,0,0,0,0,0,0,0,1,0,0,0,0,0,0,0,0,0,0
1651,"Spanish Prisoner, The","Drama,Thriller",0,0,0,0,0,0,0,0,1,0,0,0,0,0,0,0,1,0,0
1652,Temptress Moon (Feng Yue),Romance,0,0,0,0,0,0,0,0,0,0,0,0,0,0,1,0,0,0,0
1653,Entertaining Angels: The Dorothy Day Story,Drama,0,0,0,0,0,0,0,0,1,0,0,0,0,0,0,0,0,0,0
1654,Chairman of the Board,Comedy,0,0,0,0,0,1,0,0,0,0,0,0,0,0,0,0,0,0,0
1655,"Favor, The","Comedy,Romance",0,0,0,0,0,1,0,0,0,0,0,0,0,0,1,0,0,0,0
1656,Little City,"Comedy,Romance",0,0,0,0,0,1,0,0,0,0,0,0,0,0,1,0,0,0,0
1657,Target,"Action,Drama",0,1,0,0,0,0,0,0,1,0,0,0,0,0,0,0,0,0,0
1658,"Substance of Fire, The",Drama,0,0,0,0,0,0,0,0,1,0,0,0,0,0,0,0,0,0,0
1659,Getting Away With Murder,Comedy,0,0,0,0,0,1,0,0,0,0,0,0,0,0,0,0,0,0,0
1660,Small Faces,Drama,0,0,0,0,0,0,0,0,1,0,0,0,0,0,0,0,0,0,0
1661,"New Age, The",Drama,0,0,0,0,0,0,0,0,1,0,0,0,0,0,0,0,0,0,0
1662,Rough Magic,"Drama,Romance",0,0,0,0,0,0,0,0,1,0,0,0,0,0,1,0,0,0,0
1663,Nothing Personal,"Drama,War",0,0,0,0,0,0,0,0,1,0,0,0,0,0,0,0,0,1,0
1664,8 Heads in a Duffel Bag,Comedy,0,0,0,0,0,1,0,0,0,0,0,0,0,0,0,0,0,0,0
1665,"Brother's Kiss, A",Drama,0,0,0,0,0,0,0,0,1,0,0,0,0,0,0,0,0,0,0
1666,Ripe,Drama,0,0,0,0,0,0,0,0,1,0,0,0,0,0,0,0,0,0,0
1667,"Next Step, The",Drama,0,0,0,0,0,0,0,0,1,0,0,0,0,0,0,0,0,0,0
1668,Wedding Bell Blues,Comedy,0,0,0,0,0,1,0,0,0,0,0,0,0,0,0,0,0,0,0
1669,MURDER and murder,"Crime,Drama,Mystery",0,0,0,0,0,0,1,0,1,0,0,0,0,1,0,0,0,0,0
1670,Tainted,"Comedy,Thriller",0,0,0,0,0,1,0,0,0,0,0,0,0,0,0,0,1,0,0
1671,"Further Gesture, A",Drama,0,0,0,0,0,0,0,0,1,0,0,0,0,0,0,0,0,0,0
1672,Kika,Drama,0,0,0,0,0,0,0,0,1,0,0,0,0,0,0,0,0,0,0
1673,Mirage,"Action,Thriller",0,1,0,0,0,0,0,0,0,0,0,0,0,0,0,0,1,0,0
1674,Mamma Roma,Drama,0,0,0,0,0,0,0,0,1,0,0,0,0,0,0,0,0,0,0
1675,"Sunchaser, The",Drama,0,0,0,0,0,0,0,0,1,0,0,0,0,0,0,0,0,0,0
1676,"War at Home, The",Drama,0,0,0,0,0,0,0,0,1,0,0,0,0,0,0,0,0,0,0
1677,Sweet Nothing,Drama,0,0,0,0,0,0,0,0,1,0,0,0,0,0,0,0,0,0,0
1678,Mat' i syn,Drama,0,0,0,0,0,0,0,0,1,0,0,0,0,0,0,0,0,0,0
1679,B. Monkey,"Romance,Thriller",0,0,0,0,0,0,0,0,0,0,0,0,0,0,1,0,1,0,0
1680,Sliding Doors,"Drama,Romance",0,0,0,0,0,0,0,0,1,0,0,0,0,0,1,0,0,0,0
1681,You So Crazy,Comedy,0,0,0,0,0,1,0,0,0,0,0,0,0,0,0,0,0,0,0
1682,Scream of Stone (Schrei aus Stein),Drama,0,0,0,0,0,0,0,0,1,0,0,0,0,0,0,0,0,0,0
